26-08-16 10:56:14.066 - INFO:   name: train_LF-VSN_1video
  use_tb_logger: True
  model: MIMO-VRN-h
  distortion: sr
  scale: 4
  gpu_ids: [0]
  gop: 3
  num_video: 1
  datasets:[
    train:[
      name: Vimeo90K
      mode: train
      interval_list: [1]
      random_reverse: False
      border_mode: False
      data_path: E:/dataset/vimeo90k/sequences
      txt_path: E:/dataset/vimeo90k/sep_trainlist.txt
      dataroot_LQ: C:\Users\yuson/vimeo90k/vimeo90k_train_LR7frames.lmdb
      cache_keys: Vimeo90K_train_keys.pkl
      num_video: 1
      N_frames: 7
      use_shuffle: True
      n_workers: 24
      batch_size: 4
      GT_size: 144
      LQ_size: 36
      use_flip: True
      use_rot: True
      color: RGB
      phase: train
      scale: 4
      data_type: lmdb
    ]
    val:[
      num_video: 1
      name: Vid4
      mode: test
      data_path: E:/dataset/vimeo90k/sequences
      txt_path: E:/dataset/vimeo90k/sep_testlist.txt
      N_frames: 1
      padding: new_info
      pred_interval: -1
      phase: val
      scale: 4
      data_type: img
    ]
  ]
  network_G:[
    which_model_G:[
      subnet_type: DBNet
    ]
    in_nc: 12
    out_nc: 12
    block_num: [8, 8]
    scale: 4
    init: xavier_group
    block_num_rbm: 8
  ]
  path:[
    pretrain_model_G: None
    models: E:\speculate\LF-VSN-main_12\experiments\train_LF-VSN_1video\models
    strict_load: True
    resume_state: None
    root: E:\speculate\LF-VSN-main_12
    experiments_root: E:\speculate\LF-VSN-main_12\experiments\train_LF-VSN_1video
    training_state: E:\speculate\LF-VSN-main_12\experiments\train_LF-VSN_1video\training_state
    log: E:\speculate\LF-VSN-main_12\experiments\train_LF-VSN_1video
    val_images: E:\speculate\LF-VSN-main_12\experiments\train_LF-VSN_1video\val_images
  ]
  train:[
    lr_G: 0.0001
    beta1: 0.9
    beta2: 0.5
    niter: 500000
    warmup_iter: -1
    lr_scheme: MultiStepLR
    lr_steps: [60000, 120000, 180000, 300000, 360000, 420000]
    lr_gamma: 0.5
    pixel_criterion_forw: l2
    pixel_criterion_back: l1
    manual_seed: 10
    val_freq: 1000.0
    lambda_fit_forw: 64.0
    lambda_rec_back: 1
    lambda_center: 0
    weight_decay_G: 1e-12
    gradient_clipping: 10
  ]
  logger:[
    print_freq: 100
    save_checkpoint_freq: 5000.0
  ]
  is_train: True
  dist: False

26-08-16 10:56:14.277 - INFO: Random seed: 10
26-08-16 10:56:14.361 - INFO: Temporal augmentation interval list: [1], with random reverse is False.
26-08-16 10:56:14.397 - INFO: Dataset [Vimeo90KDataset - Vimeo90K] is created.
26-08-16 10:56:14.397 - INFO: Number of train images: 64,612, iters: 16,153
26-08-16 10:56:14.398 - INFO: Total epochs needed: 31 for iters 500,000
26-08-16 10:56:14.406 - INFO: Dataset [VideoTestDataset - Vid4] is created.
26-08-16 10:56:14.407 - INFO: Number of val images in [Vid4]: 100
26-08-16 10:56:19.042 - INFO: Network G structure: DataParallel - VSN, with parameters: 8,069,996
26-08-16 10:56:19.042 - INFO: VSN(
  (irn): InvNN(
    (operations): ModuleList(
      (0-15): 16 x InvBlock(
        (F): DenseBlock(
          (MSFE): MSFE(
            (conv_in): Conv2d(36, 54, kernel_size=(1, 1), stride=(1, 1))
            (dw_s): Conv2d(54, 54, kernel_size=(3, 3), stride=(1, 1), padding=(1, 1), groups=54)
            (dw_m): Conv2d(54, 54, kernel_size=(5, 5), stride=(1, 1), padding=(6, 6), dilation=(3, 3), groups=54)
            (dw_l): Conv2d(54, 54, kernel_size=(7, 7), stride=(1, 1), padding=(9, 9), dilation=(3, 3), groups=54)
            (fusion): Conv2d(162, 36, kernel_size=(1, 1), stride=(1, 1))
            (act): LeakyReLU(negative_slope=0.2, inplace=True)
          )
          (conv1): Conv2d(36, 32, kernel_size=(3, 3), stride=(1, 1), padding=(1, 1))
          (conv2): Conv2d(68, 32, kernel_size=(3, 3), stride=(1, 1), padding=(1, 1))
          (conv3): Conv2d(100, 32, kernel_size=(3, 3), stride=(1, 1), padding=(1, 1))
          (conv4): Conv2d(132, 32, kernel_size=(3, 3), stride=(1, 1), padding=(1, 1))
          (conv5): Conv2d(164, 36, kernel_size=(3, 3), stride=(1, 1), padding=(1, 1))
          (lrelu): LeakyReLU(negative_slope=0.2, inplace=True)
          (ca): EfficientChannelAttention(
            (avg_pool): AdaptiveAvgPool2d(output_size=(1, 1))
            (max_pool): AdaptiveMaxPool2d(output_size=(1, 1))
            (fc): Sequential(
              (0): Conv2d(36, 9, kernel_size=(1, 1), stride=(1, 1), bias=False)
              (1): ReLU(inplace=True)
              (2): Conv2d(9, 36, kernel_size=(1, 1), stride=(1, 1), bias=False)
            )
            (sigmoid): Sigmoid()
          )
        )
        (G): DenseBlock_v3(
          (MSFE): MSFE(
            (conv_in): Conv2d(36, 54, kernel_size=(1, 1), stride=(1, 1))
            (dw_s): Conv2d(54, 54, kernel_size=(3, 3), stride=(1, 1), padding=(1, 1), groups=54)
            (dw_m): Conv2d(54, 54, kernel_size=(5, 5), stride=(1, 1), padding=(6, 6), dilation=(3, 3), groups=54)
            (dw_l): Conv2d(54, 54, kernel_size=(7, 7), stride=(1, 1), padding=(9, 9), dilation=(3, 3), groups=54)
            (fusion): Conv2d(162, 36, kernel_size=(1, 1), stride=(1, 1))
            (act): LeakyReLU(negative_slope=0.2, inplace=True)
          )
          (conv1): Conv2d(36, 32, kernel_size=(3, 3), stride=(1, 1), padding=(1, 1))
          (conv2): Conv2d(68, 32, kernel_size=(3, 3), stride=(1, 1), padding=(1, 1))
          (conv3): Conv2d(100, 32, kernel_size=(3, 3), stride=(1, 1), padding=(1, 1))
          (conv4): Conv2d(132, 32, kernel_size=(3, 3), stride=(1, 1), padding=(1, 1))
          (conv5): Conv2d(164, 36, kernel_size=(3, 3), stride=(1, 1), padding=(1, 1))
          (lrelu): LeakyReLU(negative_slope=0.2, inplace=True)
          (ca): EfficientChannelAttention(
            (avg_pool): AdaptiveAvgPool2d(output_size=(1, 1))
            (max_pool): AdaptiveMaxPool2d(output_size=(1, 1))
            (fc): Sequential(
              (0): Conv2d(36, 9, kernel_size=(1, 1), stride=(1, 1), bias=False)
              (1): ReLU(inplace=True)
              (2): Conv2d(9, 36, kernel_size=(1, 1), stride=(1, 1), bias=False)
            )
            (sigmoid): Sigmoid()
          )
        )
        (H): DenseBlock_v2(
          (MSFE): MSFE(
            (conv_in): Conv2d(36, 54, kernel_size=(1, 1), stride=(1, 1))
            (dw_s): Conv2d(54, 54, kernel_size=(3, 3), stride=(1, 1), padding=(1, 1), groups=54)
            (dw_m): Conv2d(54, 54, kernel_size=(5, 5), stride=(1, 1), padding=(6, 6), dilation=(3, 3), groups=54)
            (dw_l): Conv2d(54, 54, kernel_size=(7, 7), stride=(1, 1), padding=(9, 9), dilation=(3, 3), groups=54)
            (fusion): Conv2d(162, 36, kernel_size=(1, 1), stride=(1, 1))
            (act): LeakyReLU(negative_slope=0.2, inplace=True)
          )
          (conv1): Conv2d(36, 32, kernel_size=(3, 3), stride=(1, 1), padding=(1, 1))
          (conv2): Conv2d(68, 32, kernel_size=(3, 3), stride=(1, 1), padding=(1, 1))
          (conv3): Conv2d(100, 32, kernel_size=(3, 3), stride=(1, 1), padding=(1, 1))
          (conv4): Conv2d(132, 32, kernel_size=(3, 3), stride=(1, 1), padding=(1, 1))
          (conv5): Conv2d(164, 36, kernel_size=(3, 3), stride=(1, 1), padding=(1, 1))
          (lrelu): LeakyReLU(negative_slope=0.2, inplace=True)
          (sa): StaticalAttention(
            (dwconv): Conv2d(36, 36, kernel_size=(3, 3), stride=(1, 1), padding=(1, 1), groups=36)
            (dw_dconv): Conv2d(36, 36, kernel_size=(3, 3), stride=(1, 1), padding=(3, 3), dilation=(3, 3), groups=36)
            (conv1x1): Conv2d(36, 36, kernel_size=(1, 1), stride=(1, 1))
            (sigmoid): Sigmoid()
          )
        )
      )
    )
  )
  (pm): LightSimpleGateUNet(
    (preprocess): Sequential(
      (0): Conv2d(36, 36, kernel_size=(3, 3), stride=(1, 1), padding=(1, 1))
      (1): LeakyReLU(negative_slope=0.2, inplace=True)
    )
    (conv_down1): Sequential(
      (0): Conv2d(36, 64, kernel_size=(3, 3), stride=(2, 2), padding=(1, 1))
      (1): LeakyReLU(negative_slope=0.2, inplace=True)
    )
    (conv_down2): Sequential(
      (0): Conv2d(64, 128, kernel_size=(3, 3), stride=(2, 2), padding=(1, 1))
      (1): LeakyReLU(negative_slope=0.2, inplace=True)
    )
    (deconv_up1): Sequential(
      (0): ConvTranspose2d(128, 64, kernel_size=(3, 3), stride=(2, 2), padding=(1, 1), output_padding=(1, 1))
      (1): LeakyReLU(negative_slope=0.2, inplace=True)
    )
    (deconv_up2): Sequential(
      (0): ConvTranspose2d(64, 36, kernel_size=(3, 3), stride=(2, 2), padding=(1, 1), output_padding=(1, 1))
      (1): LeakyReLU(negative_slope=0.2, inplace=True)
    )
    (postprocess): Sequential(
      (0): Conv2d(36, 36, kernel_size=(3, 3), stride=(1, 1), padding=(1, 1))
    )
  )
)
26-08-16 10:56:19.047 - INFO: Model [Model_VSN] is created.
26-08-16 10:56:19.047 - INFO: Start training from epoch: 0, iter: 0
26-08-16 10:58:24.008 - INFO: <epoch:  0, iter:     100, lr:1.000e-04> l_back_rec: 4.7216e+03 l_forw_fit: 1.6642e+04 l_mi: 1.0000e+00 l_h: 2.1120e+05 
26-08-16 10:59:16.191 - INFO: <epoch:  0, iter:     200, lr:1.000e-04> l_back_rec: 3.5633e+03 l_forw_fit: 8.1445e+03 l_mi: 1.0000e+00 l_h: 1.3512e+05 
26-08-16 11:00:06.837 - INFO: <epoch:  0, iter:     300, lr:1.000e-04> l_back_rec: 2.4639e+03 l_forw_fit: 7.0465e+03 l_mi: 1.0000e+00 l_h: 7.8079e+04 
26-08-16 11:00:56.333 - INFO: <epoch:  0, iter:     400, lr:1.000e-04> l_back_rec: 3.3656e+03 l_forw_fit: 5.2320e+03 l_mi: 1.0000e+00 l_h: 6.4987e+04 
26-08-16 11:01:46.477 - INFO: <epoch:  0, iter:     500, lr:1.000e-04> l_back_rec: 1.9636e+03 l_forw_fit: 2.9353e+03 l_mi: 1.0000e+00 l_h: 4.1094e+04 
26-08-16 11:02:36.155 - INFO: <epoch:  0, iter:     600, lr:1.000e-04> l_back_rec: 1.8781e+03 l_forw_fit: 4.8634e+03 l_mi: 1.0000e+00 l_h: 4.3493e+04 
26-08-16 11:03:24.305 - INFO: <epoch:  0, iter:     700, lr:1.000e-04> l_back_rec: 2.3091e+03 l_forw_fit: 3.8642e+03 l_mi: 1.0000e+00 l_h: 7.1651e+04 
26-08-16 11:04:11.667 - INFO: <epoch:  0, iter:     800, lr:1.000e-04> l_back_rec: 1.3010e+03 l_forw_fit: 3.5125e+03 l_mi: 1.0000e+00 l_h: 4.4743e+04 
26-08-16 11:04:56.548 - INFO: <epoch:  0, iter:     900, lr:1.000e-04> l_back_rec: 2.5800e+03 l_forw_fit: 3.9916e+03 l_mi: 1.0000e+00 l_h: 6.2696e+04 
26-08-16 11:05:42.221 - INFO: <epoch:  0, iter:   1,000, lr:1.000e-04> l_back_rec: 1.2345e+04 l_forw_fit: 2.8217e+05 l_mi: 1.0000e+00 l_h: 4.0877e+05 
26-08-16 11:06:19.498 - INFO: # Validation # PSNR_Cover: 1.7762e+01, PSNR_Secret: 1.0985e+01, PSNR_Stego: 1.7413e+01
26-08-16 11:07:05.269 - INFO: <epoch:  0, iter:   1,100, lr:1.000e-04> l_back_rec: 9.5223e+03 l_forw_fit: 1.1908e+04 l_mi: 1.0000e+00 l_h: 1.0714e+05 
26-08-16 11:07:50.734 - INFO: <epoch:  0, iter:   1,200, lr:1.000e-04> l_back_rec: 2.1684e+03 l_forw_fit: 3.1831e+03 l_mi: 1.0000e+00 l_h: 4.2442e+04 
26-08-16 11:08:36.646 - INFO: <epoch:  0, iter:   1,300, lr:1.000e-04> l_back_rec: 6.3800e+03 l_forw_fit: 8.5625e+03 l_mi: 1.0000e+00 l_h: 1.0293e+05 
26-08-16 11:09:22.820 - INFO: <epoch:  0, iter:   1,400, lr:1.000e-04> l_back_rec: 1.3609e+04 l_forw_fit: 1.0989e+04 l_mi: 1.0000e+00 l_h: 2.0707e+05 
26-08-16 11:10:08.866 - INFO: <epoch:  0, iter:   1,500, lr:1.000e-04> l_back_rec: 3.6159e+03 l_forw_fit: 3.8722e+03 l_mi: 1.0000e+00 l_h: 9.4666e+04 
26-08-16 11:10:54.841 - INFO: <epoch:  0, iter:   1,600, lr:1.000e-04> l_back_rec: 3.7728e+03 l_forw_fit: 6.0274e+03 l_mi: 1.0000e+00 l_h: 7.8704e+04 
26-08-16 11:11:40.945 - INFO: <epoch:  0, iter:   1,700, lr:1.000e-04> l_back_rec: 1.7911e+03 l_forw_fit: 2.5750e+03 l_mi: 1.0000e+00 l_h: 4.1940e+04 
26-08-16 11:12:26.835 - INFO: <epoch:  0, iter:   1,800, lr:1.000e-04> l_back_rec: 2.1396e+03 l_forw_fit: 2.9143e+03 l_mi: 1.0000e+00 l_h: 5.0794e+04 
26-08-16 11:13:12.940 - INFO: <epoch:  0, iter:   1,900, lr:1.000e-04> l_back_rec: 1.6519e+03 l_forw_fit: 2.6292e+03 l_mi: 1.0000e+00 l_h: 3.9403e+04 
26-08-16 11:13:58.938 - INFO: <epoch:  0, iter:   2,000, lr:1.000e-04> l_back_rec: 1.7170e+03 l_forw_fit: 2.6509e+03 l_mi: 1.0000e+00 l_h: 4.1572e+04 
26-08-16 11:14:34.652 - INFO: # Validation # PSNR_Cover: 3.8259e+01, PSNR_Secret: 3.0554e+01, PSNR_Stego: 3.7020e+01
26-08-16 11:15:20.694 - INFO: <epoch:  0, iter:   2,100, lr:1.000e-04> l_back_rec: 2.1105e+03 l_forw_fit: 2.7390e+03 l_mi: 1.0000e+00 l_h: 3.6084e+04 
26-08-16 11:16:06.558 - INFO: <epoch:  0, iter:   2,200, lr:1.000e-04> l_back_rec: 1.5125e+03 l_forw_fit: 1.7282e+03 l_mi: 1.0000e+00 l_h: 3.1598e+04 
26-08-16 11:16:52.446 - INFO: <epoch:  0, iter:   2,300, lr:1.000e-04> l_back_rec: 1.5503e+03 l_forw_fit: 3.0697e+03 l_mi: 1.0000e+00 l_h: 3.1151e+04 
26-08-16 11:17:38.547 - INFO: <epoch:  0, iter:   2,400, lr:1.000e-04> l_back_rec: 1.3446e+03 l_forw_fit: 1.6797e+03 l_mi: 1.0000e+00 l_h: 2.9761e+04 
26-08-16 11:18:24.593 - INFO: <epoch:  0, iter:   2,500, lr:1.000e-04> l_back_rec: 1.5620e+03 l_forw_fit: 2.5127e+03 l_mi: 1.0000e+00 l_h: 3.5030e+04 
26-08-16 11:19:10.804 - INFO: <epoch:  0, iter:   2,600, lr:1.000e-04> l_back_rec: 1.5270e+03 l_forw_fit: 2.8645e+03 l_mi: 1.0000e+00 l_h: 2.6364e+04 
26-08-16 11:19:56.732 - INFO: <epoch:  0, iter:   2,700, lr:1.000e-04> l_back_rec: 1.5366e+03 l_forw_fit: 3.4169e+03 l_mi: 1.0000e+00 l_h: 3.6899e+04 
26-08-16 11:20:42.909 - INFO: <epoch:  0, iter:   2,800, lr:1.000e-04> l_back_rec: 1.7637e+03 l_forw_fit: 4.2489e+03 l_mi: 1.0000e+00 l_h: 5.9122e+04 
26-08-16 11:21:29.062 - INFO: <epoch:  0, iter:   2,900, lr:1.000e-04> l_back_rec: 1.7978e+03 l_forw_fit: 1.8171e+03 l_mi: 1.0000e+00 l_h: 2.1253e+04 
26-08-16 11:22:15.179 - INFO: <epoch:  0, iter:   3,000, lr:1.000e-04> l_back_rec: 1.4596e+03 l_forw_fit: 2.0205e+03 l_mi: 1.0000e+00 l_h: 2.7353e+04 
26-08-16 11:22:50.995 - INFO: # Validation # PSNR_Cover: 4.0857e+01, PSNR_Secret: 3.4752e+01, PSNR_Stego: 3.8555e+01
26-08-16 11:23:37.025 - INFO: <epoch:  0, iter:   3,100, lr:1.000e-04> l_back_rec: 1.8953e+03 l_forw_fit: 4.3708e+03 l_mi: 1.0000e+00 l_h: 1.0145e+05 
26-08-16 11:24:23.094 - INFO: <epoch:  0, iter:   3,200, lr:1.000e-04> l_back_rec: 1.4248e+03 l_forw_fit: 1.3943e+03 l_mi: 1.0000e+00 l_h: 3.0186e+04 
26-08-16 11:25:09.338 - INFO: <epoch:  0, iter:   3,300, lr:1.000e-04> l_back_rec: 1.1367e+03 l_forw_fit: 1.4418e+03 l_mi: 1.0000e+00 l_h: 2.1642e+04 
26-08-16 11:25:55.512 - INFO: <epoch:  0, iter:   3,400, lr:1.000e-04> l_back_rec: 1.1436e+03 l_forw_fit: 1.1862e+03 l_mi: 1.0000e+00 l_h: 2.7097e+04 
26-08-16 11:26:41.794 - INFO: <epoch:  0, iter:   3,500, lr:1.000e-04> l_back_rec: 1.2355e+03 l_forw_fit: 1.6527e+03 l_mi: 1.0000e+00 l_h: 1.8048e+04 
26-08-16 11:27:28.933 - INFO: <epoch:  0, iter:   3,600, lr:1.000e-04> l_back_rec: 1.1772e+03 l_forw_fit: 1.9768e+03 l_mi: 1.0000e+00 l_h: 2.9561e+04 
26-08-16 11:28:14.817 - INFO: <epoch:  0, iter:   3,700, lr:1.000e-04> l_back_rec: 9.9916e+02 l_forw_fit: 1.1379e+03 l_mi: 1.0000e+00 l_h: 2.3442e+04 
26-08-16 11:29:02.958 - INFO: <epoch:  0, iter:   3,800, lr:1.000e-04> l_back_rec: 1.3445e+03 l_forw_fit: 2.0745e+03 l_mi: 1.0000e+00 l_h: 2.0453e+04 
26-08-16 11:29:51.714 - INFO: <epoch:  0, iter:   3,900, lr:1.000e-04> l_back_rec: 1.1825e+03 l_forw_fit: 2.6031e+03 l_mi: 1.0000e+00 l_h: 2.6495e+04 
26-08-16 11:30:40.519 - INFO: <epoch:  0, iter:   4,000, lr:1.000e-04> l_back_rec: 8.2027e+02 l_forw_fit: 7.4589e+02 l_mi: 1.0000e+00 l_h: 1.2479e+04 
26-08-16 11:31:16.785 - INFO: # Validation # PSNR_Cover: 4.2969e+01, PSNR_Secret: 3.6830e+01, PSNR_Stego: 4.0205e+01
26-08-16 11:32:06.462 - INFO: <epoch:  0, iter:   4,100, lr:1.000e-04> l_back_rec: 1.2932e+03 l_forw_fit: 2.0426e+03 l_mi: 1.0000e+00 l_h: 3.1236e+04 
26-08-16 11:32:55.694 - INFO: <epoch:  0, iter:   4,200, lr:1.000e-04> l_back_rec: 9.9111e+02 l_forw_fit: 1.4303e+03 l_mi: 1.0000e+00 l_h: 1.5566e+04 
26-08-16 11:33:44.830 - INFO: <epoch:  0, iter:   4,300, lr:1.000e-04> l_back_rec: 9.7944e+02 l_forw_fit: 1.0943e+03 l_mi: 1.0000e+00 l_h: 1.8330e+04 
26-08-16 11:34:32.274 - INFO: <epoch:  0, iter:   4,400, lr:1.000e-04> l_back_rec: 1.1746e+03 l_forw_fit: 1.4355e+03 l_mi: 1.0000e+00 l_h: 2.3985e+04 
26-08-16 11:35:17.596 - INFO: <epoch:  0, iter:   4,500, lr:1.000e-04> l_back_rec: 9.9102e+02 l_forw_fit: 1.2362e+03 l_mi: 1.0000e+00 l_h: 1.9159e+04 
26-08-16 11:36:06.007 - INFO: <epoch:  0, iter:   4,600, lr:1.000e-04> l_back_rec: 1.0066e+03 l_forw_fit: 1.2103e+03 l_mi: 1.0000e+00 l_h: 1.9371e+04 
26-08-16 11:36:54.746 - INFO: <epoch:  0, iter:   4,700, lr:1.000e-04> l_back_rec: 1.1753e+03 l_forw_fit: 1.2906e+03 l_mi: 1.0000e+00 l_h: 1.8384e+04 
26-08-16 11:37:42.847 - INFO: <epoch:  0, iter:   4,800, lr:1.000e-04> l_back_rec: 9.7642e+02 l_forw_fit: 1.2071e+03 l_mi: 1.0000e+00 l_h: 1.8455e+04 
26-08-16 11:38:31.086 - INFO: <epoch:  0, iter:   4,900, lr:1.000e-04> l_back_rec: 1.5164e+03 l_forw_fit: 2.3246e+03 l_mi: 1.0000e+00 l_h: 2.5227e+04 
26-08-16 11:39:20.194 - INFO: <epoch:  0, iter:   5,000, lr:1.000e-04> l_back_rec: 1.2017e+03 l_forw_fit: 2.0079e+03 l_mi: 1.0000e+00 l_h: 2.3759e+04 
26-08-16 11:39:59.291 - INFO: # Validation # PSNR_Cover: 4.2534e+01, PSNR_Secret: 3.6816e+01, PSNR_Stego: 3.9753e+01
26-08-16 11:39:59.291 - INFO: Saving models and training states.
26-08-16 11:40:52.474 - INFO: <epoch:  0, iter:   5,100, lr:1.000e-04> l_back_rec: 1.0174e+03 l_forw_fit: 1.2977e+03 l_mi: 1.0000e+00 l_h: 1.6068e+04 
26-08-16 11:41:45.108 - INFO: <epoch:  0, iter:   5,200, lr:1.000e-04> l_back_rec: 1.1512e+03 l_forw_fit: 1.7767e+03 l_mi: 1.0000e+00 l_h: 2.0642e+04 
26-08-16 11:42:37.613 - INFO: <epoch:  0, iter:   5,300, lr:1.000e-04> l_back_rec: 9.9945e+02 l_forw_fit: 1.7488e+03 l_mi: 1.0000e+00 l_h: 2.2817e+04 
26-08-16 11:43:29.846 - INFO: <epoch:  0, iter:   5,400, lr:1.000e-04> l_back_rec: 1.0647e+03 l_forw_fit: 1.3815e+03 l_mi: 1.0000e+00 l_h: 1.6257e+04 
26-08-16 11:44:22.139 - INFO: <epoch:  0, iter:   5,500, lr:1.000e-04> l_back_rec: 8.7921e+02 l_forw_fit: 9.3086e+02 l_mi: 1.0000e+00 l_h: 1.4376e+04 
26-08-16 11:45:14.860 - INFO: <epoch:  0, iter:   5,600, lr:1.000e-04> l_back_rec: 1.2667e+03 l_forw_fit: 1.7453e+03 l_mi: 1.0000e+00 l_h: 2.4676e+04 
26-08-16 11:46:07.029 - INFO: <epoch:  0, iter:   5,700, lr:1.000e-04> l_back_rec: 9.6517e+02 l_forw_fit: 9.7960e+02 l_mi: 1.0000e+00 l_h: 1.6472e+04 
26-08-16 11:46:59.893 - INFO: <epoch:  0, iter:   5,800, lr:1.000e-04> l_back_rec: 8.9127e+02 l_forw_fit: 1.8207e+03 l_mi: 1.0000e+00 l_h: 2.2081e+04 
26-08-16 11:47:50.957 - INFO: <epoch:  0, iter:   5,900, lr:1.000e-04> l_back_rec: 8.3458e+02 l_forw_fit: 6.9673e+02 l_mi: 1.0000e+00 l_h: 1.3762e+04 
26-08-16 11:48:41.439 - INFO: <epoch:  0, iter:   6,000, lr:1.000e-04> l_back_rec: 1.0824e+03 l_forw_fit: 1.8757e+03 l_mi: 1.0000e+00 l_h: 2.6053e+04 
26-08-16 11:49:19.742 - INFO: # Validation # PSNR_Cover: 4.2701e+01, PSNR_Secret: 3.6791e+01, PSNR_Stego: 3.9880e+01
26-08-16 11:50:10.361 - INFO: <epoch:  0, iter:   6,100, lr:1.000e-04> l_back_rec: 1.1183e+03 l_forw_fit: 1.3417e+03 l_mi: 1.0000e+00 l_h: 2.0850e+04 
26-08-16 11:51:00.761 - INFO: <epoch:  0, iter:   6,200, lr:1.000e-04> l_back_rec: 8.9085e+02 l_forw_fit: 1.5345e+03 l_mi: 1.0000e+00 l_h: 1.6373e+04 
26-08-16 11:51:51.063 - INFO: <epoch:  0, iter:   6,300, lr:1.000e-04> l_back_rec: 8.1099e+02 l_forw_fit: 1.0871e+03 l_mi: 1.0000e+00 l_h: 1.1172e+04 
26-08-16 11:52:41.937 - INFO: <epoch:  0, iter:   6,400, lr:1.000e-04> l_back_rec: 9.3004e+02 l_forw_fit: 1.5048e+03 l_mi: 1.0000e+00 l_h: 1.4920e+04 
26-08-16 11:53:31.616 - INFO: <epoch:  0, iter:   6,500, lr:1.000e-04> l_back_rec: 1.2930e+03 l_forw_fit: 3.0449e+03 l_mi: 1.0000e+00 l_h: 2.8006e+04 
26-08-16 11:54:22.021 - INFO: <epoch:  0, iter:   6,600, lr:1.000e-04> l_back_rec: 8.7956e+02 l_forw_fit: 1.5439e+03 l_mi: 1.0000e+00 l_h: 1.9497e+04 
26-08-16 11:55:10.890 - INFO: <epoch:  0, iter:   6,700, lr:1.000e-04> l_back_rec: 8.5773e+02 l_forw_fit: 9.2197e+02 l_mi: 1.0000e+00 l_h: 1.3984e+04 
26-08-16 11:56:01.194 - INFO: <epoch:  0, iter:   6,800, lr:1.000e-04> l_back_rec: 8.6177e+02 l_forw_fit: 1.0941e+03 l_mi: 1.0000e+00 l_h: 1.8475e+04 
26-08-16 11:56:52.017 - INFO: <epoch:  0, iter:   6,900, lr:1.000e-04> l_back_rec: 9.8059e+02 l_forw_fit: 2.0298e+03 l_mi: 1.0000e+00 l_h: 1.9853e+04 
26-08-16 11:57:42.978 - INFO: <epoch:  0, iter:   7,000, lr:1.000e-04> l_back_rec: 8.1484e+02 l_forw_fit: 1.3078e+03 l_mi: 1.0000e+00 l_h: 1.5251e+04 
26-08-16 11:58:20.668 - INFO: # Validation # PSNR_Cover: 4.4297e+01, PSNR_Secret: 3.9323e+01, PSNR_Stego: 4.0352e+01
26-08-16 11:59:07.414 - INFO: <epoch:  0, iter:   7,100, lr:1.000e-04> l_back_rec: 1.0115e+03 l_forw_fit: 1.6467e+03 l_mi: 1.0000e+00 l_h: 1.5396e+04 
26-08-16 11:59:52.952 - INFO: <epoch:  0, iter:   7,200, lr:1.000e-04> l_back_rec: 1.0444e+03 l_forw_fit: 1.9095e+03 l_mi: 1.0000e+00 l_h: 1.9708e+04 
26-08-16 12:00:38.852 - INFO: <epoch:  0, iter:   7,300, lr:1.000e-04> l_back_rec: 1.0413e+03 l_forw_fit: 1.7284e+03 l_mi: 1.0000e+00 l_h: 2.3035e+04 
26-08-16 12:01:24.309 - INFO: <epoch:  0, iter:   7,400, lr:1.000e-04> l_back_rec: 9.0527e+02 l_forw_fit: 1.2470e+03 l_mi: 1.0000e+00 l_h: 1.5735e+04 
26-08-16 12:02:13.021 - INFO: <epoch:  0, iter:   7,500, lr:1.000e-04> l_back_rec: 1.0490e+03 l_forw_fit: 1.1379e+03 l_mi: 1.0000e+00 l_h: 1.6280e+04 
26-08-16 12:03:01.010 - INFO: <epoch:  0, iter:   7,600, lr:1.000e-04> l_back_rec: 9.7992e+02 l_forw_fit: 1.4181e+03 l_mi: 1.0000e+00 l_h: 1.4727e+04 
26-08-16 12:03:48.703 - INFO: <epoch:  0, iter:   7,700, lr:1.000e-04> l_back_rec: 1.1535e+03 l_forw_fit: 2.1671e+03 l_mi: 1.0000e+00 l_h: 1.7246e+04 
26-08-16 12:04:37.006 - INFO: <epoch:  0, iter:   7,800, lr:1.000e-04> l_back_rec: 9.5191e+02 l_forw_fit: 1.5151e+03 l_mi: 1.0000e+00 l_h: 1.4299e+04 
26-08-16 12:05:26.170 - INFO: <epoch:  0, iter:   7,900, lr:1.000e-04> l_back_rec: 1.0636e+03 l_forw_fit: 1.3336e+03 l_mi: 1.0000e+00 l_h: 2.2534e+04 
26-08-16 12:06:15.069 - INFO: <epoch:  0, iter:   8,000, lr:1.000e-04> l_back_rec: 1.1167e+03 l_forw_fit: 1.3012e+03 l_mi: 1.0000e+00 l_h: 1.6279e+04 
26-08-16 12:06:53.023 - INFO: # Validation # PSNR_Cover: 4.3319e+01, PSNR_Secret: 3.9001e+01, PSNR_Stego: 4.0178e+01
26-08-16 12:07:42.408 - INFO: <epoch:  0, iter:   8,100, lr:1.000e-04> l_back_rec: 7.9644e+02 l_forw_fit: 1.3202e+03 l_mi: 1.0000e+00 l_h: 1.3666e+04 
26-08-16 12:08:31.472 - INFO: <epoch:  0, iter:   8,200, lr:1.000e-04> l_back_rec: 9.1230e+02 l_forw_fit: 1.0519e+03 l_mi: 1.0000e+00 l_h: 1.3654e+04 
26-08-16 12:09:19.205 - INFO: <epoch:  0, iter:   8,300, lr:1.000e-04> l_back_rec: 8.4709e+02 l_forw_fit: 1.3427e+03 l_mi: 1.0000e+00 l_h: 1.7802e+04 
26-08-16 12:10:09.048 - INFO: <epoch:  0, iter:   8,400, lr:1.000e-04> l_back_rec: 1.0646e+03 l_forw_fit: 1.8762e+03 l_mi: 1.0000e+00 l_h: 1.6645e+04 
26-08-16 12:10:59.266 - INFO: <epoch:  0, iter:   8,500, lr:1.000e-04> l_back_rec: 1.0839e+03 l_forw_fit: 2.4784e+03 l_mi: 1.0000e+00 l_h: 1.9361e+04 
26-08-16 12:11:49.112 - INFO: <epoch:  0, iter:   8,600, lr:1.000e-04> l_back_rec: 9.1915e+02 l_forw_fit: 9.8013e+02 l_mi: 1.0000e+00 l_h: 1.6662e+04 
26-08-16 12:12:37.975 - INFO: <epoch:  0, iter:   8,700, lr:1.000e-04> l_back_rec: 1.0320e+03 l_forw_fit: 1.1604e+03 l_mi: 1.0000e+00 l_h: 2.1624e+04 
26-08-16 12:13:27.922 - INFO: <epoch:  0, iter:   8,800, lr:1.000e-04> l_back_rec: 1.0073e+03 l_forw_fit: 1.9418e+03 l_mi: 1.0000e+00 l_h: 1.1095e+04 
26-08-16 12:14:18.686 - INFO: <epoch:  0, iter:   8,900, lr:1.000e-04> l_back_rec: 8.3074e+02 l_forw_fit: 1.6511e+03 l_mi: 1.0000e+00 l_h: 1.7280e+04 
26-08-16 12:15:09.058 - INFO: <epoch:  0, iter:   9,000, lr:1.000e-04> l_back_rec: 6.9949e+02 l_forw_fit: 7.0214e+02 l_mi: 1.0000e+00 l_h: 9.8434e+03 
26-08-16 12:15:46.950 - INFO: # Validation # PSNR_Cover: 4.4307e+01, PSNR_Secret: 3.9393e+01, PSNR_Stego: 4.1045e+01
26-08-16 12:16:35.896 - INFO: <epoch:  0, iter:   9,100, lr:1.000e-04> l_back_rec: 1.3098e+03 l_forw_fit: 2.1174e+03 l_mi: 1.0000e+00 l_h: 5.2785e+04 
26-08-16 12:17:24.867 - INFO: <epoch:  0, iter:   9,200, lr:1.000e-04> l_back_rec: 9.9064e+02 l_forw_fit: 1.2842e+03 l_mi: 1.0000e+00 l_h: 1.4308e+04 
26-08-16 12:18:16.764 - INFO: <epoch:  0, iter:   9,300, lr:1.000e-04> l_back_rec: 7.8590e+02 l_forw_fit: 8.5893e+02 l_mi: 1.0000e+00 l_h: 1.2250e+04 
26-08-16 12:19:09.387 - INFO: <epoch:  0, iter:   9,400, lr:1.000e-04> l_back_rec: 8.7120e+02 l_forw_fit: 1.2975e+03 l_mi: 1.0000e+00 l_h: 1.2100e+04 
26-08-16 12:20:01.598 - INFO: <epoch:  0, iter:   9,500, lr:1.000e-04> l_back_rec: 8.7171e+02 l_forw_fit: 1.0649e+03 l_mi: 1.0000e+00 l_h: 1.1778e+04 
26-08-16 12:20:52.582 - INFO: <epoch:  0, iter:   9,600, lr:1.000e-04> l_back_rec: 9.7746e+02 l_forw_fit: 1.5230e+03 l_mi: 1.0000e+00 l_h: 3.1910e+04 
26-08-16 12:21:45.437 - INFO: <epoch:  0, iter:   9,700, lr:1.000e-04> l_back_rec: 9.9587e+02 l_forw_fit: 1.3265e+03 l_mi: 1.0000e+00 l_h: 1.5808e+04 
26-08-16 12:22:37.897 - INFO: <epoch:  0, iter:   9,800, lr:1.000e-04> l_back_rec: 8.0925e+02 l_forw_fit: 1.1030e+03 l_mi: 1.0000e+00 l_h: 1.8898e+04 
26-08-16 12:23:30.425 - INFO: <epoch:  0, iter:   9,900, lr:1.000e-04> l_back_rec: 7.4688e+02 l_forw_fit: 9.3612e+02 l_mi: 1.0000e+00 l_h: 1.1222e+04 
26-08-16 12:24:23.273 - INFO: <epoch:  0, iter:  10,000, lr:1.000e-04> l_back_rec: 9.8138e+02 l_forw_fit: 2.0322e+03 l_mi: 1.0000e+00 l_h: 1.4862e+04 
26-08-16 12:25:02.474 - INFO: # Validation # PSNR_Cover: 4.4429e+01, PSNR_Secret: 4.0180e+01, PSNR_Stego: 4.0459e+01
26-08-16 12:25:02.475 - INFO: Saving models and training states.
26-08-16 12:25:55.359 - INFO: <epoch:  0, iter:  10,100, lr:1.000e-04> l_back_rec: 1.1500e+03 l_forw_fit: 2.0739e+03 l_mi: 1.0000e+00 l_h: 2.8481e+04 
26-08-16 12:26:47.972 - INFO: <epoch:  0, iter:  10,200, lr:1.000e-04> l_back_rec: 9.2335e+02 l_forw_fit: 1.5121e+03 l_mi: 1.0000e+00 l_h: 1.6147e+04 
26-08-16 12:27:40.330 - INFO: <epoch:  0, iter:  10,300, lr:1.000e-04> l_back_rec: 9.2944e+02 l_forw_fit: 9.6182e+02 l_mi: 1.0000e+00 l_h: 1.4256e+04 
26-08-16 12:28:32.442 - INFO: <epoch:  0, iter:  10,400, lr:1.000e-04> l_back_rec: 8.3073e+02 l_forw_fit: 8.8422e+02 l_mi: 1.0000e+00 l_h: 1.1871e+04 
26-08-16 12:29:25.085 - INFO: <epoch:  0, iter:  10,500, lr:1.000e-04> l_back_rec: 1.1032e+03 l_forw_fit: 2.6492e+03 l_mi: 1.0000e+00 l_h: 1.8987e+04 
26-08-16 12:30:17.350 - INFO: <epoch:  0, iter:  10,600, lr:1.000e-04> l_back_rec: 1.1027e+03 l_forw_fit: 1.9858e+03 l_mi: 1.0000e+00 l_h: 1.7888e+04 
26-08-16 12:31:10.021 - INFO: <epoch:  0, iter:  10,700, lr:1.000e-04> l_back_rec: 9.1453e+02 l_forw_fit: 2.3725e+03 l_mi: 1.0000e+00 l_h: 1.4004e+04 
26-08-16 12:32:02.265 - INFO: <epoch:  0, iter:  10,800, lr:1.000e-04> l_back_rec: 8.9467e+02 l_forw_fit: 1.1596e+03 l_mi: 1.0000e+00 l_h: 1.3817e+04 
26-08-16 12:32:55.820 - INFO: <epoch:  0, iter:  10,900, lr:1.000e-04> l_back_rec: 9.0649e+02 l_forw_fit: 1.2623e+03 l_mi: 1.0000e+00 l_h: 1.4467e+04 
26-08-16 12:33:47.825 - INFO: <epoch:  0, iter:  11,000, lr:1.000e-04> l_back_rec: 9.9949e+02 l_forw_fit: 1.9755e+03 l_mi: 1.0000e+00 l_h: 2.8808e+04 
26-08-16 12:34:25.786 - INFO: # Validation # PSNR_Cover: 4.4767e+01, PSNR_Secret: 4.0097e+01, PSNR_Stego: 4.0443e+01
26-08-16 12:35:17.953 - INFO: <epoch:  0, iter:  11,100, lr:1.000e-04> l_back_rec: 8.9481e+02 l_forw_fit: 9.7362e+02 l_mi: 1.0000e+00 l_h: 1.4033e+04 
26-08-16 12:36:10.503 - INFO: <epoch:  0, iter:  11,200, lr:1.000e-04> l_back_rec: 8.8151e+02 l_forw_fit: 1.5741e+03 l_mi: 1.0000e+00 l_h: 1.5194e+04 
26-08-16 12:37:02.869 - INFO: <epoch:  0, iter:  11,300, lr:1.000e-04> l_back_rec: 8.7399e+02 l_forw_fit: 1.0111e+03 l_mi: 1.0000e+00 l_h: 1.3315e+04 
26-08-16 12:37:55.359 - INFO: <epoch:  0, iter:  11,400, lr:1.000e-04> l_back_rec: 7.9498e+02 l_forw_fit: 1.0361e+03 l_mi: 1.0000e+00 l_h: 1.2711e+04 
26-08-16 12:38:48.015 - INFO: <epoch:  0, iter:  11,500, lr:1.000e-04> l_back_rec: 1.0670e+03 l_forw_fit: 1.1686e+03 l_mi: 1.0000e+00 l_h: 1.3496e+04 
26-08-16 12:39:40.685 - INFO: <epoch:  0, iter:  11,600, lr:1.000e-04> l_back_rec: 7.3940e+02 l_forw_fit: 8.1242e+02 l_mi: 1.0000e+00 l_h: 1.3025e+04 
26-08-16 12:40:33.017 - INFO: <epoch:  0, iter:  11,700, lr:1.000e-04> l_back_rec: 8.7453e+02 l_forw_fit: 1.5211e+03 l_mi: 1.0000e+00 l_h: 1.9209e+04 
26-08-16 12:41:25.176 - INFO: <epoch:  0, iter:  11,800, lr:1.000e-04> l_back_rec: 9.4762e+02 l_forw_fit: 1.4911e+03 l_mi: 1.0000e+00 l_h: 1.4167e+04 
26-08-16 12:42:18.881 - INFO: <epoch:  0, iter:  11,900, lr:1.000e-04> l_back_rec: 8.7225e+02 l_forw_fit: 1.1168e+03 l_mi: 1.0000e+00 l_h: 1.5244e+04 
26-08-16 12:43:12.547 - INFO: <epoch:  0, iter:  12,000, lr:1.000e-04> l_back_rec: 8.3930e+02 l_forw_fit: 1.0218e+03 l_mi: 1.0000e+00 l_h: 1.4272e+04 
26-08-16 12:43:50.752 - INFO: # Validation # PSNR_Cover: 4.4404e+01, PSNR_Secret: 4.0019e+01, PSNR_Stego: 4.1176e+01
26-08-16 12:44:41.606 - INFO: <epoch:  0, iter:  12,100, lr:1.000e-04> l_back_rec: 7.9867e+02 l_forw_fit: 1.0054e+03 l_mi: 1.0000e+00 l_h: 1.6996e+04 
26-08-16 12:45:32.294 - INFO: <epoch:  0, iter:  12,200, lr:1.000e-04> l_back_rec: 8.7310e+02 l_forw_fit: 8.3287e+02 l_mi: 1.0000e+00 l_h: 1.1857e+04 
26-08-16 12:46:23.330 - INFO: <epoch:  0, iter:  12,300, lr:1.000e-04> l_back_rec: 6.5941e+02 l_forw_fit: 7.6253e+02 l_mi: 1.0000e+00 l_h: 9.7529e+03 
26-08-16 12:47:14.569 - INFO: <epoch:  0, iter:  12,400, lr:1.000e-04> l_back_rec: 9.9583e+02 l_forw_fit: 1.6004e+03 l_mi: 1.0000e+00 l_h: 1.4080e+04 
26-08-16 12:48:05.123 - INFO: <epoch:  0, iter:  12,500, lr:1.000e-04> l_back_rec: 9.1139e+02 l_forw_fit: 1.9143e+03 l_mi: 1.0000e+00 l_h: 1.8569e+04 
26-08-16 12:48:55.465 - INFO: <epoch:  0, iter:  12,600, lr:1.000e-04> l_back_rec: 8.8312e+02 l_forw_fit: 1.2391e+03 l_mi: 1.0000e+00 l_h: 1.2186e+04 
26-08-16 12:49:45.939 - INFO: <epoch:  0, iter:  12,700, lr:1.000e-04> l_back_rec: 8.2233e+02 l_forw_fit: 9.0906e+02 l_mi: 1.0000e+00 l_h: 9.9430e+03 
26-08-16 12:50:36.510 - INFO: <epoch:  0, iter:  12,800, lr:1.000e-04> l_back_rec: 8.1011e+02 l_forw_fit: 1.0175e+03 l_mi: 1.0000e+00 l_h: 1.3649e+04 
26-08-16 12:51:26.798 - INFO: <epoch:  0, iter:  12,900, lr:1.000e-04> l_back_rec: 7.1126e+02 l_forw_fit: 8.7443e+02 l_mi: 1.0000e+00 l_h: 1.1727e+04 
26-08-16 12:52:17.280 - INFO: <epoch:  0, iter:  13,000, lr:1.000e-04> l_back_rec: 6.2350e+02 l_forw_fit: 5.5667e+02 l_mi: 1.0000e+00 l_h: 9.9873e+03 
26-08-16 12:52:55.037 - INFO: # Validation # PSNR_Cover: 4.5748e+01, PSNR_Secret: 4.1025e+01, PSNR_Stego: 4.2028e+01
26-08-16 12:53:45.535 - INFO: <epoch:  0, iter:  13,100, lr:1.000e-04> l_back_rec: 7.9934e+02 l_forw_fit: 1.3018e+03 l_mi: 1.0000e+00 l_h: 1.4233e+04 
26-08-16 12:54:35.080 - INFO: <epoch:  0, iter:  13,200, lr:1.000e-04> l_back_rec: 9.7023e+02 l_forw_fit: 1.8165e+03 l_mi: 1.0000e+00 l_h: 2.3701e+04 
26-08-16 12:55:24.256 - INFO: <epoch:  0, iter:  13,300, lr:1.000e-04> l_back_rec: 8.6320e+02 l_forw_fit: 8.4640e+02 l_mi: 1.0000e+00 l_h: 1.0941e+04 
26-08-16 12:56:13.232 - INFO: <epoch:  0, iter:  13,400, lr:1.000e-04> l_back_rec: 9.7600e+02 l_forw_fit: 1.6839e+03 l_mi: 1.0000e+00 l_h: 1.4988e+04 
26-08-16 12:57:00.291 - INFO: <epoch:  0, iter:  13,500, lr:1.000e-04> l_back_rec: 8.0102e+02 l_forw_fit: 8.1934e+02 l_mi: 1.0000e+00 l_h: 1.2114e+04 
26-08-16 12:57:48.275 - INFO: <epoch:  0, iter:  13,600, lr:1.000e-04> l_back_rec: 7.2857e+02 l_forw_fit: 8.4995e+02 l_mi: 1.0000e+00 l_h: 1.7409e+04 
26-08-16 12:58:36.780 - INFO: <epoch:  0, iter:  13,700, lr:1.000e-04> l_back_rec: 9.5433e+02 l_forw_fit: 1.8519e+03 l_mi: 1.0000e+00 l_h: 1.1936e+04 
26-08-16 12:59:23.999 - INFO: <epoch:  0, iter:  13,800, lr:1.000e-04> l_back_rec: 7.9214e+02 l_forw_fit: 9.5713e+02 l_mi: 1.0000e+00 l_h: 1.1191e+04 
26-08-16 13:00:11.368 - INFO: <epoch:  0, iter:  13,900, lr:1.000e-04> l_back_rec: 8.6402e+02 l_forw_fit: 1.5603e+03 l_mi: 1.0000e+00 l_h: 1.3386e+04 
26-08-16 13:00:58.364 - INFO: <epoch:  0, iter:  14,000, lr:1.000e-04> l_back_rec: 9.1025e+02 l_forw_fit: 1.3198e+03 l_mi: 1.0000e+00 l_h: 1.5549e+04 
26-08-16 13:01:41.648 - INFO: # Validation # PSNR_Cover: 4.5204e+01, PSNR_Secret: 4.1148e+01, PSNR_Stego: 4.1353e+01
26-08-16 13:02:28.776 - INFO: <epoch:  0, iter:  14,100, lr:1.000e-04> l_back_rec: 7.8191e+02 l_forw_fit: 7.8809e+02 l_mi: 1.0000e+00 l_h: 1.3287e+04 
26-08-16 13:03:15.842 - INFO: <epoch:  0, iter:  14,200, lr:1.000e-04> l_back_rec: 7.5105e+02 l_forw_fit: 1.2607e+03 l_mi: 1.0000e+00 l_h: 1.1788e+04 
26-08-16 13:04:02.708 - INFO: <epoch:  0, iter:  14,300, lr:1.000e-04> l_back_rec: 8.4445e+02 l_forw_fit: 1.0294e+03 l_mi: 1.0000e+00 l_h: 1.2610e+04 
26-08-16 13:04:49.805 - INFO: <epoch:  0, iter:  14,400, lr:1.000e-04> l_back_rec: 8.0280e+02 l_forw_fit: 1.1033e+03 l_mi: 1.0000e+00 l_h: 1.1988e+04 
26-08-16 13:05:36.689 - INFO: <epoch:  0, iter:  14,500, lr:1.000e-04> l_back_rec: 1.1242e+03 l_forw_fit: 1.6607e+03 l_mi: 1.0000e+00 l_h: 1.4448e+04 
26-08-16 13:06:23.746 - INFO: <epoch:  0, iter:  14,600, lr:1.000e-04> l_back_rec: 5.8452e+02 l_forw_fit: 5.4279e+02 l_mi: 1.0000e+00 l_h: 1.0158e+04 
26-08-16 13:07:11.011 - INFO: <epoch:  0, iter:  14,700, lr:1.000e-04> l_back_rec: 6.4050e+02 l_forw_fit: 6.9650e+02 l_mi: 1.0000e+00 l_h: 9.3690e+03 
26-08-16 13:07:57.985 - INFO: <epoch:  0, iter:  14,800, lr:1.000e-04> l_back_rec: 9.6850e+02 l_forw_fit: 1.1088e+03 l_mi: 1.0000e+00 l_h: 1.2214e+04 
26-08-16 13:08:45.166 - INFO: <epoch:  0, iter:  14,900, lr:1.000e-04> l_back_rec: 6.9087e+02 l_forw_fit: 7.1976e+02 l_mi: 1.0000e+00 l_h: 8.4865e+03 
26-08-16 13:09:32.268 - INFO: <epoch:  0, iter:  15,000, lr:1.000e-04> l_back_rec: 9.0970e+02 l_forw_fit: 2.1892e+03 l_mi: 1.0000e+00 l_h: 1.6925e+04 
26-08-16 13:10:08.404 - INFO: # Validation # PSNR_Cover: 4.4690e+01, PSNR_Secret: 4.0671e+01, PSNR_Stego: 4.1057e+01
26-08-16 13:10:08.405 - INFO: Saving models and training states.
26-08-16 13:10:56.035 - INFO: <epoch:  0, iter:  15,100, lr:1.000e-04> l_back_rec: 9.7381e+02 l_forw_fit: 1.6859e+03 l_mi: 1.0000e+00 l_h: 1.2067e+04 
26-08-16 13:11:43.345 - INFO: <epoch:  0, iter:  15,200, lr:1.000e-04> l_back_rec: 7.8837e+02 l_forw_fit: 9.4629e+02 l_mi: 1.0000e+00 l_h: 1.1113e+04 
26-08-16 13:12:30.379 - INFO: <epoch:  0, iter:  15,300, lr:1.000e-04> l_back_rec: 7.4889e+02 l_forw_fit: 9.1002e+02 l_mi: 1.0000e+00 l_h: 1.2045e+04 
26-08-16 13:13:17.500 - INFO: <epoch:  0, iter:  15,400, lr:1.000e-04> l_back_rec: 9.2467e+02 l_forw_fit: 1.7308e+03 l_mi: 1.0000e+00 l_h: 1.5732e+04 
26-08-16 13:14:04.388 - INFO: <epoch:  0, iter:  15,500, lr:1.000e-04> l_back_rec: 7.7425e+02 l_forw_fit: 8.3158e+02 l_mi: 1.0000e+00 l_h: 1.1568e+04 
26-08-16 13:14:51.480 - INFO: <epoch:  0, iter:  15,600, lr:1.000e-04> l_back_rec: 8.5499e+02 l_forw_fit: 1.6787e+03 l_mi: 1.0000e+00 l_h: 2.0004e+04 
26-08-16 13:15:38.846 - INFO: <epoch:  0, iter:  15,700, lr:1.000e-04> l_back_rec: 1.0570e+03 l_forw_fit: 1.4642e+03 l_mi: 1.0000e+00 l_h: 1.5472e+04 
26-08-16 13:16:26.014 - INFO: <epoch:  0, iter:  15,800, lr:1.000e-04> l_back_rec: 8.4577e+02 l_forw_fit: 1.1272e+03 l_mi: 1.0000e+00 l_h: 1.3190e+04 
26-08-16 13:17:13.311 - INFO: <epoch:  0, iter:  15,900, lr:1.000e-04> l_back_rec: 7.9629e+02 l_forw_fit: 1.0961e+03 l_mi: 1.0000e+00 l_h: 1.3515e+04 
26-08-16 13:18:00.175 - INFO: <epoch:  0, iter:  16,000, lr:1.000e-04> l_back_rec: 7.2589e+02 l_forw_fit: 8.7536e+02 l_mi: 1.0000e+00 l_h: 8.9518e+03 
26-08-16 13:18:36.898 - INFO: # Validation # PSNR_Cover: 4.5317e+01, PSNR_Secret: 4.1137e+01, PSNR_Stego: 4.1236e+01
26-08-16 13:19:23.938 - INFO: <epoch:  0, iter:  16,100, lr:1.000e-04> l_back_rec: 6.9889e+02 l_forw_fit: 1.0278e+03 l_mi: 1.0000e+00 l_h: 1.1675e+04 
26-08-16 13:21:25.725 - INFO: <epoch:  1, iter:  16,200, lr:1.000e-04> l_back_rec: 8.3186e+02 l_forw_fit: 2.2289e+03 l_mi: 1.0000e+00 l_h: 1.3536e+04 
26-08-16 13:22:13.516 - INFO: <epoch:  1, iter:  16,300, lr:1.000e-04> l_back_rec: 7.7462e+02 l_forw_fit: 1.0597e+03 l_mi: 1.0000e+00 l_h: 1.1994e+04 
26-08-16 13:23:00.851 - INFO: <epoch:  1, iter:  16,400, lr:1.000e-04> l_back_rec: 7.2904e+02 l_forw_fit: 7.3279e+02 l_mi: 1.0000e+00 l_h: 1.0798e+04 
26-08-16 13:23:48.173 - INFO: <epoch:  1, iter:  16,500, lr:1.000e-04> l_back_rec: 6.7802e+02 l_forw_fit: 6.2050e+02 l_mi: 1.0000e+00 l_h: 1.0661e+04 
26-08-16 13:24:35.434 - INFO: <epoch:  1, iter:  16,600, lr:1.000e-04> l_back_rec: 9.3428e+02 l_forw_fit: 1.3816e+03 l_mi: 1.0000e+00 l_h: 1.2320e+04 
26-08-16 13:25:22.963 - INFO: <epoch:  1, iter:  16,700, lr:1.000e-04> l_back_rec: 7.7060e+02 l_forw_fit: 6.3210e+02 l_mi: 1.0000e+00 l_h: 9.6169e+03 
26-08-16 13:26:10.372 - INFO: <epoch:  1, iter:  16,800, lr:1.000e-04> l_back_rec: 9.9336e+02 l_forw_fit: 1.3625e+03 l_mi: 1.0000e+00 l_h: 2.1396e+04 
26-08-16 13:26:57.496 - INFO: <epoch:  1, iter:  16,900, lr:1.000e-04> l_back_rec: 6.6016e+02 l_forw_fit: 8.2928e+02 l_mi: 1.0000e+00 l_h: 1.2526e+04 
26-08-16 13:27:43.404 - INFO: <epoch:  1, iter:  17,000, lr:1.000e-04> l_back_rec: 7.8517e+02 l_forw_fit: 1.1855e+03 l_mi: 1.0000e+00 l_h: 1.4470e+04 
26-08-16 13:28:18.431 - INFO: # Validation # PSNR_Cover: 4.5498e+01, PSNR_Secret: 4.1128e+01, PSNR_Stego: 4.1954e+01
26-08-16 13:29:05.129 - INFO: <epoch:  1, iter:  17,100, lr:1.000e-04> l_back_rec: 7.7804e+02 l_forw_fit: 1.0533e+03 l_mi: 1.0000e+00 l_h: 1.5475e+04 
26-08-16 13:29:52.120 - INFO: <epoch:  1, iter:  17,200, lr:1.000e-04> l_back_rec: 7.1712e+02 l_forw_fit: 7.9667e+02 l_mi: 1.0000e+00 l_h: 1.1468e+04 
26-08-16 13:30:39.090 - INFO: <epoch:  1, iter:  17,300, lr:1.000e-04> l_back_rec: 8.8319e+02 l_forw_fit: 1.0865e+03 l_mi: 1.0000e+00 l_h: 1.6360e+04 
26-08-16 13:31:26.123 - INFO: <epoch:  1, iter:  17,400, lr:1.000e-04> l_back_rec: 7.6654e+02 l_forw_fit: 7.8445e+02 l_mi: 1.0000e+00 l_h: 1.2134e+04 
26-08-16 13:32:13.231 - INFO: <epoch:  1, iter:  17,500, lr:1.000e-04> l_back_rec: 7.6620e+02 l_forw_fit: 1.2123e+03 l_mi: 1.0000e+00 l_h: 1.3576e+04 
26-08-16 13:33:00.303 - INFO: <epoch:  1, iter:  17,600, lr:1.000e-04> l_back_rec: 7.1729e+02 l_forw_fit: 7.7755e+02 l_mi: 1.0000e+00 l_h: 1.0243e+04 
26-08-16 13:33:47.642 - INFO: <epoch:  1, iter:  17,700, lr:1.000e-04> l_back_rec: 6.7205e+02 l_forw_fit: 8.9754e+02 l_mi: 1.0000e+00 l_h: 1.1497e+04 
26-08-16 13:34:34.823 - INFO: <epoch:  1, iter:  17,800, lr:1.000e-04> l_back_rec: 8.6953e+02 l_forw_fit: 1.0065e+03 l_mi: 1.0000e+00 l_h: 1.3713e+04 
26-08-16 13:35:22.080 - INFO: <epoch:  1, iter:  17,900, lr:1.000e-04> l_back_rec: 1.0127e+03 l_forw_fit: 1.9636e+03 l_mi: 1.0000e+00 l_h: 1.9435e+04 
26-08-16 13:36:09.275 - INFO: <epoch:  1, iter:  18,000, lr:1.000e-04> l_back_rec: 8.5317e+02 l_forw_fit: 1.1084e+03 l_mi: 1.0000e+00 l_h: 1.1334e+04 
26-08-16 13:36:45.294 - INFO: # Validation # PSNR_Cover: 4.6480e+01, PSNR_Secret: 4.2163e+01, PSNR_Stego: 4.2077e+01
26-08-16 13:37:32.304 - INFO: <epoch:  1, iter:  18,100, lr:1.000e-04> l_back_rec: 8.9592e+02 l_forw_fit: 1.5703e+03 l_mi: 1.0000e+00 l_h: 1.6085e+04 
26-08-16 13:38:19.876 - INFO: <epoch:  1, iter:  18,200, lr:1.000e-04> l_back_rec: 7.6142e+02 l_forw_fit: 6.9604e+02 l_mi: 1.0000e+00 l_h: 1.0894e+04 
26-08-16 13:39:06.857 - INFO: <epoch:  1, iter:  18,300, lr:1.000e-04> l_back_rec: 6.4977e+02 l_forw_fit: 8.3017e+02 l_mi: 1.0000e+00 l_h: 9.7020e+03 
26-08-16 13:39:54.026 - INFO: <epoch:  1, iter:  18,400, lr:1.000e-04> l_back_rec: 7.3540e+02 l_forw_fit: 9.8550e+02 l_mi: 1.0000e+00 l_h: 1.1577e+04 
26-08-16 13:40:41.254 - INFO: <epoch:  1, iter:  18,500, lr:1.000e-04> l_back_rec: 5.5690e+02 l_forw_fit: 8.7583e+02 l_mi: 1.0000e+00 l_h: 7.8812e+03 
26-08-16 13:41:28.319 - INFO: <epoch:  1, iter:  18,600, lr:1.000e-04> l_back_rec: 6.5240e+02 l_forw_fit: 7.8655e+02 l_mi: 1.0000e+00 l_h: 1.0303e+04 
26-08-16 13:42:15.672 - INFO: <epoch:  1, iter:  18,700, lr:1.000e-04> l_back_rec: 8.0460e+02 l_forw_fit: 1.0722e+03 l_mi: 1.0000e+00 l_h: 1.3279e+04 
26-08-16 13:43:02.671 - INFO: <epoch:  1, iter:  18,800, lr:1.000e-04> l_back_rec: 6.8783e+02 l_forw_fit: 7.1064e+02 l_mi: 1.0000e+00 l_h: 9.1779e+03 
26-08-16 13:43:49.779 - INFO: <epoch:  1, iter:  18,900, lr:1.000e-04> l_back_rec: 6.9004e+02 l_forw_fit: 8.2610e+02 l_mi: 1.0000e+00 l_h: 1.0101e+04 
26-08-16 13:44:36.855 - INFO: <epoch:  1, iter:  19,000, lr:1.000e-04> l_back_rec: 6.4235e+02 l_forw_fit: 8.7852e+02 l_mi: 1.0000e+00 l_h: 9.4055e+03 
26-08-16 13:45:13.218 - INFO: # Validation # PSNR_Cover: 4.5811e+01, PSNR_Secret: 4.2563e+01, PSNR_Stego: 4.0879e+01
26-08-16 13:46:00.251 - INFO: <epoch:  1, iter:  19,100, lr:1.000e-04> l_back_rec: 7.9090e+02 l_forw_fit: 1.0249e+03 l_mi: 1.0000e+00 l_h: 1.1271e+04 
26-08-16 13:46:47.604 - INFO: <epoch:  1, iter:  19,200, lr:1.000e-04> l_back_rec: 7.3943e+02 l_forw_fit: 1.3192e+03 l_mi: 1.0000e+00 l_h: 1.2637e+04 
26-08-16 13:47:34.526 - INFO: <epoch:  1, iter:  19,300, lr:1.000e-04> l_back_rec: 9.2018e+02 l_forw_fit: 1.2988e+03 l_mi: 1.0000e+00 l_h: 1.8586e+04 
26-08-16 13:48:21.957 - INFO: <epoch:  1, iter:  19,400, lr:1.000e-04> l_back_rec: 6.6978e+02 l_forw_fit: 6.9836e+02 l_mi: 1.0000e+00 l_h: 1.1156e+04 
26-08-16 13:49:08.849 - INFO: <epoch:  1, iter:  19,500, lr:1.000e-04> l_back_rec: 7.4146e+02 l_forw_fit: 9.4946e+02 l_mi: 1.0000e+00 l_h: 1.5927e+04 
26-08-16 13:49:55.909 - INFO: <epoch:  1, iter:  19,600, lr:1.000e-04> l_back_rec: 6.4901e+02 l_forw_fit: 6.3134e+02 l_mi: 1.0000e+00 l_h: 1.0128e+04 
26-08-16 13:50:42.992 - INFO: <epoch:  1, iter:  19,700, lr:1.000e-04> l_back_rec: 8.7550e+02 l_forw_fit: 1.2294e+03 l_mi: 1.0000e+00 l_h: 1.2998e+04 
26-08-16 13:51:30.080 - INFO: <epoch:  1, iter:  19,800, lr:1.000e-04> l_back_rec: 6.6420e+02 l_forw_fit: 7.4084e+02 l_mi: 1.0000e+00 l_h: 1.1011e+04 
26-08-16 13:52:17.471 - INFO: <epoch:  1, iter:  19,900, lr:1.000e-04> l_back_rec: 7.8235e+02 l_forw_fit: 1.0655e+03 l_mi: 1.0000e+00 l_h: 1.2378e+04 
26-08-16 13:53:04.781 - INFO: <epoch:  1, iter:  20,000, lr:1.000e-04> l_back_rec: 8.8020e+02 l_forw_fit: 1.8569e+03 l_mi: 1.0000e+00 l_h: 1.3030e+04 
26-08-16 13:53:41.122 - INFO: # Validation # PSNR_Cover: 4.4958e+01, PSNR_Secret: 4.1734e+01, PSNR_Stego: 4.1150e+01
26-08-16 13:53:41.123 - INFO: Saving models and training states.
26-08-16 13:54:28.900 - INFO: <epoch:  1, iter:  20,100, lr:1.000e-04> l_back_rec: 6.6018e+02 l_forw_fit: 6.8802e+02 l_mi: 1.0000e+00 l_h: 8.7639e+03 
26-08-16 13:55:16.159 - INFO: <epoch:  1, iter:  20,200, lr:1.000e-04> l_back_rec: 9.4047e+02 l_forw_fit: 1.3565e+03 l_mi: 1.0000e+00 l_h: 1.2793e+04 
26-08-16 13:56:03.423 - INFO: <epoch:  1, iter:  20,300, lr:1.000e-04> l_back_rec: 5.7759e+02 l_forw_fit: 4.6320e+02 l_mi: 1.0000e+00 l_h: 7.1589e+03 
26-08-16 13:56:50.502 - INFO: <epoch:  1, iter:  20,400, lr:1.000e-04> l_back_rec: 7.6816e+02 l_forw_fit: 1.0503e+03 l_mi: 1.0000e+00 l_h: 1.1027e+04 
26-08-16 13:57:37.624 - INFO: <epoch:  1, iter:  20,500, lr:1.000e-04> l_back_rec: 5.8759e+02 l_forw_fit: 5.3163e+02 l_mi: 1.0000e+00 l_h: 8.0743e+03 
26-08-16 13:58:24.720 - INFO: <epoch:  1, iter:  20,600, lr:1.000e-04> l_back_rec: 8.4569e+02 l_forw_fit: 1.2452e+03 l_mi: 1.0000e+00 l_h: 1.1118e+04 
26-08-16 13:59:11.865 - INFO: <epoch:  1, iter:  20,700, lr:1.000e-04> l_back_rec: 1.0394e+03 l_forw_fit: 1.5095e+03 l_mi: 1.0000e+00 l_h: 1.5373e+04 
26-08-16 13:59:59.179 - INFO: <epoch:  1, iter:  20,800, lr:1.000e-04> l_back_rec: 8.2812e+02 l_forw_fit: 1.1173e+03 l_mi: 1.0000e+00 l_h: 1.2065e+04 
26-08-16 14:00:46.647 - INFO: <epoch:  1, iter:  20,900, lr:1.000e-04> l_back_rec: 6.5589e+02 l_forw_fit: 1.0332e+03 l_mi: 1.0000e+00 l_h: 9.8928e+03 
26-08-16 14:01:33.766 - INFO: <epoch:  1, iter:  21,000, lr:1.000e-04> l_back_rec: 7.8962e+02 l_forw_fit: 8.7480e+02 l_mi: 1.0000e+00 l_h: 1.0532e+04 
26-08-16 14:02:10.250 - INFO: # Validation # PSNR_Cover: 4.5850e+01, PSNR_Secret: 4.1901e+01, PSNR_Stego: 4.1641e+01
26-08-16 14:02:57.251 - INFO: <epoch:  1, iter:  21,100, lr:1.000e-04> l_back_rec: 7.0961e+02 l_forw_fit: 1.0644e+03 l_mi: 1.0000e+00 l_h: 1.3581e+04 
26-08-16 14:03:44.502 - INFO: <epoch:  1, iter:  21,200, lr:1.000e-04> l_back_rec: 6.9773e+02 l_forw_fit: 9.2255e+02 l_mi: 1.0000e+00 l_h: 1.0560e+04 
26-08-16 14:04:31.770 - INFO: <epoch:  1, iter:  21,300, lr:1.000e-04> l_back_rec: 1.0446e+03 l_forw_fit: 1.4229e+03 l_mi: 1.0000e+00 l_h: 1.6490e+04 
26-08-16 14:05:19.038 - INFO: <epoch:  1, iter:  21,400, lr:1.000e-04> l_back_rec: 8.7107e+02 l_forw_fit: 1.0671e+03 l_mi: 1.0000e+00 l_h: 1.1073e+04 
26-08-16 14:06:06.064 - INFO: <epoch:  1, iter:  21,500, lr:1.000e-04> l_back_rec: 6.0568e+02 l_forw_fit: 8.0948e+02 l_mi: 1.0000e+00 l_h: 1.2315e+04 
26-08-16 14:06:53.246 - INFO: <epoch:  1, iter:  21,600, lr:1.000e-04> l_back_rec: 6.6113e+02 l_forw_fit: 5.8993e+02 l_mi: 1.0000e+00 l_h: 8.3152e+03 
26-08-16 14:07:40.435 - INFO: <epoch:  1, iter:  21,700, lr:1.000e-04> l_back_rec: 6.3446e+02 l_forw_fit: 5.4407e+02 l_mi: 1.0000e+00 l_h: 7.6385e+03 
26-08-16 14:08:27.494 - INFO: <epoch:  1, iter:  21,800, lr:1.000e-04> l_back_rec: 5.8868e+02 l_forw_fit: 4.5660e+02 l_mi: 1.0000e+00 l_h: 9.3801e+03 
26-08-16 14:09:14.657 - INFO: <epoch:  1, iter:  21,900, lr:1.000e-04> l_back_rec: 5.6259e+02 l_forw_fit: 6.7663e+02 l_mi: 1.0000e+00 l_h: 9.2330e+03 
26-08-16 14:10:01.864 - INFO: <epoch:  1, iter:  22,000, lr:1.000e-04> l_back_rec: 6.2802e+02 l_forw_fit: 7.1402e+02 l_mi: 1.0000e+00 l_h: 8.7182e+03 
26-08-16 14:10:37.790 - INFO: # Validation # PSNR_Cover: 4.6506e+01, PSNR_Secret: 4.2113e+01, PSNR_Stego: 4.1338e+01
26-08-16 14:11:25.293 - INFO: <epoch:  1, iter:  22,100, lr:1.000e-04> l_back_rec: 9.8573e+02 l_forw_fit: 1.3391e+03 l_mi: 1.0000e+00 l_h: 1.3813e+04 
26-08-16 14:12:12.751 - INFO: <epoch:  1, iter:  22,200, lr:1.000e-04> l_back_rec: 7.6352e+02 l_forw_fit: 1.0201e+03 l_mi: 1.0000e+00 l_h: 1.1919e+04 
26-08-16 14:12:59.987 - INFO: <epoch:  1, iter:  22,300, lr:1.000e-04> l_back_rec: 7.6558e+02 l_forw_fit: 6.1113e+02 l_mi: 1.0000e+00 l_h: 7.9694e+03 
26-08-16 14:13:47.221 - INFO: <epoch:  1, iter:  22,400, lr:1.000e-04> l_back_rec: 6.8056e+02 l_forw_fit: 8.3115e+02 l_mi: 1.0000e+00 l_h: 9.9183e+03 
26-08-16 14:14:34.215 - INFO: <epoch:  1, iter:  22,500, lr:1.000e-04> l_back_rec: 1.0641e+03 l_forw_fit: 1.3790e+03 l_mi: 1.0000e+00 l_h: 1.4857e+04 
26-08-16 14:15:21.605 - INFO: <epoch:  1, iter:  22,600, lr:1.000e-04> l_back_rec: 7.4523e+02 l_forw_fit: 1.0125e+03 l_mi: 1.0000e+00 l_h: 9.7145e+03 
26-08-16 14:16:08.930 - INFO: <epoch:  1, iter:  22,700, lr:1.000e-04> l_back_rec: 7.8360e+02 l_forw_fit: 1.0108e+03 l_mi: 1.0000e+00 l_h: 1.1298e+04 
26-08-16 14:16:56.566 - INFO: <epoch:  1, iter:  22,800, lr:1.000e-04> l_back_rec: 7.3153e+02 l_forw_fit: 9.3996e+02 l_mi: 1.0000e+00 l_h: 1.0254e+04 
26-08-16 14:17:43.967 - INFO: <epoch:  1, iter:  22,900, lr:1.000e-04> l_back_rec: 7.7212e+02 l_forw_fit: 9.4795e+02 l_mi: 1.0000e+00 l_h: 1.3444e+04 
26-08-16 14:18:31.164 - INFO: <epoch:  1, iter:  23,000, lr:1.000e-04> l_back_rec: 7.1832e+02 l_forw_fit: 1.1299e+03 l_mi: 1.0000e+00 l_h: 1.6264e+04 
26-08-16 14:19:07.421 - INFO: # Validation # PSNR_Cover: 4.5629e+01, PSNR_Secret: 4.1866e+01, PSNR_Stego: 4.1013e+01
26-08-16 14:19:54.771 - INFO: <epoch:  1, iter:  23,100, lr:1.000e-04> l_back_rec: 6.1346e+02 l_forw_fit: 5.7101e+02 l_mi: 1.0000e+00 l_h: 1.3167e+04 
26-08-16 14:20:42.124 - INFO: <epoch:  1, iter:  23,200, lr:1.000e-04> l_back_rec: 7.4102e+02 l_forw_fit: 1.2856e+03 l_mi: 1.0000e+00 l_h: 1.2418e+04 
26-08-16 14:21:29.353 - INFO: <epoch:  1, iter:  23,300, lr:1.000e-04> l_back_rec: 7.9064e+02 l_forw_fit: 1.3236e+03 l_mi: 1.0000e+00 l_h: 1.3000e+04 
26-08-16 14:22:16.577 - INFO: <epoch:  1, iter:  23,400, lr:1.000e-04> l_back_rec: 7.5149e+02 l_forw_fit: 2.5457e+03 l_mi: 1.0000e+00 l_h: 1.3533e+04 
26-08-16 14:23:03.579 - INFO: <epoch:  1, iter:  23,500, lr:1.000e-04> l_back_rec: 6.8725e+02 l_forw_fit: 7.5612e+02 l_mi: 1.0000e+00 l_h: 7.7437e+03 
26-08-16 14:23:50.854 - INFO: <epoch:  1, iter:  23,600, lr:1.000e-04> l_back_rec: 7.6981e+02 l_forw_fit: 1.3865e+03 l_mi: 1.0000e+00 l_h: 1.6265e+04 
26-08-16 14:24:37.990 - INFO: <epoch:  1, iter:  23,700, lr:1.000e-04> l_back_rec: 1.0268e+03 l_forw_fit: 3.3122e+03 l_mi: 1.0000e+00 l_h: 1.8996e+04 
26-08-16 14:25:25.327 - INFO: <epoch:  1, iter:  23,800, lr:1.000e-04> l_back_rec: 6.5130e+02 l_forw_fit: 7.7262e+02 l_mi: 1.0000e+00 l_h: 1.0530e+04 
26-08-16 14:26:12.539 - INFO: <epoch:  1, iter:  23,900, lr:1.000e-04> l_back_rec: 7.4730e+02 l_forw_fit: 8.7544e+02 l_mi: 1.0000e+00 l_h: 1.0187e+04 
26-08-16 14:26:59.649 - INFO: <epoch:  1, iter:  24,000, lr:1.000e-04> l_back_rec: 7.1186e+02 l_forw_fit: 7.5077e+02 l_mi: 1.0000e+00 l_h: 9.1155e+03 
26-08-16 14:27:36.027 - INFO: # Validation # PSNR_Cover: 4.6334e+01, PSNR_Secret: 4.2481e+01, PSNR_Stego: 4.1809e+01
26-08-16 14:28:23.243 - INFO: <epoch:  1, iter:  24,100, lr:1.000e-04> l_back_rec: 6.5987e+02 l_forw_fit: 1.0467e+03 l_mi: 1.0000e+00 l_h: 1.2390e+04 
26-08-16 14:29:10.363 - INFO: <epoch:  1, iter:  24,200, lr:1.000e-04> l_back_rec: 7.0672e+02 l_forw_fit: 6.0713e+02 l_mi: 1.0000e+00 l_h: 1.0009e+04 
26-08-16 14:29:57.651 - INFO: <epoch:  1, iter:  24,300, lr:1.000e-04> l_back_rec: 6.8421e+02 l_forw_fit: 1.0057e+03 l_mi: 1.0000e+00 l_h: 9.7711e+03 
26-08-16 14:30:45.019 - INFO: <epoch:  1, iter:  24,400, lr:1.000e-04> l_back_rec: 7.4126e+02 l_forw_fit: 7.7848e+02 l_mi: 1.0000e+00 l_h: 8.3161e+03 
26-08-16 14:31:32.207 - INFO: <epoch:  1, iter:  24,500, lr:1.000e-04> l_back_rec: 9.5123e+02 l_forw_fit: 3.1150e+03 l_mi: 1.0000e+00 l_h: 1.5923e+04 
26-08-16 14:32:19.440 - INFO: <epoch:  1, iter:  24,600, lr:1.000e-04> l_back_rec: 8.6807e+02 l_forw_fit: 2.1667e+03 l_mi: 1.0000e+00 l_h: 1.5495e+04 
26-08-16 14:33:06.535 - INFO: <epoch:  1, iter:  24,700, lr:1.000e-04> l_back_rec: 6.5010e+02 l_forw_fit: 5.4788e+02 l_mi: 1.0000e+00 l_h: 8.2095e+03 
26-08-16 14:33:53.823 - INFO: <epoch:  1, iter:  24,800, lr:1.000e-04> l_back_rec: 7.1638e+02 l_forw_fit: 1.0786e+03 l_mi: 1.0000e+00 l_h: 1.1041e+04 
26-08-16 14:34:41.112 - INFO: <epoch:  1, iter:  24,900, lr:1.000e-04> l_back_rec: 7.7483e+02 l_forw_fit: 1.1975e+03 l_mi: 1.0000e+00 l_h: 1.2017e+04 
26-08-16 14:35:28.222 - INFO: <epoch:  1, iter:  25,000, lr:1.000e-04> l_back_rec: 6.6279e+02 l_forw_fit: 8.6307e+02 l_mi: 1.0000e+00 l_h: 9.3631e+03 
26-08-16 14:36:05.081 - INFO: # Validation # PSNR_Cover: 4.6479e+01, PSNR_Secret: 4.2985e+01, PSNR_Stego: 4.1759e+01
26-08-16 14:36:05.082 - INFO: Saving models and training states.
26-08-16 14:36:52.836 - INFO: <epoch:  1, iter:  25,100, lr:1.000e-04> l_back_rec: 8.7113e+02 l_forw_fit: 1.0649e+03 l_mi: 1.0000e+00 l_h: 1.1043e+04 
26-08-16 14:37:40.194 - INFO: <epoch:  1, iter:  25,200, lr:1.000e-04> l_back_rec: 6.4211e+02 l_forw_fit: 8.7941e+02 l_mi: 1.0000e+00 l_h: 1.0216e+04 
26-08-16 14:38:27.489 - INFO: <epoch:  1, iter:  25,300, lr:1.000e-04> l_back_rec: 7.5280e+02 l_forw_fit: 1.2707e+03 l_mi: 1.0000e+00 l_h: 1.2145e+04 
26-08-16 14:39:14.775 - INFO: <epoch:  1, iter:  25,400, lr:1.000e-04> l_back_rec: 5.9448e+02 l_forw_fit: 7.3854e+02 l_mi: 1.0000e+00 l_h: 8.5667e+03 
26-08-16 14:40:01.877 - INFO: <epoch:  1, iter:  25,500, lr:1.000e-04> l_back_rec: 7.9879e+02 l_forw_fit: 1.4029e+03 l_mi: 1.0000e+00 l_h: 1.1467e+04 
26-08-16 14:40:49.401 - INFO: <epoch:  1, iter:  25,600, lr:1.000e-04> l_back_rec: 6.8615e+02 l_forw_fit: 1.0052e+03 l_mi: 1.0000e+00 l_h: 1.2629e+04 
26-08-16 14:41:36.657 - INFO: <epoch:  1, iter:  25,700, lr:1.000e-04> l_back_rec: 6.9847e+02 l_forw_fit: 7.8907e+02 l_mi: 1.0000e+00 l_h: 9.0465e+03 
26-08-16 14:42:24.129 - INFO: <epoch:  1, iter:  25,800, lr:1.000e-04> l_back_rec: 1.0567e+03 l_forw_fit: 3.7922e+03 l_mi: 1.0000e+00 l_h: 2.3433e+04 
26-08-16 14:43:11.426 - INFO: <epoch:  1, iter:  25,900, lr:1.000e-04> l_back_rec: 6.5669e+02 l_forw_fit: 9.6300e+02 l_mi: 1.0000e+00 l_h: 1.1104e+04 
26-08-16 14:43:58.655 - INFO: <epoch:  1, iter:  26,000, lr:1.000e-04> l_back_rec: 9.6930e+02 l_forw_fit: 1.2278e+03 l_mi: 1.0000e+00 l_h: 1.3920e+04 
26-08-16 14:44:34.812 - INFO: # Validation # PSNR_Cover: 4.6720e+01, PSNR_Secret: 4.2602e+01, PSNR_Stego: 4.2336e+01
26-08-16 14:45:22.391 - INFO: <epoch:  1, iter:  26,100, lr:1.000e-04> l_back_rec: 7.7801e+02 l_forw_fit: 1.1615e+03 l_mi: 1.0000e+00 l_h: 1.4655e+04 
26-08-16 14:46:09.715 - INFO: <epoch:  1, iter:  26,200, lr:1.000e-04> l_back_rec: 7.9899e+02 l_forw_fit: 1.0183e+03 l_mi: 1.0000e+00 l_h: 1.2613e+04 
26-08-16 14:46:57.078 - INFO: <epoch:  1, iter:  26,300, lr:1.000e-04> l_back_rec: 6.0526e+02 l_forw_fit: 6.0562e+02 l_mi: 1.0000e+00 l_h: 8.8126e+03 
26-08-16 14:47:44.420 - INFO: <epoch:  1, iter:  26,400, lr:1.000e-04> l_back_rec: 7.8740e+02 l_forw_fit: 1.5147e+03 l_mi: 1.0000e+00 l_h: 2.6008e+04 
26-08-16 14:48:31.572 - INFO: <epoch:  1, iter:  26,500, lr:1.000e-04> l_back_rec: 6.1096e+02 l_forw_fit: 5.6934e+02 l_mi: 1.0000e+00 l_h: 8.1732e+03 
26-08-16 14:49:18.899 - INFO: <epoch:  1, iter:  26,600, lr:1.000e-04> l_back_rec: 5.4917e+02 l_forw_fit: 7.2407e+02 l_mi: 1.0000e+00 l_h: 7.7070e+03 
26-08-16 14:50:05.956 - INFO: <epoch:  1, iter:  26,700, lr:1.000e-04> l_back_rec: 6.4996e+02 l_forw_fit: 5.4870e+02 l_mi: 1.0000e+00 l_h: 9.8765e+03 
26-08-16 14:50:53.307 - INFO: <epoch:  1, iter:  26,800, lr:1.000e-04> l_back_rec: 7.5892e+02 l_forw_fit: 1.1074e+03 l_mi: 1.0000e+00 l_h: 1.2184e+04 
26-08-16 14:51:40.448 - INFO: <epoch:  1, iter:  26,900, lr:1.000e-04> l_back_rec: 6.3311e+02 l_forw_fit: 7.3031e+02 l_mi: 1.0000e+00 l_h: 7.9282e+03 
26-08-16 14:52:27.707 - INFO: <epoch:  1, iter:  27,000, lr:1.000e-04> l_back_rec: 5.6770e+02 l_forw_fit: 3.9624e+02 l_mi: 1.0000e+00 l_h: 7.8950e+03 
26-08-16 14:53:04.802 - INFO: # Validation # PSNR_Cover: 4.7042e+01, PSNR_Secret: 4.3087e+01, PSNR_Stego: 4.2705e+01
26-08-16 14:53:52.308 - INFO: <epoch:  1, iter:  27,100, lr:1.000e-04> l_back_rec: 7.8184e+02 l_forw_fit: 1.1522e+03 l_mi: 1.0000e+00 l_h: 1.4107e+04 
26-08-16 14:54:42.466 - INFO: <epoch:  1, iter:  27,200, lr:1.000e-04> l_back_rec: 7.0671e+02 l_forw_fit: 8.7735e+02 l_mi: 1.0000e+00 l_h: 1.2378e+04 
26-08-16 14:55:31.999 - INFO: <epoch:  1, iter:  27,300, lr:1.000e-04> l_back_rec: 6.2697e+02 l_forw_fit: 1.0511e+03 l_mi: 1.0000e+00 l_h: 8.8818e+03 
26-08-16 14:56:20.626 - INFO: <epoch:  1, iter:  27,400, lr:1.000e-04> l_back_rec: 6.8042e+02 l_forw_fit: 9.3299e+02 l_mi: 1.0000e+00 l_h: 1.0998e+04 
26-08-16 14:57:08.101 - INFO: <epoch:  1, iter:  27,500, lr:1.000e-04> l_back_rec: 7.9868e+02 l_forw_fit: 9.6049e+02 l_mi: 1.0000e+00 l_h: 1.0190e+04 
26-08-16 14:57:55.391 - INFO: <epoch:  1, iter:  27,600, lr:1.000e-04> l_back_rec: 7.4804e+02 l_forw_fit: 8.2473e+02 l_mi: 1.0000e+00 l_h: 1.3504e+04 
26-08-16 14:58:42.851 - INFO: <epoch:  1, iter:  27,700, lr:1.000e-04> l_back_rec: 8.7431e+02 l_forw_fit: 1.1166e+03 l_mi: 1.0000e+00 l_h: 1.2263e+04 
26-08-16 14:59:29.985 - INFO: <epoch:  1, iter:  27,800, lr:1.000e-04> l_back_rec: 6.7171e+02 l_forw_fit: 7.2651e+02 l_mi: 1.0000e+00 l_h: 7.7869e+03 
26-08-16 15:00:17.197 - INFO: <epoch:  1, iter:  27,900, lr:1.000e-04> l_back_rec: 6.7547e+02 l_forw_fit: 1.1141e+03 l_mi: 1.0000e+00 l_h: 1.2632e+04 
26-08-16 15:01:04.417 - INFO: <epoch:  1, iter:  28,000, lr:1.000e-04> l_back_rec: 7.5304e+02 l_forw_fit: 1.0441e+03 l_mi: 1.0000e+00 l_h: 1.3220e+04 
26-08-16 15:01:41.132 - INFO: # Validation # PSNR_Cover: 4.6249e+01, PSNR_Secret: 4.2363e+01, PSNR_Stego: 4.2254e+01
26-08-16 15:02:28.151 - INFO: <epoch:  1, iter:  28,100, lr:1.000e-04> l_back_rec: 6.8830e+02 l_forw_fit: 8.1678e+02 l_mi: 1.0000e+00 l_h: 1.0671e+04 
26-08-16 15:03:15.574 - INFO: <epoch:  1, iter:  28,200, lr:1.000e-04> l_back_rec: 8.2257e+02 l_forw_fit: 1.4704e+03 l_mi: 1.0000e+00 l_h: 2.1983e+04 
26-08-16 15:04:02.727 - INFO: <epoch:  1, iter:  28,300, lr:1.000e-04> l_back_rec: 6.7600e+02 l_forw_fit: 8.1646e+02 l_mi: 1.0000e+00 l_h: 9.9483e+03 
26-08-16 15:04:50.045 - INFO: <epoch:  1, iter:  28,400, lr:1.000e-04> l_back_rec: 7.2227e+02 l_forw_fit: 7.4397e+02 l_mi: 1.0000e+00 l_h: 1.0213e+04 
26-08-16 15:05:37.031 - INFO: <epoch:  1, iter:  28,500, lr:1.000e-04> l_back_rec: 6.6801e+02 l_forw_fit: 7.5920e+02 l_mi: 1.0000e+00 l_h: 1.0822e+04 
26-08-16 15:06:24.228 - INFO: <epoch:  1, iter:  28,600, lr:1.000e-04> l_back_rec: 6.6822e+02 l_forw_fit: 6.5298e+02 l_mi: 1.0000e+00 l_h: 8.6541e+03 
26-08-16 15:07:11.397 - INFO: <epoch:  1, iter:  28,700, lr:1.000e-04> l_back_rec: 6.8450e+02 l_forw_fit: 7.3777e+02 l_mi: 1.0000e+00 l_h: 9.0574e+03 
26-08-16 15:07:58.646 - INFO: <epoch:  1, iter:  28,800, lr:1.000e-04> l_back_rec: 7.9131e+02 l_forw_fit: 1.2563e+03 l_mi: 1.0000e+00 l_h: 1.2586e+04 
26-08-16 15:08:45.948 - INFO: <epoch:  1, iter:  28,900, lr:1.000e-04> l_back_rec: 7.7343e+02 l_forw_fit: 1.6550e+03 l_mi: 1.0000e+00 l_h: 1.0572e+04 
26-08-16 15:09:36.094 - INFO: <epoch:  1, iter:  29,000, lr:1.000e-04> l_back_rec: 6.2080e+02 l_forw_fit: 7.6698e+02 l_mi: 1.0000e+00 l_h: 1.0439e+04 
26-08-16 15:10:14.479 - INFO: # Validation # PSNR_Cover: 4.7005e+01, PSNR_Secret: 4.3122e+01, PSNR_Stego: 4.2423e+01
26-08-16 15:11:05.054 - INFO: <epoch:  1, iter:  29,100, lr:1.000e-04> l_back_rec: 6.3738e+02 l_forw_fit: 8.8331e+02 l_mi: 1.0000e+00 l_h: 9.6977e+03 
26-08-16 15:11:56.246 - INFO: <epoch:  1, iter:  29,200, lr:1.000e-04> l_back_rec: 7.9889e+02 l_forw_fit: 1.2480e+03 l_mi: 1.0000e+00 l_h: 1.2059e+04 
26-08-16 15:12:46.593 - INFO: <epoch:  1, iter:  29,300, lr:1.000e-04> l_back_rec: 7.8772e+02 l_forw_fit: 9.3297e+02 l_mi: 1.0000e+00 l_h: 1.2583e+04 
26-08-16 15:13:37.121 - INFO: <epoch:  1, iter:  29,400, lr:1.000e-04> l_back_rec: 6.4145e+02 l_forw_fit: 6.1854e+02 l_mi: 1.0000e+00 l_h: 9.2669e+03 
26-08-16 15:14:27.499 - INFO: <epoch:  1, iter:  29,500, lr:1.000e-04> l_back_rec: 6.5783e+02 l_forw_fit: 7.5016e+02 l_mi: 1.0000e+00 l_h: 9.3071e+03 
26-08-16 15:15:18.340 - INFO: <epoch:  1, iter:  29,600, lr:1.000e-04> l_back_rec: 6.1794e+02 l_forw_fit: 5.2597e+02 l_mi: 1.0000e+00 l_h: 9.0325e+03 
26-08-16 15:16:08.844 - INFO: <epoch:  1, iter:  29,700, lr:1.000e-04> l_back_rec: 6.6943e+02 l_forw_fit: 1.0040e+03 l_mi: 1.0000e+00 l_h: 1.0094e+04 
26-08-16 15:17:00.077 - INFO: <epoch:  1, iter:  29,800, lr:1.000e-04> l_back_rec: 6.4334e+02 l_forw_fit: 8.2428e+02 l_mi: 1.0000e+00 l_h: 8.5612e+03 
26-08-16 15:17:50.833 - INFO: <epoch:  1, iter:  29,900, lr:1.000e-04> l_back_rec: 5.1830e+02 l_forw_fit: 5.8118e+02 l_mi: 1.0000e+00 l_h: 7.3823e+03 
26-08-16 15:18:41.076 - INFO: <epoch:  1, iter:  30,000, lr:1.000e-04> l_back_rec: 7.4648e+02 l_forw_fit: 9.4697e+02 l_mi: 1.0000e+00 l_h: 1.0067e+04 
26-08-16 15:19:19.080 - INFO: # Validation # PSNR_Cover: 4.7087e+01, PSNR_Secret: 4.3439e+01, PSNR_Stego: 4.2173e+01
26-08-16 15:19:19.081 - INFO: Saving models and training states.
26-08-16 15:20:10.226 - INFO: <epoch:  1, iter:  30,100, lr:1.000e-04> l_back_rec: 5.8408e+02 l_forw_fit: 6.9006e+02 l_mi: 1.0000e+00 l_h: 9.5797e+03 
26-08-16 15:21:00.387 - INFO: <epoch:  1, iter:  30,200, lr:1.000e-04> l_back_rec: 8.8360e+02 l_forw_fit: 1.4488e+03 l_mi: 1.0000e+00 l_h: 2.1446e+04 
26-08-16 15:21:50.918 - INFO: <epoch:  1, iter:  30,300, lr:1.000e-04> l_back_rec: 6.3492e+02 l_forw_fit: 1.0261e+03 l_mi: 1.0000e+00 l_h: 9.8932e+03 
26-08-16 15:22:41.890 - INFO: <epoch:  1, iter:  30,400, lr:1.000e-04> l_back_rec: 6.3063e+02 l_forw_fit: 8.6491e+02 l_mi: 1.0000e+00 l_h: 8.8772e+03 
26-08-16 15:23:32.042 - INFO: <epoch:  1, iter:  30,500, lr:1.000e-04> l_back_rec: 6.8776e+02 l_forw_fit: 6.6190e+02 l_mi: 1.0000e+00 l_h: 1.2824e+04 
26-08-16 15:24:20.524 - INFO: <epoch:  1, iter:  30,600, lr:1.000e-04> l_back_rec: 6.6397e+02 l_forw_fit: 7.3231e+02 l_mi: 1.0000e+00 l_h: 9.4623e+03 
26-08-16 15:25:11.262 - INFO: <epoch:  1, iter:  30,700, lr:1.000e-04> l_back_rec: 5.5404e+02 l_forw_fit: 5.3673e+02 l_mi: 1.0000e+00 l_h: 7.2699e+03 
26-08-16 15:26:01.664 - INFO: <epoch:  1, iter:  30,800, lr:1.000e-04> l_back_rec: 6.9166e+02 l_forw_fit: 7.2325e+02 l_mi: 1.0000e+00 l_h: 9.6420e+03 
26-08-16 15:26:53.088 - INFO: <epoch:  1, iter:  30,900, lr:1.000e-04> l_back_rec: 7.9974e+02 l_forw_fit: 9.6443e+02 l_mi: 1.0000e+00 l_h: 1.7240e+04 
26-08-16 15:27:45.377 - INFO: <epoch:  1, iter:  31,000, lr:1.000e-04> l_back_rec: 6.0605e+02 l_forw_fit: 6.5164e+02 l_mi: 1.0000e+00 l_h: 8.2454e+03 
26-08-16 15:28:24.209 - INFO: # Validation # PSNR_Cover: 4.7483e+01, PSNR_Secret: 4.3366e+01, PSNR_Stego: 4.2886e+01
26-08-16 15:29:15.299 - INFO: <epoch:  1, iter:  31,100, lr:1.000e-04> l_back_rec: 7.5470e+02 l_forw_fit: 9.0012e+02 l_mi: 1.0000e+00 l_h: 1.1287e+04 
26-08-16 15:30:06.113 - INFO: <epoch:  1, iter:  31,200, lr:1.000e-04> l_back_rec: 6.0431e+02 l_forw_fit: 9.2926e+02 l_mi: 1.0000e+00 l_h: 1.3557e+04 
26-08-16 15:30:57.545 - INFO: <epoch:  1, iter:  31,300, lr:1.000e-04> l_back_rec: 7.3835e+02 l_forw_fit: 7.7111e+02 l_mi: 1.0000e+00 l_h: 9.9377e+03 
26-08-16 15:31:48.424 - INFO: <epoch:  1, iter:  31,400, lr:1.000e-04> l_back_rec: 7.2562e+02 l_forw_fit: 7.4449e+02 l_mi: 1.0000e+00 l_h: 1.6785e+04 
26-08-16 15:32:39.444 - INFO: <epoch:  1, iter:  31,500, lr:1.000e-04> l_back_rec: 6.9489e+02 l_forw_fit: 8.6365e+02 l_mi: 1.0000e+00 l_h: 1.0831e+04 
26-08-16 15:33:29.962 - INFO: <epoch:  1, iter:  31,600, lr:1.000e-04> l_back_rec: 6.8939e+02 l_forw_fit: 9.7485e+02 l_mi: 1.0000e+00 l_h: 1.8782e+04 
26-08-16 15:34:20.474 - INFO: <epoch:  1, iter:  31,700, lr:1.000e-04> l_back_rec: 6.0123e+02 l_forw_fit: 6.9916e+02 l_mi: 1.0000e+00 l_h: 8.6291e+03 
26-08-16 15:35:10.830 - INFO: <epoch:  1, iter:  31,800, lr:1.000e-04> l_back_rec: 5.9833e+02 l_forw_fit: 6.5790e+02 l_mi: 1.0000e+00 l_h: 8.1012e+03 
26-08-16 15:36:01.285 - INFO: <epoch:  1, iter:  31,900, lr:1.000e-04> l_back_rec: 5.9901e+02 l_forw_fit: 5.0979e+02 l_mi: 1.0000e+00 l_h: 8.7236e+03 
26-08-16 15:36:51.169 - INFO: <epoch:  1, iter:  32,000, lr:1.000e-04> l_back_rec: 6.5142e+02 l_forw_fit: 7.9115e+02 l_mi: 1.0000e+00 l_h: 1.0554e+04 
26-08-16 15:37:29.359 - INFO: # Validation # PSNR_Cover: 4.6405e+01, PSNR_Secret: 4.2341e+01, PSNR_Stego: 4.2320e+01
26-08-16 15:38:19.891 - INFO: <epoch:  1, iter:  32,100, lr:1.000e-04> l_back_rec: 7.1906e+02 l_forw_fit: 1.2026e+03 l_mi: 1.0000e+00 l_h: 1.2499e+04 
26-08-16 15:39:10.457 - INFO: <epoch:  1, iter:  32,200, lr:1.000e-04> l_back_rec: 6.8052e+02 l_forw_fit: 8.6119e+02 l_mi: 1.0000e+00 l_h: 1.1016e+04 
26-08-16 15:39:59.166 - INFO: <epoch:  1, iter:  32,300, lr:1.000e-04> l_back_rec: 8.2277e+02 l_forw_fit: 1.4926e+03 l_mi: 1.0000e+00 l_h: 1.6478e+04 
26-08-16 15:42:09.853 - INFO: <epoch:  2, iter:  32,400, lr:1.000e-04> l_back_rec: 5.6925e+02 l_forw_fit: 6.4106e+02 l_mi: 1.0000e+00 l_h: 9.0944e+03 
26-08-16 15:43:00.898 - INFO: <epoch:  2, iter:  32,500, lr:1.000e-04> l_back_rec: 7.5013e+02 l_forw_fit: 1.0141e+03 l_mi: 1.0000e+00 l_h: 9.7240e+03 
26-08-16 15:43:51.971 - INFO: <epoch:  2, iter:  32,600, lr:1.000e-04> l_back_rec: 7.2023e+02 l_forw_fit: 9.9756e+02 l_mi: 1.0000e+00 l_h: 1.3592e+04 
26-08-16 15:44:42.823 - INFO: <epoch:  2, iter:  32,700, lr:1.000e-04> l_back_rec: 5.4159e+02 l_forw_fit: 4.5854e+02 l_mi: 1.0000e+00 l_h: 6.5045e+03 
26-08-16 15:45:34.005 - INFO: <epoch:  2, iter:  32,800, lr:1.000e-04> l_back_rec: 6.6871e+02 l_forw_fit: 1.3000e+03 l_mi: 1.0000e+00 l_h: 1.6173e+04 
26-08-16 15:46:25.803 - INFO: <epoch:  2, iter:  32,900, lr:1.000e-04> l_back_rec: 5.4656e+02 l_forw_fit: 6.4629e+02 l_mi: 1.0000e+00 l_h: 8.6777e+03 
26-08-16 15:47:17.416 - INFO: <epoch:  2, iter:  33,000, lr:1.000e-04> l_back_rec: 5.7432e+02 l_forw_fit: 5.5249e+02 l_mi: 1.0000e+00 l_h: 9.3764e+03 
26-08-16 15:47:55.473 - INFO: # Validation # PSNR_Cover: 4.6466e+01, PSNR_Secret: 4.2812e+01, PSNR_Stego: 4.2307e+01
26-08-16 15:48:46.801 - INFO: <epoch:  2, iter:  33,100, lr:1.000e-04> l_back_rec: 4.4618e+02 l_forw_fit: 3.2829e+02 l_mi: 1.0000e+00 l_h: 6.2504e+03 
26-08-16 15:49:37.418 - INFO: <epoch:  2, iter:  33,200, lr:1.000e-04> l_back_rec: 6.8541e+02 l_forw_fit: 1.1406e+03 l_mi: 1.0000e+00 l_h: 1.3955e+04 
26-08-16 15:50:28.594 - INFO: <epoch:  2, iter:  33,300, lr:1.000e-04> l_back_rec: 6.5321e+02 l_forw_fit: 7.3197e+02 l_mi: 1.0000e+00 l_h: 8.8948e+03 
26-08-16 15:51:20.671 - INFO: <epoch:  2, iter:  33,400, lr:1.000e-04> l_back_rec: 6.2342e+02 l_forw_fit: 5.4576e+02 l_mi: 1.0000e+00 l_h: 7.5279e+03 
26-08-16 15:52:12.905 - INFO: <epoch:  2, iter:  33,500, lr:1.000e-04> l_back_rec: 6.8871e+02 l_forw_fit: 8.8055e+02 l_mi: 1.0000e+00 l_h: 1.0633e+04 
26-08-16 15:53:03.609 - INFO: <epoch:  2, iter:  33,600, lr:1.000e-04> l_back_rec: 6.0963e+02 l_forw_fit: 5.1847e+02 l_mi: 1.0000e+00 l_h: 8.5259e+03 
26-08-16 15:53:54.748 - INFO: <epoch:  2, iter:  33,700, lr:1.000e-04> l_back_rec: 6.3209e+02 l_forw_fit: 8.8240e+02 l_mi: 1.0000e+00 l_h: 1.2973e+04 
26-08-16 15:54:45.863 - INFO: <epoch:  2, iter:  33,800, lr:1.000e-04> l_back_rec: 6.6676e+02 l_forw_fit: 9.5790e+02 l_mi: 1.0000e+00 l_h: 1.1558e+04 
26-08-16 15:55:36.780 - INFO: <epoch:  2, iter:  33,900, lr:1.000e-04> l_back_rec: 6.6866e+02 l_forw_fit: 7.8065e+02 l_mi: 1.0000e+00 l_h: 8.1416e+03 
26-08-16 15:56:27.342 - INFO: <epoch:  2, iter:  34,000, lr:1.000e-04> l_back_rec: 6.0465e+02 l_forw_fit: 7.8771e+02 l_mi: 1.0000e+00 l_h: 1.0284e+04 
26-08-16 15:57:06.193 - INFO: # Validation # PSNR_Cover: 4.7376e+01, PSNR_Secret: 4.3778e+01, PSNR_Stego: 4.2581e+01
26-08-16 15:57:56.309 - INFO: <epoch:  2, iter:  34,100, lr:1.000e-04> l_back_rec: 5.9232e+02 l_forw_fit: 7.0823e+02 l_mi: 1.0000e+00 l_h: 9.1547e+03 
26-08-16 15:58:47.214 - INFO: <epoch:  2, iter:  34,200, lr:1.000e-04> l_back_rec: 6.3156e+02 l_forw_fit: 7.0168e+02 l_mi: 1.0000e+00 l_h: 1.4056e+04 
26-08-16 15:59:37.266 - INFO: <epoch:  2, iter:  34,300, lr:1.000e-04> l_back_rec: 5.5146e+02 l_forw_fit: 5.1308e+02 l_mi: 1.0000e+00 l_h: 7.7011e+03 
26-08-16 16:00:27.706 - INFO: <epoch:  2, iter:  34,400, lr:1.000e-04> l_back_rec: 7.1091e+02 l_forw_fit: 6.1822e+02 l_mi: 1.0000e+00 l_h: 8.7857e+03 
26-08-16 16:01:18.501 - INFO: <epoch:  2, iter:  34,500, lr:1.000e-04> l_back_rec: 7.4943e+02 l_forw_fit: 8.8906e+02 l_mi: 1.0000e+00 l_h: 1.1328e+04 
26-08-16 16:02:08.980 - INFO: <epoch:  2, iter:  34,600, lr:1.000e-04> l_back_rec: 7.3430e+02 l_forw_fit: 1.1053e+03 l_mi: 1.0000e+00 l_h: 1.3288e+04 
26-08-16 16:02:58.761 - INFO: <epoch:  2, iter:  34,700, lr:1.000e-04> l_back_rec: 7.7590e+02 l_forw_fit: 8.7798e+02 l_mi: 1.0000e+00 l_h: 9.9643e+03 
26-08-16 16:03:49.175 - INFO: <epoch:  2, iter:  34,800, lr:1.000e-04> l_back_rec: 6.2891e+02 l_forw_fit: 6.6329e+02 l_mi: 1.0000e+00 l_h: 8.4528e+03 
26-08-16 16:04:39.269 - INFO: <epoch:  2, iter:  34,900, lr:1.000e-04> l_back_rec: 6.6538e+02 l_forw_fit: 8.5796e+02 l_mi: 1.0000e+00 l_h: 1.0348e+04 
26-08-16 16:05:30.076 - INFO: <epoch:  2, iter:  35,000, lr:1.000e-04> l_back_rec: 7.1906e+02 l_forw_fit: 8.5677e+02 l_mi: 1.0000e+00 l_h: 1.0951e+04 
26-08-16 16:06:09.338 - INFO: # Validation # PSNR_Cover: 4.6943e+01, PSNR_Secret: 4.3649e+01, PSNR_Stego: 4.2447e+01
26-08-16 16:06:09.338 - INFO: Saving models and training states.
26-08-16 16:07:00.912 - INFO: <epoch:  2, iter:  35,100, lr:1.000e-04> l_back_rec: 6.2149e+02 l_forw_fit: 7.6331e+02 l_mi: 1.0000e+00 l_h: 9.7234e+03 
26-08-16 16:07:50.910 - INFO: <epoch:  2, iter:  35,200, lr:1.000e-04> l_back_rec: 6.9485e+02 l_forw_fit: 1.0150e+03 l_mi: 1.0000e+00 l_h: 1.1770e+04 
26-08-16 16:08:41.357 - INFO: <epoch:  2, iter:  35,300, lr:1.000e-04> l_back_rec: 7.0425e+02 l_forw_fit: 9.4133e+02 l_mi: 1.0000e+00 l_h: 1.1987e+04 
26-08-16 16:09:31.465 - INFO: <epoch:  2, iter:  35,400, lr:1.000e-04> l_back_rec: 8.1894e+02 l_forw_fit: 9.4612e+02 l_mi: 1.0000e+00 l_h: 1.1567e+04 
26-08-16 16:10:21.986 - INFO: <epoch:  2, iter:  35,500, lr:1.000e-04> l_back_rec: 5.0514e+02 l_forw_fit: 5.2042e+02 l_mi: 1.0000e+00 l_h: 7.5042e+03 
26-08-16 16:11:12.492 - INFO: <epoch:  2, iter:  35,600, lr:1.000e-04> l_back_rec: 5.7760e+02 l_forw_fit: 7.0275e+02 l_mi: 1.0000e+00 l_h: 7.4046e+03 
26-08-16 16:12:02.711 - INFO: <epoch:  2, iter:  35,700, lr:1.000e-04> l_back_rec: 6.2010e+02 l_forw_fit: 8.0240e+02 l_mi: 1.0000e+00 l_h: 9.9736e+03 
26-08-16 16:12:52.973 - INFO: <epoch:  2, iter:  35,800, lr:1.000e-04> l_back_rec: 5.9779e+02 l_forw_fit: 9.2167e+02 l_mi: 1.0000e+00 l_h: 1.0762e+04 
26-08-16 16:13:43.235 - INFO: <epoch:  2, iter:  35,900, lr:1.000e-04> l_back_rec: 7.1959e+02 l_forw_fit: 8.2393e+02 l_mi: 1.0000e+00 l_h: 1.5706e+04 
26-08-16 16:14:33.755 - INFO: <epoch:  2, iter:  36,000, lr:1.000e-04> l_back_rec: 5.4629e+02 l_forw_fit: 1.1934e+03 l_mi: 1.0000e+00 l_h: 9.8884e+03 
26-08-16 16:15:12.038 - INFO: # Validation # PSNR_Cover: 4.7275e+01, PSNR_Secret: 4.3599e+01, PSNR_Stego: 4.1833e+01
26-08-16 16:16:02.139 - INFO: <epoch:  2, iter:  36,100, lr:1.000e-04> l_back_rec: 5.5507e+02 l_forw_fit: 4.4856e+02 l_mi: 1.0000e+00 l_h: 7.0558e+03 
26-08-16 16:16:52.350 - INFO: <epoch:  2, iter:  36,200, lr:1.000e-04> l_back_rec: 5.6199e+02 l_forw_fit: 6.8456e+02 l_mi: 1.0000e+00 l_h: 9.8316e+03 
26-08-16 16:17:41.691 - INFO: <epoch:  2, iter:  36,300, lr:1.000e-04> l_back_rec: 7.4744e+02 l_forw_fit: 1.4018e+03 l_mi: 1.0000e+00 l_h: 1.1148e+04 
26-08-16 16:18:32.758 - INFO: <epoch:  2, iter:  36,400, lr:1.000e-04> l_back_rec: 5.9594e+02 l_forw_fit: 9.7102e+02 l_mi: 1.0000e+00 l_h: 7.8178e+03 
26-08-16 16:19:20.832 - INFO: <epoch:  2, iter:  36,500, lr:1.000e-04> l_back_rec: 7.7053e+02 l_forw_fit: 1.8685e+03 l_mi: 1.0000e+00 l_h: 1.6820e+04 
26-08-16 16:20:10.403 - INFO: <epoch:  2, iter:  36,600, lr:1.000e-04> l_back_rec: 5.9953e+02 l_forw_fit: 7.7400e+02 l_mi: 1.0000e+00 l_h: 9.8600e+03 
26-08-16 16:21:00.127 - INFO: <epoch:  2, iter:  36,700, lr:1.000e-04> l_back_rec: 5.1569e+02 l_forw_fit: 5.2927e+02 l_mi: 1.0000e+00 l_h: 8.1383e+03 
26-08-16 16:21:50.169 - INFO: <epoch:  2, iter:  36,800, lr:1.000e-04> l_back_rec: 6.3837e+02 l_forw_fit: 6.5747e+02 l_mi: 1.0000e+00 l_h: 9.6709e+03 
26-08-16 16:22:40.047 - INFO: <epoch:  2, iter:  36,900, lr:1.000e-04> l_back_rec: 6.4851e+02 l_forw_fit: 6.6272e+02 l_mi: 1.0000e+00 l_h: 8.9679e+03 
26-08-16 16:23:30.257 - INFO: <epoch:  2, iter:  37,000, lr:1.000e-04> l_back_rec: 5.1113e+02 l_forw_fit: 4.3685e+02 l_mi: 1.0000e+00 l_h: 6.7400e+03 
26-08-16 16:24:08.318 - INFO: # Validation # PSNR_Cover: 4.7621e+01, PSNR_Secret: 4.3630e+01, PSNR_Stego: 4.2632e+01
26-08-16 16:24:58.350 - INFO: <epoch:  2, iter:  37,100, lr:1.000e-04> l_back_rec: 7.4455e+02 l_forw_fit: 8.9137e+02 l_mi: 1.0000e+00 l_h: 1.2607e+04 
26-08-16 16:25:49.428 - INFO: <epoch:  2, iter:  37,200, lr:1.000e-04> l_back_rec: 5.2926e+02 l_forw_fit: 6.3208e+02 l_mi: 1.0000e+00 l_h: 1.1313e+04 
26-08-16 16:26:41.374 - INFO: <epoch:  2, iter:  37,300, lr:1.000e-04> l_back_rec: 7.3053e+02 l_forw_fit: 1.0323e+03 l_mi: 1.0000e+00 l_h: 1.2083e+04 
26-08-16 16:27:31.749 - INFO: <epoch:  2, iter:  37,400, lr:1.000e-04> l_back_rec: 6.6550e+02 l_forw_fit: 7.1336e+02 l_mi: 1.0000e+00 l_h: 1.0158e+04 
26-08-16 16:28:22.986 - INFO: <epoch:  2, iter:  37,500, lr:1.000e-04> l_back_rec: 5.3338e+02 l_forw_fit: 4.8556e+02 l_mi: 1.0000e+00 l_h: 7.1878e+03 
26-08-16 16:29:13.563 - INFO: <epoch:  2, iter:  37,600, lr:1.000e-04> l_back_rec: 6.3835e+02 l_forw_fit: 9.4618e+02 l_mi: 1.0000e+00 l_h: 9.6847e+03 
26-08-16 16:30:04.237 - INFO: <epoch:  2, iter:  37,700, lr:1.000e-04> l_back_rec: 7.8047e+02 l_forw_fit: 1.4636e+03 l_mi: 1.0000e+00 l_h: 1.3927e+04 
26-08-16 16:30:54.812 - INFO: <epoch:  2, iter:  37,800, lr:1.000e-04> l_back_rec: 6.0218e+02 l_forw_fit: 7.1326e+02 l_mi: 1.0000e+00 l_h: 8.3845e+03 
26-08-16 16:31:45.443 - INFO: <epoch:  2, iter:  37,900, lr:1.000e-04> l_back_rec: 1.0135e+03 l_forw_fit: 1.6620e+03 l_mi: 1.0000e+00 l_h: 1.3644e+04 
26-08-16 16:32:36.153 - INFO: <epoch:  2, iter:  38,000, lr:1.000e-04> l_back_rec: 6.3270e+02 l_forw_fit: 7.8003e+02 l_mi: 1.0000e+00 l_h: 9.4639e+03 
26-08-16 16:33:14.818 - INFO: # Validation # PSNR_Cover: 4.7563e+01, PSNR_Secret: 4.4251e+01, PSNR_Stego: 4.2638e+01
26-08-16 16:34:06.948 - INFO: <epoch:  2, iter:  38,100, lr:1.000e-04> l_back_rec: 6.4090e+02 l_forw_fit: 6.9517e+02 l_mi: 1.0000e+00 l_h: 8.4011e+03 
26-08-16 16:34:57.285 - INFO: <epoch:  2, iter:  38,200, lr:1.000e-04> l_back_rec: 5.5558e+02 l_forw_fit: 1.3285e+03 l_mi: 1.0000e+00 l_h: 7.0210e+03 
26-08-16 16:35:47.002 - INFO: <epoch:  2, iter:  38,300, lr:1.000e-04> l_back_rec: 6.6479e+02 l_forw_fit: 7.6350e+02 l_mi: 1.0000e+00 l_h: 1.1036e+04 
26-08-16 16:36:37.056 - INFO: <epoch:  2, iter:  38,400, lr:1.000e-04> l_back_rec: 6.6676e+02 l_forw_fit: 9.5952e+02 l_mi: 1.0000e+00 l_h: 1.0554e+04 
26-08-16 16:37:27.959 - INFO: <epoch:  2, iter:  38,500, lr:1.000e-04> l_back_rec: 5.5076e+02 l_forw_fit: 5.4364e+02 l_mi: 1.0000e+00 l_h: 8.7332e+03 
26-08-16 16:38:18.969 - INFO: <epoch:  2, iter:  38,600, lr:1.000e-04> l_back_rec: 5.1489e+02 l_forw_fit: 4.9249e+02 l_mi: 1.0000e+00 l_h: 7.6447e+03 
26-08-16 16:39:09.552 - INFO: <epoch:  2, iter:  38,700, lr:1.000e-04> l_back_rec: 6.8637e+02 l_forw_fit: 7.3591e+02 l_mi: 1.0000e+00 l_h: 1.0738e+04 
26-08-16 16:40:00.192 - INFO: <epoch:  2, iter:  38,800, lr:1.000e-04> l_back_rec: 5.5283e+02 l_forw_fit: 6.0991e+02 l_mi: 1.0000e+00 l_h: 8.2480e+03 
26-08-16 16:40:50.088 - INFO: <epoch:  2, iter:  38,900, lr:1.000e-04> l_back_rec: 5.9025e+02 l_forw_fit: 6.5114e+02 l_mi: 1.0000e+00 l_h: 9.1210e+03 
26-08-16 16:41:39.345 - INFO: <epoch:  2, iter:  39,000, lr:1.000e-04> l_back_rec: 6.2137e+02 l_forw_fit: 8.9938e+02 l_mi: 1.0000e+00 l_h: 9.7842e+03 
26-08-16 16:42:16.212 - INFO: # Validation # PSNR_Cover: 4.7308e+01, PSNR_Secret: 4.3234e+01, PSNR_Stego: 4.2408e+01
26-08-16 16:43:00.799 - INFO: <epoch:  2, iter:  39,100, lr:1.000e-04> l_back_rec: 7.4373e+02 l_forw_fit: 1.6517e+03 l_mi: 1.0000e+00 l_h: 1.4197e+04 
26-08-16 16:43:48.445 - INFO: <epoch:  2, iter:  39,200, lr:1.000e-04> l_back_rec: 6.2532e+02 l_forw_fit: 7.2203e+02 l_mi: 1.0000e+00 l_h: 9.0518e+03 
26-08-16 16:44:37.870 - INFO: <epoch:  2, iter:  39,300, lr:1.000e-04> l_back_rec: 5.3712e+02 l_forw_fit: 8.0119e+02 l_mi: 1.0000e+00 l_h: 8.9981e+03 
26-08-16 16:45:27.578 - INFO: <epoch:  2, iter:  39,400, lr:1.000e-04> l_back_rec: 6.6013e+02 l_forw_fit: 9.7496e+02 l_mi: 1.0000e+00 l_h: 8.8458e+03 
26-08-16 16:46:18.671 - INFO: <epoch:  2, iter:  39,500, lr:1.000e-04> l_back_rec: 6.3999e+02 l_forw_fit: 1.2257e+03 l_mi: 1.0000e+00 l_h: 1.3641e+04 
26-08-16 16:47:09.517 - INFO: <epoch:  2, iter:  39,600, lr:1.000e-04> l_back_rec: 5.2613e+02 l_forw_fit: 6.0312e+02 l_mi: 1.0000e+00 l_h: 1.1172e+04 
26-08-16 16:48:00.349 - INFO: <epoch:  2, iter:  39,700, lr:1.000e-04> l_back_rec: 4.9453e+02 l_forw_fit: 5.1415e+02 l_mi: 1.0000e+00 l_h: 7.4336e+03 
26-08-16 16:48:51.321 - INFO: <epoch:  2, iter:  39,800, lr:1.000e-04> l_back_rec: 7.1918e+02 l_forw_fit: 1.1038e+03 l_mi: 1.0000e+00 l_h: 1.0642e+04 
26-08-16 16:49:41.544 - INFO: <epoch:  2, iter:  39,900, lr:1.000e-04> l_back_rec: 6.0923e+02 l_forw_fit: 7.3397e+02 l_mi: 1.0000e+00 l_h: 9.5651e+03 
26-08-16 16:50:31.898 - INFO: <epoch:  2, iter:  40,000, lr:1.000e-04> l_back_rec: 5.4000e+02 l_forw_fit: 5.7397e+02 l_mi: 1.0000e+00 l_h: 6.9999e+03 
26-08-16 16:51:08.931 - INFO: # Validation # PSNR_Cover: 4.7484e+01, PSNR_Secret: 4.3925e+01, PSNR_Stego: 4.2186e+01
26-08-16 16:51:08.932 - INFO: Saving models and training states.
26-08-16 16:52:00.125 - INFO: <epoch:  2, iter:  40,100, lr:1.000e-04> l_back_rec: 8.1024e+02 l_forw_fit: 8.1905e+02 l_mi: 1.0000e+00 l_h: 8.6631e+03 
26-08-16 16:52:51.624 - INFO: <epoch:  2, iter:  40,200, lr:1.000e-04> l_back_rec: 5.0900e+02 l_forw_fit: 4.4946e+02 l_mi: 1.0000e+00 l_h: 7.0824e+03 
26-08-16 16:53:41.499 - INFO: <epoch:  2, iter:  40,300, lr:1.000e-04> l_back_rec: 7.3840e+02 l_forw_fit: 1.6396e+03 l_mi: 1.0000e+00 l_h: 1.0021e+04 
26-08-16 16:54:31.312 - INFO: <epoch:  2, iter:  40,400, lr:1.000e-04> l_back_rec: 6.3737e+02 l_forw_fit: 7.1838e+02 l_mi: 1.0000e+00 l_h: 9.5553e+03 
26-08-16 16:55:22.108 - INFO: <epoch:  2, iter:  40,500, lr:1.000e-04> l_back_rec: 5.4124e+02 l_forw_fit: 4.9441e+02 l_mi: 1.0000e+00 l_h: 7.8038e+03 
26-08-16 16:56:12.465 - INFO: <epoch:  2, iter:  40,600, lr:1.000e-04> l_back_rec: 5.9221e+02 l_forw_fit: 7.6672e+02 l_mi: 1.0000e+00 l_h: 7.8179e+03 
26-08-16 16:57:02.727 - INFO: <epoch:  2, iter:  40,700, lr:1.000e-04> l_back_rec: 7.0114e+02 l_forw_fit: 1.2072e+03 l_mi: 1.0000e+00 l_h: 1.6333e+04 
26-08-16 16:57:53.209 - INFO: <epoch:  2, iter:  40,800, lr:1.000e-04> l_back_rec: 4.8090e+02 l_forw_fit: 3.7204e+02 l_mi: 1.0000e+00 l_h: 5.7223e+03 
26-08-16 16:58:44.638 - INFO: <epoch:  2, iter:  40,900, lr:1.000e-04> l_back_rec: 5.4382e+02 l_forw_fit: 5.0670e+02 l_mi: 1.0000e+00 l_h: 7.0576e+03 
26-08-16 16:59:35.399 - INFO: <epoch:  2, iter:  41,000, lr:1.000e-04> l_back_rec: 7.8165e+02 l_forw_fit: 1.2326e+03 l_mi: 1.0000e+00 l_h: 1.2079e+04 
26-08-16 17:00:13.404 - INFO: # Validation # PSNR_Cover: 4.7578e+01, PSNR_Secret: 4.4728e+01, PSNR_Stego: 4.2390e+01
26-08-16 17:01:04.193 - INFO: <epoch:  2, iter:  41,100, lr:1.000e-04> l_back_rec: 5.9921e+02 l_forw_fit: 8.3505e+02 l_mi: 1.0000e+00 l_h: 8.2285e+03 
26-08-16 17:01:54.330 - INFO: <epoch:  2, iter:  41,200, lr:1.000e-04> l_back_rec: 7.4207e+02 l_forw_fit: 9.5013e+02 l_mi: 1.0000e+00 l_h: 1.1345e+04 
26-08-16 17:02:44.504 - INFO: <epoch:  2, iter:  41,300, lr:1.000e-04> l_back_rec: 6.0538e+02 l_forw_fit: 6.4466e+02 l_mi: 1.0000e+00 l_h: 1.0243e+04 
26-08-16 17:03:37.102 - INFO: <epoch:  2, iter:  41,400, lr:1.000e-04> l_back_rec: 6.2630e+02 l_forw_fit: 1.0152e+03 l_mi: 1.0000e+00 l_h: 8.5303e+03 
26-08-16 17:04:27.823 - INFO: <epoch:  2, iter:  41,500, lr:1.000e-04> l_back_rec: 5.3008e+02 l_forw_fit: 4.5572e+02 l_mi: 1.0000e+00 l_h: 6.5819e+03 
26-08-16 17:05:21.770 - INFO: <epoch:  2, iter:  41,600, lr:1.000e-04> l_back_rec: 6.4786e+02 l_forw_fit: 9.6097e+02 l_mi: 1.0000e+00 l_h: 1.1076e+04 
26-08-16 17:06:12.396 - INFO: <epoch:  2, iter:  41,700, lr:1.000e-04> l_back_rec: 6.0321e+02 l_forw_fit: 8.4551e+02 l_mi: 1.0000e+00 l_h: 1.0013e+04 
26-08-16 17:07:04.206 - INFO: <epoch:  2, iter:  41,800, lr:1.000e-04> l_back_rec: 6.8974e+02 l_forw_fit: 8.5322e+02 l_mi: 1.0000e+00 l_h: 9.9698e+03 
26-08-16 17:07:55.048 - INFO: <epoch:  2, iter:  41,900, lr:1.000e-04> l_back_rec: 7.3117e+02 l_forw_fit: 1.1083e+03 l_mi: 1.0000e+00 l_h: 1.6866e+04 
26-08-16 17:08:46.047 - INFO: <epoch:  2, iter:  42,000, lr:1.000e-04> l_back_rec: 5.6954e+02 l_forw_fit: 5.4513e+02 l_mi: 1.0000e+00 l_h: 7.9171e+03 
26-08-16 17:09:23.488 - INFO: # Validation # PSNR_Cover: 4.6955e+01, PSNR_Secret: 4.3865e+01, PSNR_Stego: 4.3177e+01
26-08-16 17:10:14.152 - INFO: <epoch:  2, iter:  42,100, lr:1.000e-04> l_back_rec: 5.5084e+02 l_forw_fit: 7.7720e+02 l_mi: 1.0000e+00 l_h: 9.7976e+03 
26-08-16 17:11:04.776 - INFO: <epoch:  2, iter:  42,200, lr:1.000e-04> l_back_rec: 7.1843e+02 l_forw_fit: 7.2616e+02 l_mi: 1.0000e+00 l_h: 1.2354e+04 
26-08-16 17:11:55.453 - INFO: <epoch:  2, iter:  42,300, lr:1.000e-04> l_back_rec: 5.6611e+02 l_forw_fit: 5.4425e+02 l_mi: 1.0000e+00 l_h: 6.7336e+03 
26-08-16 17:12:45.955 - INFO: <epoch:  2, iter:  42,400, lr:1.000e-04> l_back_rec: 5.2320e+02 l_forw_fit: 5.9847e+02 l_mi: 1.0000e+00 l_h: 7.9110e+03 
26-08-16 17:13:34.915 - INFO: <epoch:  2, iter:  42,500, lr:1.000e-04> l_back_rec: 6.3310e+02 l_forw_fit: 6.6845e+02 l_mi: 1.0000e+00 l_h: 9.0818e+03 
26-08-16 17:14:26.610 - INFO: <epoch:  2, iter:  42,600, lr:1.000e-04> l_back_rec: 7.0707e+02 l_forw_fit: 9.4823e+02 l_mi: 1.0000e+00 l_h: 1.0413e+04 
26-08-16 17:15:17.727 - INFO: <epoch:  2, iter:  42,700, lr:1.000e-04> l_back_rec: 6.0439e+02 l_forw_fit: 7.8831e+02 l_mi: 1.0000e+00 l_h: 9.2316e+03 
26-08-16 17:16:09.275 - INFO: <epoch:  2, iter:  42,800, lr:1.000e-04> l_back_rec: 5.4118e+02 l_forw_fit: 5.6332e+02 l_mi: 1.0000e+00 l_h: 7.1207e+03 
26-08-16 17:17:00.505 - INFO: <epoch:  2, iter:  42,900, lr:1.000e-04> l_back_rec: 4.8603e+02 l_forw_fit: 4.3125e+02 l_mi: 1.0000e+00 l_h: 6.2913e+03 
26-08-16 17:17:51.600 - INFO: <epoch:  2, iter:  43,000, lr:1.000e-04> l_back_rec: 5.3522e+02 l_forw_fit: 8.7852e+02 l_mi: 1.0000e+00 l_h: 8.3757e+03 
26-08-16 17:18:30.718 - INFO: # Validation # PSNR_Cover: 4.7817e+01, PSNR_Secret: 4.4015e+01, PSNR_Stego: 4.2696e+01
26-08-16 17:19:22.564 - INFO: <epoch:  2, iter:  43,100, lr:1.000e-04> l_back_rec: 6.2121e+02 l_forw_fit: 6.5980e+02 l_mi: 1.0000e+00 l_h: 1.0120e+04 
26-08-16 17:20:13.696 - INFO: <epoch:  2, iter:  43,200, lr:1.000e-04> l_back_rec: 6.2647e+02 l_forw_fit: 6.1866e+02 l_mi: 1.0000e+00 l_h: 8.5191e+03 
26-08-16 17:21:05.298 - INFO: <epoch:  2, iter:  43,300, lr:1.000e-04> l_back_rec: 5.0125e+02 l_forw_fit: 3.9625e+02 l_mi: 1.0000e+00 l_h: 5.6333e+03 
26-08-16 17:21:56.861 - INFO: <epoch:  2, iter:  43,400, lr:1.000e-04> l_back_rec: 5.7409e+02 l_forw_fit: 7.0513e+02 l_mi: 1.0000e+00 l_h: 9.2451e+03 
26-08-16 17:22:47.317 - INFO: <epoch:  2, iter:  43,500, lr:1.000e-04> l_back_rec: 6.0348e+02 l_forw_fit: 7.0573e+02 l_mi: 1.0000e+00 l_h: 8.7912e+03 
26-08-16 17:23:38.259 - INFO: <epoch:  2, iter:  43,600, lr:1.000e-04> l_back_rec: 6.1446e+02 l_forw_fit: 8.0266e+02 l_mi: 1.0000e+00 l_h: 9.5398e+03 
26-08-16 17:24:28.989 - INFO: <epoch:  2, iter:  43,700, lr:1.000e-04> l_back_rec: 6.5364e+02 l_forw_fit: 7.2328e+02 l_mi: 1.0000e+00 l_h: 9.1146e+03 
26-08-16 17:25:20.360 - INFO: <epoch:  2, iter:  43,800, lr:1.000e-04> l_back_rec: 5.7134e+02 l_forw_fit: 6.3939e+02 l_mi: 1.0000e+00 l_h: 8.6010e+03 
26-08-16 17:26:11.109 - INFO: <epoch:  2, iter:  43,900, lr:1.000e-04> l_back_rec: 5.5625e+02 l_forw_fit: 6.0681e+02 l_mi: 1.0000e+00 l_h: 7.9502e+03 
26-08-16 17:27:02.206 - INFO: <epoch:  2, iter:  44,000, lr:1.000e-04> l_back_rec: 6.1695e+02 l_forw_fit: 6.4948e+02 l_mi: 1.0000e+00 l_h: 8.7348e+03 
26-08-16 17:27:39.146 - INFO: # Validation # PSNR_Cover: 4.6917e+01, PSNR_Secret: 4.3767e+01, PSNR_Stego: 4.2264e+01
26-08-16 17:28:27.742 - INFO: <epoch:  2, iter:  44,100, lr:1.000e-04> l_back_rec: 7.6735e+02 l_forw_fit: 8.8217e+02 l_mi: 1.0000e+00 l_h: 1.3652e+04 
26-08-16 17:29:18.241 - INFO: <epoch:  2, iter:  44,200, lr:1.000e-04> l_back_rec: 5.4407e+02 l_forw_fit: 4.9740e+02 l_mi: 1.0000e+00 l_h: 7.0766e+03 
26-08-16 17:30:08.132 - INFO: <epoch:  2, iter:  44,300, lr:1.000e-04> l_back_rec: 6.5755e+02 l_forw_fit: 1.0386e+03 l_mi: 1.0000e+00 l_h: 1.1534e+04 
26-08-16 17:30:58.209 - INFO: <epoch:  2, iter:  44,400, lr:1.000e-04> l_back_rec: 5.5402e+02 l_forw_fit: 5.8757e+02 l_mi: 1.0000e+00 l_h: 7.9684e+03 
26-08-16 17:31:48.762 - INFO: <epoch:  2, iter:  44,500, lr:1.000e-04> l_back_rec: 5.0401e+02 l_forw_fit: 4.6099e+02 l_mi: 1.0000e+00 l_h: 7.1835e+03 
26-08-16 17:32:38.754 - INFO: <epoch:  2, iter:  44,600, lr:1.000e-04> l_back_rec: 6.4141e+02 l_forw_fit: 7.6107e+02 l_mi: 1.0000e+00 l_h: 9.6368e+03 
26-08-16 17:33:29.410 - INFO: <epoch:  2, iter:  44,700, lr:1.000e-04> l_back_rec: 7.5125e+02 l_forw_fit: 9.2505e+02 l_mi: 1.0000e+00 l_h: 1.2619e+04 
26-08-16 17:34:19.445 - INFO: <epoch:  2, iter:  44,800, lr:1.000e-04> l_back_rec: 4.9706e+02 l_forw_fit: 3.9515e+02 l_mi: 1.0000e+00 l_h: 6.3095e+03 
26-08-16 17:35:09.234 - INFO: <epoch:  2, iter:  44,900, lr:1.000e-04> l_back_rec: 8.0935e+02 l_forw_fit: 1.1864e+03 l_mi: 1.0000e+00 l_h: 1.3718e+04 
26-08-16 17:35:59.068 - INFO: <epoch:  2, iter:  45,000, lr:1.000e-04> l_back_rec: 5.8129e+02 l_forw_fit: 5.4949e+02 l_mi: 1.0000e+00 l_h: 8.6804e+03 
26-08-16 17:36:36.934 - INFO: # Validation # PSNR_Cover: 4.8061e+01, PSNR_Secret: 4.4709e+01, PSNR_Stego: 4.3201e+01
26-08-16 17:36:36.935 - INFO: Saving models and training states.
26-08-16 17:37:29.693 - INFO: <epoch:  2, iter:  45,100, lr:1.000e-04> l_back_rec: 5.5178e+02 l_forw_fit: 6.5053e+02 l_mi: 1.0000e+00 l_h: 8.8789e+03 
26-08-16 17:38:19.472 - INFO: <epoch:  2, iter:  45,200, lr:1.000e-04> l_back_rec: 5.5132e+02 l_forw_fit: 6.2421e+02 l_mi: 1.0000e+00 l_h: 8.6134e+03 
26-08-16 17:39:09.062 - INFO: <epoch:  2, iter:  45,300, lr:1.000e-04> l_back_rec: 6.5331e+02 l_forw_fit: 7.4144e+02 l_mi: 1.0000e+00 l_h: 1.0190e+04 
26-08-16 17:39:58.853 - INFO: <epoch:  2, iter:  45,400, lr:1.000e-04> l_back_rec: 6.7785e+02 l_forw_fit: 8.0254e+02 l_mi: 1.0000e+00 l_h: 8.0372e+03 
26-08-16 17:40:49.011 - INFO: <epoch:  2, iter:  45,500, lr:1.000e-04> l_back_rec: 6.3009e+02 l_forw_fit: 7.3379e+02 l_mi: 1.0000e+00 l_h: 8.8331e+03 
26-08-16 17:41:39.306 - INFO: <epoch:  2, iter:  45,600, lr:1.000e-04> l_back_rec: 7.4979e+02 l_forw_fit: 1.1345e+03 l_mi: 1.0000e+00 l_h: 1.3453e+04 
26-08-16 17:42:29.121 - INFO: <epoch:  2, iter:  45,700, lr:1.000e-04> l_back_rec: 6.6834e+02 l_forw_fit: 1.0523e+03 l_mi: 1.0000e+00 l_h: 1.2098e+04 
26-08-16 17:43:20.562 - INFO: <epoch:  2, iter:  45,800, lr:1.000e-04> l_back_rec: 5.8541e+02 l_forw_fit: 6.1408e+02 l_mi: 1.0000e+00 l_h: 8.1728e+03 
26-08-16 17:44:10.492 - INFO: <epoch:  2, iter:  45,900, lr:1.000e-04> l_back_rec: 5.5086e+02 l_forw_fit: 6.6827e+02 l_mi: 1.0000e+00 l_h: 9.3011e+03 
26-08-16 17:45:01.635 - INFO: <epoch:  2, iter:  46,000, lr:1.000e-04> l_back_rec: 5.8581e+02 l_forw_fit: 6.1206e+02 l_mi: 1.0000e+00 l_h: 7.6468e+03 
26-08-16 17:45:40.465 - INFO: # Validation # PSNR_Cover: 4.7788e+01, PSNR_Secret: 4.4340e+01, PSNR_Stego: 4.2989e+01
26-08-16 17:46:27.918 - INFO: <epoch:  2, iter:  46,100, lr:1.000e-04> l_back_rec: 6.4069e+02 l_forw_fit: 9.7001e+02 l_mi: 1.0000e+00 l_h: 9.7693e+03 
26-08-16 17:47:18.501 - INFO: <epoch:  2, iter:  46,200, lr:1.000e-04> l_back_rec: 6.7603e+02 l_forw_fit: 9.4181e+02 l_mi: 1.0000e+00 l_h: 1.0180e+04 
26-08-16 17:48:08.480 - INFO: <epoch:  2, iter:  46,300, lr:1.000e-04> l_back_rec: 5.6213e+02 l_forw_fit: 6.4948e+02 l_mi: 1.0000e+00 l_h: 9.1821e+03 
26-08-16 17:48:58.460 - INFO: <epoch:  2, iter:  46,400, lr:1.000e-04> l_back_rec: 6.6145e+02 l_forw_fit: 8.5284e+02 l_mi: 1.0000e+00 l_h: 1.0486e+04 
26-08-16 17:49:48.386 - INFO: <epoch:  2, iter:  46,500, lr:1.000e-04> l_back_rec: 5.4069e+02 l_forw_fit: 5.8843e+02 l_mi: 1.0000e+00 l_h: 8.1434e+03 
26-08-16 17:50:38.304 - INFO: <epoch:  2, iter:  46,600, lr:1.000e-04> l_back_rec: 5.0361e+02 l_forw_fit: 5.1893e+02 l_mi: 1.0000e+00 l_h: 8.4979e+03 
26-08-16 17:51:28.465 - INFO: <epoch:  2, iter:  46,700, lr:1.000e-04> l_back_rec: 5.2863e+02 l_forw_fit: 4.7483e+02 l_mi: 1.0000e+00 l_h: 7.8082e+03 
26-08-16 17:52:20.381 - INFO: <epoch:  2, iter:  46,800, lr:1.000e-04> l_back_rec: 5.5105e+02 l_forw_fit: 5.0035e+02 l_mi: 1.0000e+00 l_h: 7.3719e+03 
26-08-16 17:53:11.174 - INFO: <epoch:  2, iter:  46,900, lr:1.000e-04> l_back_rec: 6.4657e+02 l_forw_fit: 8.9837e+02 l_mi: 1.0000e+00 l_h: 9.9223e+03 
26-08-16 17:54:02.235 - INFO: <epoch:  2, iter:  47,000, lr:1.000e-04> l_back_rec: 8.3836e+02 l_forw_fit: 1.0748e+03 l_mi: 1.0000e+00 l_h: 1.1224e+04 
26-08-16 17:54:40.209 - INFO: # Validation # PSNR_Cover: 4.7609e+01, PSNR_Secret: 4.4250e+01, PSNR_Stego: 4.2657e+01
26-08-16 17:55:30.613 - INFO: <epoch:  2, iter:  47,100, lr:1.000e-04> l_back_rec: 5.4220e+02 l_forw_fit: 5.4320e+02 l_mi: 1.0000e+00 l_h: 1.0583e+04 
26-08-16 17:56:20.734 - INFO: <epoch:  2, iter:  47,200, lr:1.000e-04> l_back_rec: 5.3638e+02 l_forw_fit: 4.5812e+02 l_mi: 1.0000e+00 l_h: 5.8343e+03 
26-08-16 17:57:12.109 - INFO: <epoch:  2, iter:  47,300, lr:1.000e-04> l_back_rec: 6.4738e+02 l_forw_fit: 8.9097e+02 l_mi: 1.0000e+00 l_h: 1.0168e+04 
26-08-16 17:58:02.074 - INFO: <epoch:  2, iter:  47,400, lr:1.000e-04> l_back_rec: 5.4595e+02 l_forw_fit: 5.4810e+02 l_mi: 1.0000e+00 l_h: 7.0638e+03 
26-08-16 17:58:52.958 - INFO: <epoch:  2, iter:  47,500, lr:1.000e-04> l_back_rec: 5.3345e+02 l_forw_fit: 3.1688e+02 l_mi: 1.0000e+00 l_h: 5.3309e+03 
26-08-16 17:59:42.406 - INFO: <epoch:  2, iter:  47,600, lr:1.000e-04> l_back_rec: 5.5788e+02 l_forw_fit: 6.6540e+02 l_mi: 1.0000e+00 l_h: 8.5082e+03 
26-08-16 18:00:31.712 - INFO: <epoch:  2, iter:  47,700, lr:1.000e-04> l_back_rec: 4.8838e+02 l_forw_fit: 4.5455e+02 l_mi: 1.0000e+00 l_h: 6.2663e+03 
26-08-16 18:01:21.234 - INFO: <epoch:  2, iter:  47,800, lr:1.000e-04> l_back_rec: 6.2898e+02 l_forw_fit: 7.1854e+02 l_mi: 1.0000e+00 l_h: 9.4780e+03 
26-08-16 18:02:10.484 - INFO: <epoch:  2, iter:  47,900, lr:1.000e-04> l_back_rec: 5.6820e+02 l_forw_fit: 6.3177e+02 l_mi: 1.0000e+00 l_h: 7.2360e+03 
26-08-16 18:03:00.168 - INFO: <epoch:  2, iter:  48,000, lr:1.000e-04> l_back_rec: 5.6671e+02 l_forw_fit: 6.1256e+02 l_mi: 1.0000e+00 l_h: 8.1483e+03 
26-08-16 18:03:36.993 - INFO: # Validation # PSNR_Cover: 4.7589e+01, PSNR_Secret: 4.3985e+01, PSNR_Stego: 4.3094e+01
26-08-16 18:04:26.559 - INFO: <epoch:  2, iter:  48,100, lr:1.000e-04> l_back_rec: 5.1814e+02 l_forw_fit: 5.1929e+02 l_mi: 1.0000e+00 l_h: 7.9322e+03 
26-08-16 18:05:16.216 - INFO: <epoch:  2, iter:  48,200, lr:1.000e-04> l_back_rec: 5.6603e+02 l_forw_fit: 8.1599e+02 l_mi: 1.0000e+00 l_h: 8.2867e+03 
26-08-16 18:06:05.574 - INFO: <epoch:  2, iter:  48,300, lr:1.000e-04> l_back_rec: 6.1888e+02 l_forw_fit: 9.1838e+02 l_mi: 1.0000e+00 l_h: 1.0561e+04 
26-08-16 18:06:55.109 - INFO: <epoch:  2, iter:  48,400, lr:1.000e-04> l_back_rec: 6.5175e+02 l_forw_fit: 1.0245e+03 l_mi: 1.0000e+00 l_h: 1.0243e+04 
26-08-16 18:08:57.053 - INFO: <epoch:  3, iter:  48,500, lr:1.000e-04> l_back_rec: 7.5926e+02 l_forw_fit: 1.0663e+03 l_mi: 1.0000e+00 l_h: 1.1355e+04 
26-08-16 18:09:46.517 - INFO: <epoch:  3, iter:  48,600, lr:1.000e-04> l_back_rec: 5.8340e+02 l_forw_fit: 7.9256e+02 l_mi: 1.0000e+00 l_h: 9.7027e+03 
26-08-16 18:10:36.041 - INFO: <epoch:  3, iter:  48,700, lr:1.000e-04> l_back_rec: 5.5883e+02 l_forw_fit: 5.9534e+02 l_mi: 1.0000e+00 l_h: 8.1841e+03 
26-08-16 18:11:26.145 - INFO: <epoch:  3, iter:  48,800, lr:1.000e-04> l_back_rec: 5.4701e+02 l_forw_fit: 8.2555e+02 l_mi: 1.0000e+00 l_h: 7.5516e+03 
26-08-16 18:12:16.170 - INFO: <epoch:  3, iter:  48,900, lr:1.000e-04> l_back_rec: 5.0737e+02 l_forw_fit: 4.9934e+02 l_mi: 1.0000e+00 l_h: 8.1620e+03 
26-08-16 18:13:06.430 - INFO: <epoch:  3, iter:  49,000, lr:1.000e-04> l_back_rec: 6.1875e+02 l_forw_fit: 9.5170e+02 l_mi: 1.0000e+00 l_h: 9.4127e+03 
26-08-16 18:13:44.322 - INFO: # Validation # PSNR_Cover: 4.7363e+01, PSNR_Secret: 4.4780e+01, PSNR_Stego: 4.2249e+01
26-08-16 18:14:34.773 - INFO: <epoch:  3, iter:  49,100, lr:1.000e-04> l_back_rec: 5.4258e+02 l_forw_fit: 5.0680e+02 l_mi: 1.0000e+00 l_h: 7.6908e+03 
26-08-16 18:15:23.169 - INFO: <epoch:  3, iter:  49,200, lr:1.000e-04> l_back_rec: 4.8795e+02 l_forw_fit: 4.3061e+02 l_mi: 1.0000e+00 l_h: 6.2322e+03 
26-08-16 18:16:11.856 - INFO: <epoch:  3, iter:  49,300, lr:1.000e-04> l_back_rec: 5.5823e+02 l_forw_fit: 6.6451e+02 l_mi: 1.0000e+00 l_h: 7.3157e+03 
26-08-16 18:17:01.129 - INFO: <epoch:  3, iter:  49,400, lr:1.000e-04> l_back_rec: 6.3739e+02 l_forw_fit: 7.1830e+02 l_mi: 1.0000e+00 l_h: 8.5329e+03 
26-08-16 18:17:51.739 - INFO: <epoch:  3, iter:  49,500, lr:1.000e-04> l_back_rec: 6.5178e+02 l_forw_fit: 1.0005e+03 l_mi: 1.0000e+00 l_h: 1.0038e+04 
26-08-16 18:18:41.988 - INFO: <epoch:  3, iter:  49,600, lr:1.000e-04> l_back_rec: 5.3507e+02 l_forw_fit: 5.5031e+02 l_mi: 1.0000e+00 l_h: 7.4344e+03 
26-08-16 18:19:31.743 - INFO: <epoch:  3, iter:  49,700, lr:1.000e-04> l_back_rec: 6.3315e+02 l_forw_fit: 6.7431e+02 l_mi: 1.0000e+00 l_h: 8.8204e+03 
26-08-16 18:20:21.465 - INFO: <epoch:  3, iter:  49,800, lr:1.000e-04> l_back_rec: 4.5808e+02 l_forw_fit: 4.1186e+02 l_mi: 1.0000e+00 l_h: 5.8594e+03 
26-08-16 18:21:10.758 - INFO: <epoch:  3, iter:  49,900, lr:1.000e-04> l_back_rec: 4.9361e+02 l_forw_fit: 4.4881e+02 l_mi: 1.0000e+00 l_h: 6.7359e+03 
26-08-16 18:22:00.038 - INFO: <epoch:  3, iter:  50,000, lr:1.000e-04> l_back_rec: 6.0679e+02 l_forw_fit: 5.3509e+02 l_mi: 1.0000e+00 l_h: 9.4016e+03 
26-08-16 18:22:37.921 - INFO: # Validation # PSNR_Cover: 4.7930e+01, PSNR_Secret: 4.4585e+01, PSNR_Stego: 4.3224e+01
26-08-16 18:22:37.921 - INFO: Saving models and training states.
26-08-16 18:23:27.881 - INFO: <epoch:  3, iter:  50,100, lr:1.000e-04> l_back_rec: 6.3704e+02 l_forw_fit: 7.4610e+02 l_mi: 1.0000e+00 l_h: 9.6417e+03 
26-08-16 18:24:17.410 - INFO: <epoch:  3, iter:  50,200, lr:1.000e-04> l_back_rec: 5.9258e+02 l_forw_fit: 6.9084e+02 l_mi: 1.0000e+00 l_h: 8.9307e+03 
26-08-16 18:25:06.690 - INFO: <epoch:  3, iter:  50,300, lr:1.000e-04> l_back_rec: 4.5587e+02 l_forw_fit: 4.6476e+02 l_mi: 1.0000e+00 l_h: 6.5531e+03 
26-08-16 18:25:56.001 - INFO: <epoch:  3, iter:  50,400, lr:1.000e-04> l_back_rec: 5.4573e+02 l_forw_fit: 4.2657e+02 l_mi: 1.0000e+00 l_h: 5.7141e+03 
26-08-16 18:26:45.320 - INFO: <epoch:  3, iter:  50,500, lr:1.000e-04> l_back_rec: 6.0879e+02 l_forw_fit: 6.9381e+02 l_mi: 1.0000e+00 l_h: 9.4089e+03 
26-08-16 18:27:34.456 - INFO: <epoch:  3, iter:  50,600, lr:1.000e-04> l_back_rec: 6.3522e+02 l_forw_fit: 1.2377e+03 l_mi: 1.0000e+00 l_h: 1.3045e+04 
26-08-16 18:28:23.699 - INFO: <epoch:  3, iter:  50,700, lr:1.000e-04> l_back_rec: 5.7409e+02 l_forw_fit: 7.2785e+02 l_mi: 1.0000e+00 l_h: 8.5900e+03 
26-08-16 18:29:12.943 - INFO: <epoch:  3, iter:  50,800, lr:1.000e-04> l_back_rec: 6.6752e+02 l_forw_fit: 9.0214e+02 l_mi: 1.0000e+00 l_h: 8.9728e+03 
26-08-16 18:30:02.469 - INFO: <epoch:  3, iter:  50,900, lr:1.000e-04> l_back_rec: 5.2435e+02 l_forw_fit: 6.5226e+02 l_mi: 1.0000e+00 l_h: 7.2205e+03 
26-08-16 18:30:51.913 - INFO: <epoch:  3, iter:  51,000, lr:1.000e-04> l_back_rec: 7.6122e+02 l_forw_fit: 9.5219e+02 l_mi: 1.0000e+00 l_h: 1.0784e+04 
26-08-16 18:31:29.296 - INFO: # Validation # PSNR_Cover: 4.7907e+01, PSNR_Secret: 4.4782e+01, PSNR_Stego: 4.2777e+01
26-08-16 18:32:18.547 - INFO: <epoch:  3, iter:  51,100, lr:1.000e-04> l_back_rec: 6.1966e+02 l_forw_fit: 6.3733e+02 l_mi: 1.0000e+00 l_h: 8.6131e+03 
26-08-16 18:33:08.044 - INFO: <epoch:  3, iter:  51,200, lr:1.000e-04> l_back_rec: 6.0916e+02 l_forw_fit: 7.9584e+02 l_mi: 1.0000e+00 l_h: 9.3051e+03 
26-08-16 18:33:57.631 - INFO: <epoch:  3, iter:  51,300, lr:1.000e-04> l_back_rec: 6.2794e+02 l_forw_fit: 6.6255e+02 l_mi: 1.0000e+00 l_h: 8.6523e+03 
26-08-16 18:34:47.332 - INFO: <epoch:  3, iter:  51,400, lr:1.000e-04> l_back_rec: 5.2306e+02 l_forw_fit: 4.4949e+02 l_mi: 1.0000e+00 l_h: 5.8330e+03 
26-08-16 18:35:36.779 - INFO: <epoch:  3, iter:  51,500, lr:1.000e-04> l_back_rec: 4.8859e+02 l_forw_fit: 4.1884e+02 l_mi: 1.0000e+00 l_h: 5.7800e+03 
26-08-16 18:36:26.287 - INFO: <epoch:  3, iter:  51,600, lr:1.000e-04> l_back_rec: 5.3787e+02 l_forw_fit: 4.6545e+02 l_mi: 1.0000e+00 l_h: 8.0086e+03 
26-08-16 18:37:15.823 - INFO: <epoch:  3, iter:  51,700, lr:1.000e-04> l_back_rec: 5.2106e+02 l_forw_fit: 4.8322e+02 l_mi: 1.0000e+00 l_h: 7.0670e+03 
26-08-16 18:38:05.142 - INFO: <epoch:  3, iter:  51,800, lr:1.000e-04> l_back_rec: 5.3433e+02 l_forw_fit: 4.4855e+02 l_mi: 1.0000e+00 l_h: 6.6170e+03 
26-08-16 18:38:54.533 - INFO: <epoch:  3, iter:  51,900, lr:1.000e-04> l_back_rec: 6.3943e+02 l_forw_fit: 6.6002e+02 l_mi: 1.0000e+00 l_h: 7.4870e+03 
26-08-16 18:39:43.938 - INFO: <epoch:  3, iter:  52,000, lr:1.000e-04> l_back_rec: 7.2081e+02 l_forw_fit: 8.8481e+02 l_mi: 1.0000e+00 l_h: 9.5428e+03 
26-08-16 18:40:21.183 - INFO: # Validation # PSNR_Cover: 4.8294e+01, PSNR_Secret: 4.5144e+01, PSNR_Stego: 4.3111e+01
26-08-16 18:41:10.752 - INFO: <epoch:  3, iter:  52,100, lr:1.000e-04> l_back_rec: 6.6250e+02 l_forw_fit: 1.1268e+03 l_mi: 1.0000e+00 l_h: 1.2103e+04 
26-08-16 18:42:00.357 - INFO: <epoch:  3, iter:  52,200, lr:1.000e-04> l_back_rec: 5.8196e+02 l_forw_fit: 4.9978e+02 l_mi: 1.0000e+00 l_h: 8.1577e+03 
26-08-16 18:42:49.835 - INFO: <epoch:  3, iter:  52,300, lr:1.000e-04> l_back_rec: 5.6410e+02 l_forw_fit: 6.6693e+02 l_mi: 1.0000e+00 l_h: 8.6298e+03 
26-08-16 18:43:39.127 - INFO: <epoch:  3, iter:  52,400, lr:1.000e-04> l_back_rec: 4.7895e+02 l_forw_fit: 3.4213e+02 l_mi: 1.0000e+00 l_h: 6.0420e+03 
26-08-16 18:44:28.570 - INFO: <epoch:  3, iter:  52,500, lr:1.000e-04> l_back_rec: 5.8916e+02 l_forw_fit: 6.7187e+02 l_mi: 1.0000e+00 l_h: 8.1876e+03 
26-08-16 18:45:18.221 - INFO: <epoch:  3, iter:  52,600, lr:1.000e-04> l_back_rec: 5.6513e+02 l_forw_fit: 5.0388e+02 l_mi: 1.0000e+00 l_h: 7.4240e+03 
26-08-16 18:46:07.733 - INFO: <epoch:  3, iter:  52,700, lr:1.000e-04> l_back_rec: 6.7265e+02 l_forw_fit: 9.6622e+02 l_mi: 1.0000e+00 l_h: 1.1755e+04 
26-08-16 18:46:57.386 - INFO: <epoch:  3, iter:  52,800, lr:1.000e-04> l_back_rec: 5.2897e+02 l_forw_fit: 5.0556e+02 l_mi: 1.0000e+00 l_h: 8.4937e+03 
26-08-16 18:47:46.986 - INFO: <epoch:  3, iter:  52,900, lr:1.000e-04> l_back_rec: 6.7798e+02 l_forw_fit: 7.4862e+02 l_mi: 1.0000e+00 l_h: 8.5880e+03 
26-08-16 18:48:36.395 - INFO: <epoch:  3, iter:  53,000, lr:1.000e-04> l_back_rec: 6.7451e+02 l_forw_fit: 7.3902e+02 l_mi: 1.0000e+00 l_h: 8.1435e+03 
26-08-16 18:49:13.062 - INFO: # Validation # PSNR_Cover: 4.7954e+01, PSNR_Secret: 4.4515e+01, PSNR_Stego: 4.3255e+01
26-08-16 18:50:02.645 - INFO: <epoch:  3, iter:  53,100, lr:1.000e-04> l_back_rec: 5.6434e+02 l_forw_fit: 6.4033e+02 l_mi: 1.0000e+00 l_h: 8.8963e+03 
26-08-16 18:50:52.189 - INFO: <epoch:  3, iter:  53,200, lr:1.000e-04> l_back_rec: 6.1045e+02 l_forw_fit: 6.7616e+02 l_mi: 1.0000e+00 l_h: 9.5581e+03 
26-08-16 18:51:41.629 - INFO: <epoch:  3, iter:  53,300, lr:1.000e-04> l_back_rec: 5.3653e+02 l_forw_fit: 6.5278e+02 l_mi: 1.0000e+00 l_h: 8.1977e+03 
26-08-16 18:52:31.304 - INFO: <epoch:  3, iter:  53,400, lr:1.000e-04> l_back_rec: 5.8753e+02 l_forw_fit: 7.4336e+02 l_mi: 1.0000e+00 l_h: 8.4560e+03 
26-08-16 18:53:20.712 - INFO: <epoch:  3, iter:  53,500, lr:1.000e-04> l_back_rec: 5.9052e+02 l_forw_fit: 7.4715e+02 l_mi: 1.0000e+00 l_h: 9.9429e+03 
26-08-16 18:54:10.119 - INFO: <epoch:  3, iter:  53,600, lr:1.000e-04> l_back_rec: 5.5318e+02 l_forw_fit: 5.7997e+02 l_mi: 1.0000e+00 l_h: 7.6060e+03 
26-08-16 18:54:59.737 - INFO: <epoch:  3, iter:  53,700, lr:1.000e-04> l_back_rec: 5.7828e+02 l_forw_fit: 7.3779e+02 l_mi: 1.0000e+00 l_h: 8.6909e+03 
26-08-16 18:55:49.380 - INFO: <epoch:  3, iter:  53,800, lr:1.000e-04> l_back_rec: 5.4357e+02 l_forw_fit: 6.5006e+02 l_mi: 1.0000e+00 l_h: 1.1112e+04 
26-08-16 18:56:38.850 - INFO: <epoch:  3, iter:  53,900, lr:1.000e-04> l_back_rec: 5.5086e+02 l_forw_fit: 6.3180e+02 l_mi: 1.0000e+00 l_h: 8.6268e+03 
26-08-16 18:57:28.582 - INFO: <epoch:  3, iter:  54,000, lr:1.000e-04> l_back_rec: 7.1634e+02 l_forw_fit: 1.2105e+03 l_mi: 1.0000e+00 l_h: 9.7058e+03 
26-08-16 18:58:06.007 - INFO: # Validation # PSNR_Cover: 4.7990e+01, PSNR_Secret: 4.4495e+01, PSNR_Stego: 4.2794e+01
26-08-16 18:58:55.731 - INFO: <epoch:  3, iter:  54,100, lr:1.000e-04> l_back_rec: 7.1625e+02 l_forw_fit: 9.4934e+02 l_mi: 1.0000e+00 l_h: 9.0368e+03 
26-08-16 18:59:45.358 - INFO: <epoch:  3, iter:  54,200, lr:1.000e-04> l_back_rec: 5.5184e+02 l_forw_fit: 7.4919e+02 l_mi: 1.0000e+00 l_h: 7.6832e+03 
26-08-16 19:00:34.816 - INFO: <epoch:  3, iter:  54,300, lr:1.000e-04> l_back_rec: 5.0054e+02 l_forw_fit: 3.8956e+02 l_mi: 1.0000e+00 l_h: 6.9331e+03 
26-08-16 19:01:24.338 - INFO: <epoch:  3, iter:  54,400, lr:1.000e-04> l_back_rec: 4.9602e+02 l_forw_fit: 6.2993e+02 l_mi: 1.0000e+00 l_h: 6.7685e+03 
26-08-16 19:02:13.945 - INFO: <epoch:  3, iter:  54,500, lr:1.000e-04> l_back_rec: 5.6543e+02 l_forw_fit: 7.2497e+02 l_mi: 1.0000e+00 l_h: 7.6377e+03 
26-08-16 19:03:03.454 - INFO: <epoch:  3, iter:  54,600, lr:1.000e-04> l_back_rec: 5.4360e+02 l_forw_fit: 7.3449e+02 l_mi: 1.0000e+00 l_h: 8.0102e+03 
26-08-16 19:03:53.193 - INFO: <epoch:  3, iter:  54,700, lr:1.000e-04> l_back_rec: 4.9654e+02 l_forw_fit: 5.1938e+02 l_mi: 1.0000e+00 l_h: 6.0884e+03 
26-08-16 19:04:42.693 - INFO: <epoch:  3, iter:  54,800, lr:1.000e-04> l_back_rec: 6.1789e+02 l_forw_fit: 7.5159e+02 l_mi: 1.0000e+00 l_h: 7.6875e+03 
26-08-16 19:05:31.818 - INFO: <epoch:  3, iter:  54,900, lr:1.000e-04> l_back_rec: 5.9720e+02 l_forw_fit: 5.2468e+02 l_mi: 1.0000e+00 l_h: 7.0690e+03 
26-08-16 19:06:21.275 - INFO: <epoch:  3, iter:  55,000, lr:1.000e-04> l_back_rec: 4.8683e+02 l_forw_fit: 4.9301e+02 l_mi: 1.0000e+00 l_h: 6.8007e+03 
26-08-16 19:06:58.926 - INFO: # Validation # PSNR_Cover: 4.8229e+01, PSNR_Secret: 4.5163e+01, PSNR_Stego: 4.3205e+01
26-08-16 19:06:58.926 - INFO: Saving models and training states.
26-08-16 19:07:48.903 - INFO: <epoch:  3, iter:  55,100, lr:1.000e-04> l_back_rec: 4.6481e+02 l_forw_fit: 3.8436e+02 l_mi: 1.0000e+00 l_h: 6.2408e+03 
26-08-16 19:08:38.192 - INFO: <epoch:  3, iter:  55,200, lr:1.000e-04> l_back_rec: 5.4553e+02 l_forw_fit: 6.1739e+02 l_mi: 1.0000e+00 l_h: 7.7703e+03 
26-08-16 19:09:27.660 - INFO: <epoch:  3, iter:  55,300, lr:1.000e-04> l_back_rec: 6.1413e+02 l_forw_fit: 5.6383e+02 l_mi: 1.0000e+00 l_h: 7.6154e+03 
26-08-16 19:10:17.140 - INFO: <epoch:  3, iter:  55,400, lr:1.000e-04> l_back_rec: 6.2104e+02 l_forw_fit: 6.3859e+02 l_mi: 1.0000e+00 l_h: 7.7992e+03 
26-08-16 19:11:06.805 - INFO: <epoch:  3, iter:  55,500, lr:1.000e-04> l_back_rec: 5.7977e+02 l_forw_fit: 7.2841e+02 l_mi: 1.0000e+00 l_h: 7.6081e+03 
26-08-16 19:11:56.147 - INFO: <epoch:  3, iter:  55,600, lr:1.000e-04> l_back_rec: 6.8733e+02 l_forw_fit: 7.0849e+02 l_mi: 1.0000e+00 l_h: 8.8584e+03 
26-08-16 19:12:45.579 - INFO: <epoch:  3, iter:  55,700, lr:1.000e-04> l_back_rec: 5.5973e+02 l_forw_fit: 5.6166e+02 l_mi: 1.0000e+00 l_h: 7.3712e+03 
26-08-16 19:13:34.880 - INFO: <epoch:  3, iter:  55,800, lr:1.000e-04> l_back_rec: 5.3138e+02 l_forw_fit: 5.1146e+02 l_mi: 1.0000e+00 l_h: 6.7042e+03 
26-08-16 19:14:24.301 - INFO: <epoch:  3, iter:  55,900, lr:1.000e-04> l_back_rec: 6.2897e+02 l_forw_fit: 8.7428e+02 l_mi: 1.0000e+00 l_h: 9.8251e+03 
26-08-16 19:15:13.774 - INFO: <epoch:  3, iter:  56,000, lr:1.000e-04> l_back_rec: 4.9080e+02 l_forw_fit: 6.3431e+02 l_mi: 1.0000e+00 l_h: 7.3732e+03 
26-08-16 19:15:51.277 - INFO: # Validation # PSNR_Cover: 4.8522e+01, PSNR_Secret: 4.5582e+01, PSNR_Stego: 4.3027e+01
26-08-16 19:16:40.591 - INFO: <epoch:  3, iter:  56,100, lr:1.000e-04> l_back_rec: 5.4337e+02 l_forw_fit: 6.6493e+02 l_mi: 1.0000e+00 l_h: 8.5248e+03 
26-08-16 19:17:29.858 - INFO: <epoch:  3, iter:  56,200, lr:1.000e-04> l_back_rec: 5.7159e+02 l_forw_fit: 5.6904e+02 l_mi: 1.0000e+00 l_h: 7.6501e+03 
26-08-16 19:18:19.594 - INFO: <epoch:  3, iter:  56,300, lr:1.000e-04> l_back_rec: 5.3313e+02 l_forw_fit: 6.3761e+02 l_mi: 1.0000e+00 l_h: 8.0571e+03 
26-08-16 19:19:08.797 - INFO: <epoch:  3, iter:  56,400, lr:1.000e-04> l_back_rec: 5.6063e+02 l_forw_fit: 6.0877e+02 l_mi: 1.0000e+00 l_h: 6.9079e+03 
26-08-16 19:19:58.210 - INFO: <epoch:  3, iter:  56,500, lr:1.000e-04> l_back_rec: 5.2784e+02 l_forw_fit: 4.4814e+02 l_mi: 1.0000e+00 l_h: 6.6655e+03 
26-08-16 19:20:47.616 - INFO: <epoch:  3, iter:  56,600, lr:1.000e-04> l_back_rec: 5.6144e+02 l_forw_fit: 5.5035e+02 l_mi: 1.0000e+00 l_h: 7.2035e+03 
26-08-16 19:21:36.889 - INFO: <epoch:  3, iter:  56,700, lr:1.000e-04> l_back_rec: 6.5358e+02 l_forw_fit: 9.4641e+02 l_mi: 1.0000e+00 l_h: 1.0107e+04 
26-08-16 19:22:26.094 - INFO: <epoch:  3, iter:  56,800, lr:1.000e-04> l_back_rec: 5.2628e+02 l_forw_fit: 3.8161e+02 l_mi: 1.0000e+00 l_h: 7.3764e+03 
26-08-16 19:23:15.237 - INFO: <epoch:  3, iter:  56,900, lr:1.000e-04> l_back_rec: 5.2318e+02 l_forw_fit: 4.7699e+02 l_mi: 1.0000e+00 l_h: 6.6429e+03 
26-08-16 19:24:04.493 - INFO: <epoch:  3, iter:  57,000, lr:1.000e-04> l_back_rec: 5.6698e+02 l_forw_fit: 5.7820e+02 l_mi: 1.0000e+00 l_h: 7.4811e+03 
26-08-16 19:24:42.131 - INFO: # Validation # PSNR_Cover: 4.8600e+01, PSNR_Secret: 4.5344e+01, PSNR_Stego: 4.3336e+01
26-08-16 19:25:31.460 - INFO: <epoch:  3, iter:  57,100, lr:1.000e-04> l_back_rec: 7.9491e+02 l_forw_fit: 1.1640e+03 l_mi: 1.0000e+00 l_h: 1.0867e+04 
26-08-16 19:26:20.920 - INFO: <epoch:  3, iter:  57,200, lr:1.000e-04> l_back_rec: 5.5210e+02 l_forw_fit: 6.9221e+02 l_mi: 1.0000e+00 l_h: 8.0783e+03 
26-08-16 19:27:09.997 - INFO: <epoch:  3, iter:  57,300, lr:1.000e-04> l_back_rec: 5.5351e+02 l_forw_fit: 4.7005e+02 l_mi: 1.0000e+00 l_h: 6.5488e+03 
26-08-16 19:27:59.519 - INFO: <epoch:  3, iter:  57,400, lr:1.000e-04> l_back_rec: 6.5708e+02 l_forw_fit: 8.5467e+02 l_mi: 1.0000e+00 l_h: 1.1752e+04 
26-08-16 19:28:48.823 - INFO: <epoch:  3, iter:  57,500, lr:1.000e-04> l_back_rec: 4.4969e+02 l_forw_fit: 3.3810e+02 l_mi: 1.0000e+00 l_h: 5.9240e+03 
26-08-16 19:29:39.314 - INFO: <epoch:  3, iter:  57,600, lr:1.000e-04> l_back_rec: 5.4667e+02 l_forw_fit: 6.1211e+02 l_mi: 1.0000e+00 l_h: 8.8054e+03 
26-08-16 19:30:28.810 - INFO: <epoch:  3, iter:  57,700, lr:1.000e-04> l_back_rec: 5.1663e+02 l_forw_fit: 5.9771e+02 l_mi: 1.0000e+00 l_h: 7.7302e+03 
26-08-16 19:31:20.921 - INFO: <epoch:  3, iter:  57,800, lr:1.000e-04> l_back_rec: 5.6161e+02 l_forw_fit: 5.9092e+02 l_mi: 1.0000e+00 l_h: 7.3141e+03 
26-08-16 19:32:11.548 - INFO: <epoch:  3, iter:  57,900, lr:1.000e-04> l_back_rec: 6.3051e+02 l_forw_fit: 6.7606e+02 l_mi: 1.0000e+00 l_h: 9.2691e+03 
26-08-16 19:33:02.120 - INFO: <epoch:  3, iter:  58,000, lr:1.000e-04> l_back_rec: 5.9210e+02 l_forw_fit: 7.7968e+02 l_mi: 1.0000e+00 l_h: 8.3460e+03 
26-08-16 19:33:39.541 - INFO: # Validation # PSNR_Cover: 4.8211e+01, PSNR_Secret: 4.5337e+01, PSNR_Stego: 4.3196e+01
26-08-16 19:34:29.184 - INFO: <epoch:  3, iter:  58,100, lr:1.000e-04> l_back_rec: 5.8208e+02 l_forw_fit: 5.5351e+02 l_mi: 1.0000e+00 l_h: 8.4158e+03 
26-08-16 19:35:18.973 - INFO: <epoch:  3, iter:  58,200, lr:1.000e-04> l_back_rec: 5.7267e+02 l_forw_fit: 6.6983e+02 l_mi: 1.0000e+00 l_h: 9.2413e+03 
26-08-16 19:36:08.661 - INFO: <epoch:  3, iter:  58,300, lr:1.000e-04> l_back_rec: 5.1995e+02 l_forw_fit: 5.5039e+02 l_mi: 1.0000e+00 l_h: 7.2095e+03 
26-08-16 19:36:58.490 - INFO: <epoch:  3, iter:  58,400, lr:1.000e-04> l_back_rec: 5.6487e+02 l_forw_fit: 6.5284e+02 l_mi: 1.0000e+00 l_h: 8.9569e+03 
26-08-16 19:37:48.110 - INFO: <epoch:  3, iter:  58,500, lr:1.000e-04> l_back_rec: 5.6009e+02 l_forw_fit: 5.5198e+02 l_mi: 1.0000e+00 l_h: 6.9772e+03 
26-08-16 19:38:37.325 - INFO: <epoch:  3, iter:  58,600, lr:1.000e-04> l_back_rec: 5.9233e+02 l_forw_fit: 6.4285e+02 l_mi: 1.0000e+00 l_h: 7.7650e+03 
26-08-16 19:39:26.851 - INFO: <epoch:  3, iter:  58,700, lr:1.000e-04> l_back_rec: 5.9262e+02 l_forw_fit: 8.3513e+02 l_mi: 1.0000e+00 l_h: 9.8135e+03 
26-08-16 19:40:16.405 - INFO: <epoch:  3, iter:  58,800, lr:1.000e-04> l_back_rec: 5.0593e+02 l_forw_fit: 5.5914e+02 l_mi: 1.0000e+00 l_h: 6.8911e+03 
26-08-16 19:41:06.139 - INFO: <epoch:  3, iter:  58,900, lr:1.000e-04> l_back_rec: 5.3013e+02 l_forw_fit: 6.0347e+02 l_mi: 1.0000e+00 l_h: 7.0606e+03 
26-08-16 19:41:55.836 - INFO: <epoch:  3, iter:  59,000, lr:1.000e-04> l_back_rec: 6.3286e+02 l_forw_fit: 7.7570e+02 l_mi: 1.0000e+00 l_h: 9.6873e+03 
26-08-16 19:42:33.202 - INFO: # Validation # PSNR_Cover: 4.8577e+01, PSNR_Secret: 4.5605e+01, PSNR_Stego: 4.3121e+01
26-08-16 19:43:22.700 - INFO: <epoch:  3, iter:  59,100, lr:1.000e-04> l_back_rec: 5.8567e+02 l_forw_fit: 7.0245e+02 l_mi: 1.0000e+00 l_h: 8.1133e+03 
26-08-16 19:44:12.449 - INFO: <epoch:  3, iter:  59,200, lr:1.000e-04> l_back_rec: 6.5260e+02 l_forw_fit: 7.3858e+02 l_mi: 1.0000e+00 l_h: 7.9544e+03 
26-08-16 19:45:01.879 - INFO: <epoch:  3, iter:  59,300, lr:1.000e-04> l_back_rec: 5.4127e+02 l_forw_fit: 6.4274e+02 l_mi: 1.0000e+00 l_h: 8.0009e+03 
26-08-16 19:45:51.542 - INFO: <epoch:  3, iter:  59,400, lr:1.000e-04> l_back_rec: 4.9366e+02 l_forw_fit: 5.6127e+02 l_mi: 1.0000e+00 l_h: 7.2669e+03 
26-08-16 19:46:40.905 - INFO: <epoch:  3, iter:  59,500, lr:1.000e-04> l_back_rec: 7.2209e+02 l_forw_fit: 1.5825e+03 l_mi: 1.0000e+00 l_h: 1.4319e+04 
26-08-16 19:47:30.620 - INFO: <epoch:  3, iter:  59,600, lr:1.000e-04> l_back_rec: 5.9107e+02 l_forw_fit: 1.0259e+03 l_mi: 1.0000e+00 l_h: 9.7442e+03 
26-08-16 19:48:20.241 - INFO: <epoch:  3, iter:  59,700, lr:1.000e-04> l_back_rec: 5.3477e+02 l_forw_fit: 5.8274e+02 l_mi: 1.0000e+00 l_h: 7.7052e+03 
26-08-16 19:49:09.318 - INFO: <epoch:  3, iter:  59,800, lr:1.000e-04> l_back_rec: 5.0557e+02 l_forw_fit: 5.4907e+02 l_mi: 1.0000e+00 l_h: 6.2302e+03 
26-08-16 19:49:58.816 - INFO: <epoch:  3, iter:  59,900, lr:1.000e-04> l_back_rec: 5.5756e+02 l_forw_fit: 4.8229e+02 l_mi: 1.0000e+00 l_h: 6.4689e+03 
26-08-16 19:50:48.376 - INFO: <epoch:  3, iter:  60,000, lr:5.000e-05> l_back_rec: 4.9445e+02 l_forw_fit: 5.2770e+02 l_mi: 1.0000e+00 l_h: 6.9209e+03 
26-08-16 19:51:25.713 - INFO: # Validation # PSNR_Cover: 4.8588e+01, PSNR_Secret: 4.5140e+01, PSNR_Stego: 4.3618e+01
26-08-16 19:51:25.713 - INFO: Saving models and training states.
26-08-16 19:52:15.854 - INFO: <epoch:  3, iter:  60,100, lr:5.000e-05> l_back_rec: 4.4472e+02 l_forw_fit: 3.7383e+02 l_mi: 1.0000e+00 l_h: 5.9308e+03 
26-08-16 19:53:05.709 - INFO: <epoch:  3, iter:  60,200, lr:5.000e-05> l_back_rec: 5.5199e+02 l_forw_fit: 5.7077e+02 l_mi: 1.0000e+00 l_h: 6.9454e+03 
26-08-16 19:53:55.277 - INFO: <epoch:  3, iter:  60,300, lr:5.000e-05> l_back_rec: 5.2140e+02 l_forw_fit: 6.0057e+02 l_mi: 1.0000e+00 l_h: 7.1965e+03 
26-08-16 19:54:44.719 - INFO: <epoch:  3, iter:  60,400, lr:5.000e-05> l_back_rec: 5.8944e+02 l_forw_fit: 1.0452e+03 l_mi: 1.0000e+00 l_h: 9.9719e+03 
26-08-16 19:55:34.053 - INFO: <epoch:  3, iter:  60,500, lr:5.000e-05> l_back_rec: 4.3150e+02 l_forw_fit: 3.5167e+02 l_mi: 1.0000e+00 l_h: 6.1246e+03 
26-08-16 19:56:22.822 - INFO: <epoch:  3, iter:  60,600, lr:5.000e-05> l_back_rec: 5.8813e+02 l_forw_fit: 8.7385e+02 l_mi: 1.0000e+00 l_h: 9.1274e+03 
26-08-16 19:57:11.015 - INFO: <epoch:  3, iter:  60,700, lr:5.000e-05> l_back_rec: 4.1785e+02 l_forw_fit: 3.2633e+02 l_mi: 1.0000e+00 l_h: 5.0046e+03 
26-08-16 19:57:58.738 - INFO: <epoch:  3, iter:  60,800, lr:5.000e-05> l_back_rec: 4.2228e+02 l_forw_fit: 4.4745e+02 l_mi: 1.0000e+00 l_h: 6.5394e+03 
26-08-16 19:58:46.396 - INFO: <epoch:  3, iter:  60,900, lr:5.000e-05> l_back_rec: 5.5993e+02 l_forw_fit: 9.9539e+02 l_mi: 1.0000e+00 l_h: 1.0404e+04 
26-08-16 19:59:34.066 - INFO: <epoch:  3, iter:  61,000, lr:5.000e-05> l_back_rec: 4.4810e+02 l_forw_fit: 4.2345e+02 l_mi: 1.0000e+00 l_h: 5.9470e+03 
26-08-16 20:00:10.560 - INFO: # Validation # PSNR_Cover: 4.9481e+01, PSNR_Secret: 4.6406e+01, PSNR_Stego: 4.3838e+01
26-08-16 20:00:58.252 - INFO: <epoch:  3, iter:  61,100, lr:5.000e-05> l_back_rec: 4.6586e+02 l_forw_fit: 4.9436e+02 l_mi: 1.0000e+00 l_h: 7.2152e+03 
26-08-16 20:01:46.807 - INFO: <epoch:  3, iter:  61,200, lr:5.000e-05> l_back_rec: 5.0677e+02 l_forw_fit: 3.9166e+02 l_mi: 1.0000e+00 l_h: 6.4897e+03 
26-08-16 20:02:35.332 - INFO: <epoch:  3, iter:  61,300, lr:5.000e-05> l_back_rec: 4.7440e+02 l_forw_fit: 5.2489e+02 l_mi: 1.0000e+00 l_h: 6.8171e+03 
26-08-16 20:03:23.460 - INFO: <epoch:  3, iter:  61,400, lr:5.000e-05> l_back_rec: 5.4868e+02 l_forw_fit: 5.8912e+02 l_mi: 1.0000e+00 l_h: 7.7506e+03 
26-08-16 20:04:11.810 - INFO: <epoch:  3, iter:  61,500, lr:5.000e-05> l_back_rec: 4.0918e+02 l_forw_fit: 4.1432e+02 l_mi: 1.0000e+00 l_h: 6.0537e+03 
26-08-16 20:04:59.527 - INFO: <epoch:  3, iter:  61,600, lr:5.000e-05> l_back_rec: 5.6037e+02 l_forw_fit: 4.4075e+02 l_mi: 1.0000e+00 l_h: 6.2191e+03 
26-08-16 20:05:47.285 - INFO: <epoch:  3, iter:  61,700, lr:5.000e-05> l_back_rec: 4.9567e+02 l_forw_fit: 4.6333e+02 l_mi: 1.0000e+00 l_h: 6.1996e+03 
26-08-16 20:06:35.954 - INFO: <epoch:  3, iter:  61,800, lr:5.000e-05> l_back_rec: 5.2657e+02 l_forw_fit: 5.2138e+02 l_mi: 1.0000e+00 l_h: 6.3675e+03 
26-08-16 20:07:24.858 - INFO: <epoch:  3, iter:  61,900, lr:5.000e-05> l_back_rec: 4.5150e+02 l_forw_fit: 2.7837e+02 l_mi: 1.0000e+00 l_h: 5.1111e+03 
26-08-16 20:08:13.049 - INFO: <epoch:  3, iter:  62,000, lr:5.000e-05> l_back_rec: 5.0509e+02 l_forw_fit: 5.5563e+02 l_mi: 1.0000e+00 l_h: 8.0472e+03 
26-08-16 20:08:49.928 - INFO: # Validation # PSNR_Cover: 4.9735e+01, PSNR_Secret: 4.6232e+01, PSNR_Stego: 4.4178e+01
26-08-16 20:09:37.188 - INFO: <epoch:  3, iter:  62,100, lr:5.000e-05> l_back_rec: 4.2578e+02 l_forw_fit: 3.9599e+02 l_mi: 1.0000e+00 l_h: 5.4438e+03 
26-08-16 20:10:24.605 - INFO: <epoch:  3, iter:  62,200, lr:5.000e-05> l_back_rec: 5.0387e+02 l_forw_fit: 5.4059e+02 l_mi: 1.0000e+00 l_h: 7.0607e+03 
26-08-16 20:11:11.793 - INFO: <epoch:  3, iter:  62,300, lr:5.000e-05> l_back_rec: 5.0354e+02 l_forw_fit: 5.3275e+02 l_mi: 1.0000e+00 l_h: 6.5509e+03 
26-08-16 20:11:59.175 - INFO: <epoch:  3, iter:  62,400, lr:5.000e-05> l_back_rec: 5.0760e+02 l_forw_fit: 6.9528e+02 l_mi: 1.0000e+00 l_h: 9.3843e+03 
26-08-16 20:12:46.565 - INFO: <epoch:  3, iter:  62,500, lr:5.000e-05> l_back_rec: 5.9103e+02 l_forw_fit: 8.4928e+02 l_mi: 1.0000e+00 l_h: 7.9877e+03 
26-08-16 20:13:33.746 - INFO: <epoch:  3, iter:  62,600, lr:5.000e-05> l_back_rec: 4.0718e+02 l_forw_fit: 2.8301e+02 l_mi: 1.0000e+00 l_h: 4.4325e+03 
26-08-16 20:14:21.137 - INFO: <epoch:  3, iter:  62,700, lr:5.000e-05> l_back_rec: 4.8169e+02 l_forw_fit: 5.9367e+02 l_mi: 1.0000e+00 l_h: 7.2124e+03 
26-08-16 20:15:08.386 - INFO: <epoch:  3, iter:  62,800, lr:5.000e-05> l_back_rec: 4.1973e+02 l_forw_fit: 2.9318e+02 l_mi: 1.0000e+00 l_h: 5.1432e+03 
26-08-16 20:15:55.875 - INFO: <epoch:  3, iter:  62,900, lr:5.000e-05> l_back_rec: 4.8928e+02 l_forw_fit: 6.4382e+02 l_mi: 1.0000e+00 l_h: 8.7114e+03 
26-08-16 20:16:43.124 - INFO: <epoch:  3, iter:  63,000, lr:5.000e-05> l_back_rec: 5.0229e+02 l_forw_fit: 6.0554e+02 l_mi: 1.0000e+00 l_h: 7.9032e+03 
26-08-16 20:17:19.779 - INFO: # Validation # PSNR_Cover: 4.9855e+01, PSNR_Secret: 4.6544e+01, PSNR_Stego: 4.4424e+01
26-08-16 20:18:07.051 - INFO: <epoch:  3, iter:  63,100, lr:5.000e-05> l_back_rec: 4.5755e+02 l_forw_fit: 4.9599e+02 l_mi: 1.0000e+00 l_h: 6.5230e+03 
26-08-16 20:18:54.762 - INFO: <epoch:  3, iter:  63,200, lr:5.000e-05> l_back_rec: 4.1914e+02 l_forw_fit: 3.3548e+02 l_mi: 1.0000e+00 l_h: 5.0655e+03 
26-08-16 20:19:42.213 - INFO: <epoch:  3, iter:  63,300, lr:5.000e-05> l_back_rec: 4.8210e+02 l_forw_fit: 6.0004e+02 l_mi: 1.0000e+00 l_h: 8.2719e+03 
26-08-16 20:20:29.726 - INFO: <epoch:  3, iter:  63,400, lr:5.000e-05> l_back_rec: 4.7085e+02 l_forw_fit: 3.8728e+02 l_mi: 1.0000e+00 l_h: 5.7161e+03 
26-08-16 20:21:17.536 - INFO: <epoch:  3, iter:  63,500, lr:5.000e-05> l_back_rec: 4.9959e+02 l_forw_fit: 8.7765e+02 l_mi: 1.0000e+00 l_h: 8.6761e+03 
26-08-16 20:22:04.656 - INFO: <epoch:  3, iter:  63,600, lr:5.000e-05> l_back_rec: 4.6610e+02 l_forw_fit: 4.7830e+02 l_mi: 1.0000e+00 l_h: 6.2021e+03 
26-08-16 20:22:52.094 - INFO: <epoch:  3, iter:  63,700, lr:5.000e-05> l_back_rec: 4.6396e+02 l_forw_fit: 5.8527e+02 l_mi: 1.0000e+00 l_h: 6.8191e+03 
26-08-16 20:23:39.398 - INFO: <epoch:  3, iter:  63,800, lr:5.000e-05> l_back_rec: 4.8793e+02 l_forw_fit: 4.5674e+02 l_mi: 1.0000e+00 l_h: 6.8399e+03 
26-08-16 20:24:26.997 - INFO: <epoch:  3, iter:  63,900, lr:5.000e-05> l_back_rec: 5.7144e+02 l_forw_fit: 6.5715e+02 l_mi: 1.0000e+00 l_h: 7.8044e+03 
26-08-16 20:25:14.373 - INFO: <epoch:  3, iter:  64,000, lr:5.000e-05> l_back_rec: 4.7328e+02 l_forw_fit: 6.5627e+02 l_mi: 1.0000e+00 l_h: 7.8628e+03 
26-08-16 20:25:51.030 - INFO: # Validation # PSNR_Cover: 4.9839e+01, PSNR_Secret: 4.6365e+01, PSNR_Stego: 4.4323e+01
26-08-16 20:26:38.416 - INFO: <epoch:  3, iter:  64,100, lr:5.000e-05> l_back_rec: 4.2720e+02 l_forw_fit: 4.2683e+02 l_mi: 1.0000e+00 l_h: 6.4575e+03 
26-08-16 20:27:25.927 - INFO: <epoch:  3, iter:  64,200, lr:5.000e-05> l_back_rec: 5.7640e+02 l_forw_fit: 6.0775e+02 l_mi: 1.0000e+00 l_h: 8.1029e+03 
26-08-16 20:28:13.236 - INFO: <epoch:  3, iter:  64,300, lr:5.000e-05> l_back_rec: 5.1777e+02 l_forw_fit: 5.1465e+02 l_mi: 1.0000e+00 l_h: 6.8917e+03 
26-08-16 20:29:00.730 - INFO: <epoch:  3, iter:  64,400, lr:5.000e-05> l_back_rec: 4.7738e+02 l_forw_fit: 4.2855e+02 l_mi: 1.0000e+00 l_h: 6.0621e+03 
26-08-16 20:29:48.465 - INFO: <epoch:  3, iter:  64,500, lr:5.000e-05> l_back_rec: 4.3672e+02 l_forw_fit: 4.6755e+02 l_mi: 1.0000e+00 l_h: 6.9936e+03 
26-08-16 20:30:34.313 - INFO: <epoch:  3, iter:  64,600, lr:5.000e-05> l_back_rec: 5.0019e+02 l_forw_fit: 5.7389e+02 l_mi: 1.0000e+00 l_h: 6.7203e+03 
26-08-16 20:32:41.045 - INFO: <epoch:  4, iter:  64,700, lr:5.000e-05> l_back_rec: 4.8857e+02 l_forw_fit: 5.6333e+02 l_mi: 1.0000e+00 l_h: 6.9948e+03 
26-08-16 20:33:33.373 - INFO: <epoch:  4, iter:  64,800, lr:5.000e-05> l_back_rec: 4.8642e+02 l_forw_fit: 4.4081e+02 l_mi: 1.0000e+00 l_h: 6.4561e+03 
26-08-16 20:34:25.435 - INFO: <epoch:  4, iter:  64,900, lr:5.000e-05> l_back_rec: 4.4719e+02 l_forw_fit: 3.5048e+02 l_mi: 1.0000e+00 l_h: 5.8293e+03 
26-08-16 20:35:18.264 - INFO: <epoch:  4, iter:  65,000, lr:5.000e-05> l_back_rec: 5.1284e+02 l_forw_fit: 8.2660e+02 l_mi: 1.0000e+00 l_h: 9.3345e+03 
26-08-16 20:36:06.123 - INFO: # Validation # PSNR_Cover: 4.9942e+01, PSNR_Secret: 4.6354e+01, PSNR_Stego: 4.4418e+01
26-08-16 20:36:06.124 - INFO: Saving models and training states.
26-08-16 20:36:58.816 - INFO: <epoch:  4, iter:  65,100, lr:5.000e-05> l_back_rec: 4.6635e+02 l_forw_fit: 3.8106e+02 l_mi: 1.0000e+00 l_h: 5.6310e+03 
26-08-16 20:37:49.257 - INFO: <epoch:  4, iter:  65,200, lr:5.000e-05> l_back_rec: 5.6071e+02 l_forw_fit: 6.0292e+02 l_mi: 1.0000e+00 l_h: 7.5684e+03 
26-08-16 20:38:37.860 - INFO: <epoch:  4, iter:  65,300, lr:5.000e-05> l_back_rec: 5.5924e+02 l_forw_fit: 5.9720e+02 l_mi: 1.0000e+00 l_h: 7.8334e+03 
26-08-16 20:39:26.710 - INFO: <epoch:  4, iter:  65,400, lr:5.000e-05> l_back_rec: 4.2421e+02 l_forw_fit: 4.5204e+02 l_mi: 1.0000e+00 l_h: 6.5669e+03 
26-08-16 20:40:15.480 - INFO: <epoch:  4, iter:  65,500, lr:5.000e-05> l_back_rec: 5.2766e+02 l_forw_fit: 5.3053e+02 l_mi: 1.0000e+00 l_h: 7.2096e+03 
26-08-16 20:41:04.178 - INFO: <epoch:  4, iter:  65,600, lr:5.000e-05> l_back_rec: 3.7597e+02 l_forw_fit: 2.7145e+02 l_mi: 1.0000e+00 l_h: 4.9985e+03 
26-08-16 20:41:52.688 - INFO: <epoch:  4, iter:  65,700, lr:5.000e-05> l_back_rec: 4.8977e+02 l_forw_fit: 4.8802e+02 l_mi: 1.0000e+00 l_h: 7.2272e+03 
26-08-16 20:42:41.232 - INFO: <epoch:  4, iter:  65,800, lr:5.000e-05> l_back_rec: 4.6496e+02 l_forw_fit: 5.0182e+02 l_mi: 1.0000e+00 l_h: 6.4691e+03 
26-08-16 20:43:29.697 - INFO: <epoch:  4, iter:  65,900, lr:5.000e-05> l_back_rec: 4.3142e+02 l_forw_fit: 4.6449e+02 l_mi: 1.0000e+00 l_h: 6.8685e+03 
26-08-16 20:44:18.653 - INFO: <epoch:  4, iter:  66,000, lr:5.000e-05> l_back_rec: 4.8580e+02 l_forw_fit: 4.6793e+02 l_mi: 1.0000e+00 l_h: 6.5532e+03 
26-08-16 20:44:57.622 - INFO: # Validation # PSNR_Cover: 4.9976e+01, PSNR_Secret: 4.6508e+01, PSNR_Stego: 4.4018e+01
26-08-16 20:45:48.408 - INFO: <epoch:  4, iter:  66,100, lr:5.000e-05> l_back_rec: 4.9933e+02 l_forw_fit: 4.6008e+02 l_mi: 1.0000e+00 l_h: 9.2996e+03 
26-08-16 20:46:37.344 - INFO: <epoch:  4, iter:  66,200, lr:5.000e-05> l_back_rec: 5.3797e+02 l_forw_fit: 6.3014e+02 l_mi: 1.0000e+00 l_h: 7.6472e+03 
26-08-16 20:47:29.444 - INFO: <epoch:  4, iter:  66,300, lr:5.000e-05> l_back_rec: 5.0642e+02 l_forw_fit: 4.6255e+02 l_mi: 1.0000e+00 l_h: 6.5197e+03 
26-08-16 20:48:22.308 - INFO: <epoch:  4, iter:  66,400, lr:5.000e-05> l_back_rec: 5.2947e+02 l_forw_fit: 5.6944e+02 l_mi: 1.0000e+00 l_h: 6.8896e+03 
26-08-16 20:49:13.745 - INFO: <epoch:  4, iter:  66,500, lr:5.000e-05> l_back_rec: 5.5058e+02 l_forw_fit: 5.6083e+02 l_mi: 1.0000e+00 l_h: 6.3572e+03 
26-08-16 20:50:04.288 - INFO: <epoch:  4, iter:  66,600, lr:5.000e-05> l_back_rec: 5.8553e+02 l_forw_fit: 1.2342e+03 l_mi: 1.0000e+00 l_h: 1.0863e+04 
26-08-16 20:50:52.442 - INFO: <epoch:  4, iter:  66,700, lr:5.000e-05> l_back_rec: 5.7740e+02 l_forw_fit: 6.7142e+02 l_mi: 1.0000e+00 l_h: 8.1697e+03 
26-08-16 20:51:40.349 - INFO: <epoch:  4, iter:  66,800, lr:5.000e-05> l_back_rec: 4.6538e+02 l_forw_fit: 5.7263e+02 l_mi: 1.0000e+00 l_h: 6.7632e+03 
26-08-16 20:52:28.265 - INFO: <epoch:  4, iter:  66,900, lr:5.000e-05> l_back_rec: 4.1790e+02 l_forw_fit: 3.2626e+02 l_mi: 1.0000e+00 l_h: 5.0965e+03 
26-08-16 20:53:16.252 - INFO: <epoch:  4, iter:  67,000, lr:5.000e-05> l_back_rec: 4.8128e+02 l_forw_fit: 5.5955e+02 l_mi: 1.0000e+00 l_h: 7.0285e+03 
26-08-16 20:53:54.438 - INFO: # Validation # PSNR_Cover: 4.9758e+01, PSNR_Secret: 4.6588e+01, PSNR_Stego: 4.3882e+01
26-08-16 20:54:42.356 - INFO: <epoch:  4, iter:  67,100, lr:5.000e-05> l_back_rec: 4.0003e+02 l_forw_fit: 2.5029e+02 l_mi: 1.0000e+00 l_h: 4.9007e+03 
26-08-16 20:55:29.737 - INFO: <epoch:  4, iter:  67,200, lr:5.000e-05> l_back_rec: 5.2160e+02 l_forw_fit: 4.4493e+02 l_mi: 1.0000e+00 l_h: 6.5267e+03 
26-08-16 20:56:17.316 - INFO: <epoch:  4, iter:  67,300, lr:5.000e-05> l_back_rec: 4.0801e+02 l_forw_fit: 4.1585e+02 l_mi: 1.0000e+00 l_h: 6.1138e+03 
26-08-16 20:57:04.780 - INFO: <epoch:  4, iter:  67,400, lr:5.000e-05> l_back_rec: 4.2929e+02 l_forw_fit: 3.3441e+02 l_mi: 1.0000e+00 l_h: 5.1488e+03 
26-08-16 20:57:52.356 - INFO: <epoch:  4, iter:  67,500, lr:5.000e-05> l_back_rec: 4.0957e+02 l_forw_fit: 3.2569e+02 l_mi: 1.0000e+00 l_h: 5.4650e+03 
26-08-16 20:58:39.867 - INFO: <epoch:  4, iter:  67,600, lr:5.000e-05> l_back_rec: 4.8022e+02 l_forw_fit: 5.1095e+02 l_mi: 1.0000e+00 l_h: 1.1506e+04 
26-08-16 20:59:27.437 - INFO: <epoch:  4, iter:  67,700, lr:5.000e-05> l_back_rec: 6.0509e+02 l_forw_fit: 7.1723e+02 l_mi: 1.0000e+00 l_h: 8.4426e+03 
26-08-16 21:00:15.262 - INFO: <epoch:  4, iter:  67,800, lr:5.000e-05> l_back_rec: 4.2322e+02 l_forw_fit: 3.4561e+02 l_mi: 1.0000e+00 l_h: 5.4815e+03 
26-08-16 21:01:03.104 - INFO: <epoch:  4, iter:  67,900, lr:5.000e-05> l_back_rec: 4.7961e+02 l_forw_fit: 3.8818e+02 l_mi: 1.0000e+00 l_h: 5.5910e+03 
26-08-16 21:01:50.967 - INFO: <epoch:  4, iter:  68,000, lr:5.000e-05> l_back_rec: 4.5739e+02 l_forw_fit: 4.7896e+02 l_mi: 1.0000e+00 l_h: 5.9657e+03 
26-08-16 21:02:27.673 - INFO: # Validation # PSNR_Cover: 4.9577e+01, PSNR_Secret: 4.6289e+01, PSNR_Stego: 4.3970e+01
26-08-16 21:03:15.446 - INFO: <epoch:  4, iter:  68,100, lr:5.000e-05> l_back_rec: 4.5261e+02 l_forw_fit: 5.7473e+02 l_mi: 1.0000e+00 l_h: 7.8094e+03 
26-08-16 21:04:03.229 - INFO: <epoch:  4, iter:  68,200, lr:5.000e-05> l_back_rec: 5.5796e+02 l_forw_fit: 7.2037e+02 l_mi: 1.0000e+00 l_h: 9.4258e+03 
26-08-16 21:04:51.161 - INFO: <epoch:  4, iter:  68,300, lr:5.000e-05> l_back_rec: 4.3971e+02 l_forw_fit: 4.7176e+02 l_mi: 1.0000e+00 l_h: 6.6672e+03 
26-08-16 21:05:39.623 - INFO: <epoch:  4, iter:  68,400, lr:5.000e-05> l_back_rec: 4.3786e+02 l_forw_fit: 4.4657e+02 l_mi: 1.0000e+00 l_h: 6.1464e+03 
26-08-16 21:06:30.443 - INFO: <epoch:  4, iter:  68,500, lr:5.000e-05> l_back_rec: 4.4883e+02 l_forw_fit: 5.3082e+02 l_mi: 1.0000e+00 l_h: 6.8676e+03 
26-08-16 21:07:20.108 - INFO: <epoch:  4, iter:  68,600, lr:5.000e-05> l_back_rec: 4.0814e+02 l_forw_fit: 3.3652e+02 l_mi: 1.0000e+00 l_h: 5.6391e+03 
26-08-16 21:08:08.684 - INFO: <epoch:  4, iter:  68,700, lr:5.000e-05> l_back_rec: 4.6902e+02 l_forw_fit: 4.1749e+02 l_mi: 1.0000e+00 l_h: 5.8065e+03 
26-08-16 21:08:56.119 - INFO: <epoch:  4, iter:  68,800, lr:5.000e-05> l_back_rec: 4.7518e+02 l_forw_fit: 4.7428e+02 l_mi: 1.0000e+00 l_h: 6.4301e+03 
26-08-16 21:09:43.673 - INFO: <epoch:  4, iter:  68,900, lr:5.000e-05> l_back_rec: 4.4975e+02 l_forw_fit: 3.3131e+02 l_mi: 1.0000e+00 l_h: 5.5293e+03 
26-08-16 21:10:31.167 - INFO: <epoch:  4, iter:  69,000, lr:5.000e-05> l_back_rec: 4.6412e+02 l_forw_fit: 4.4622e+02 l_mi: 1.0000e+00 l_h: 6.2908e+03 
26-08-16 21:11:07.767 - INFO: # Validation # PSNR_Cover: 4.9833e+01, PSNR_Secret: 4.6597e+01, PSNR_Stego: 4.3992e+01
26-08-16 21:11:55.680 - INFO: <epoch:  4, iter:  69,100, lr:5.000e-05> l_back_rec: 4.4698e+02 l_forw_fit: 3.1291e+02 l_mi: 1.0000e+00 l_h: 4.7194e+03 
26-08-16 21:12:43.676 - INFO: <epoch:  4, iter:  69,200, lr:5.000e-05> l_back_rec: 4.2095e+02 l_forw_fit: 3.3391e+02 l_mi: 1.0000e+00 l_h: 5.3048e+03 
26-08-16 21:13:30.820 - INFO: <epoch:  4, iter:  69,300, lr:5.000e-05> l_back_rec: 4.7913e+02 l_forw_fit: 3.9819e+02 l_mi: 1.0000e+00 l_h: 6.4944e+03 
26-08-16 21:14:17.774 - INFO: <epoch:  4, iter:  69,400, lr:5.000e-05> l_back_rec: 4.7963e+02 l_forw_fit: 4.9953e+02 l_mi: 1.0000e+00 l_h: 6.3743e+03 
26-08-16 21:15:05.162 - INFO: <epoch:  4, iter:  69,500, lr:5.000e-05> l_back_rec: 4.4499e+02 l_forw_fit: 4.4377e+02 l_mi: 1.0000e+00 l_h: 6.4732e+03 
26-08-16 21:15:52.388 - INFO: <epoch:  4, iter:  69,600, lr:5.000e-05> l_back_rec: 4.6963e+02 l_forw_fit: 3.1807e+02 l_mi: 1.0000e+00 l_h: 4.8822e+03 
26-08-16 21:16:39.760 - INFO: <epoch:  4, iter:  69,700, lr:5.000e-05> l_back_rec: 4.3212e+02 l_forw_fit: 4.4043e+02 l_mi: 1.0000e+00 l_h: 6.0975e+03 
26-08-16 21:17:26.811 - INFO: <epoch:  4, iter:  69,800, lr:5.000e-05> l_back_rec: 5.1149e+02 l_forw_fit: 6.4389e+02 l_mi: 1.0000e+00 l_h: 8.9062e+03 
26-08-16 21:18:14.146 - INFO: <epoch:  4, iter:  69,900, lr:5.000e-05> l_back_rec: 4.6581e+02 l_forw_fit: 3.8631e+02 l_mi: 1.0000e+00 l_h: 7.1467e+03 
26-08-16 21:19:01.483 - INFO: <epoch:  4, iter:  70,000, lr:5.000e-05> l_back_rec: 5.1160e+02 l_forw_fit: 6.5334e+02 l_mi: 1.0000e+00 l_h: 7.8445e+03 
26-08-16 21:19:37.454 - INFO: # Validation # PSNR_Cover: 5.0194e+01, PSNR_Secret: 4.6831e+01, PSNR_Stego: 4.4365e+01
26-08-16 21:19:37.455 - INFO: Saving models and training states.
26-08-16 21:20:25.292 - INFO: <epoch:  4, iter:  70,100, lr:5.000e-05> l_back_rec: 4.4019e+02 l_forw_fit: 4.3603e+02 l_mi: 1.0000e+00 l_h: 6.2950e+03 
26-08-16 21:21:12.815 - INFO: <epoch:  4, iter:  70,200, lr:5.000e-05> l_back_rec: 6.6431e+02 l_forw_fit: 1.9220e+03 l_mi: 1.0000e+00 l_h: 1.5419e+04 
26-08-16 21:22:00.038 - INFO: <epoch:  4, iter:  70,300, lr:5.000e-05> l_back_rec: 4.7109e+02 l_forw_fit: 5.5837e+02 l_mi: 1.0000e+00 l_h: 7.2312e+03 
26-08-16 21:22:47.372 - INFO: <epoch:  4, iter:  70,400, lr:5.000e-05> l_back_rec: 4.3146e+02 l_forw_fit: 3.4149e+02 l_mi: 1.0000e+00 l_h: 5.3820e+03 
26-08-16 21:23:34.801 - INFO: <epoch:  4, iter:  70,500, lr:5.000e-05> l_back_rec: 4.2932e+02 l_forw_fit: 4.3304e+02 l_mi: 1.0000e+00 l_h: 6.9472e+03 
26-08-16 21:24:21.978 - INFO: <epoch:  4, iter:  70,600, lr:5.000e-05> l_back_rec: 5.1822e+02 l_forw_fit: 6.5960e+02 l_mi: 1.0000e+00 l_h: 1.0729e+04 
26-08-16 21:25:09.412 - INFO: <epoch:  4, iter:  70,700, lr:5.000e-05> l_back_rec: 5.8633e+02 l_forw_fit: 9.1238e+02 l_mi: 1.0000e+00 l_h: 8.3084e+03 
26-08-16 21:25:56.519 - INFO: <epoch:  4, iter:  70,800, lr:5.000e-05> l_back_rec: 5.3791e+02 l_forw_fit: 3.8833e+02 l_mi: 1.0000e+00 l_h: 5.5689e+03 
26-08-16 21:26:43.938 - INFO: <epoch:  4, iter:  70,900, lr:5.000e-05> l_back_rec: 5.9535e+02 l_forw_fit: 5.6233e+02 l_mi: 1.0000e+00 l_h: 6.9541e+03 
26-08-16 21:27:31.217 - INFO: <epoch:  4, iter:  71,000, lr:5.000e-05> l_back_rec: 4.6142e+02 l_forw_fit: 4.6288e+02 l_mi: 1.0000e+00 l_h: 6.3434e+03 
26-08-16 21:28:07.839 - INFO: # Validation # PSNR_Cover: 5.0157e+01, PSNR_Secret: 4.6897e+01, PSNR_Stego: 4.4358e+01
26-08-16 21:28:54.992 - INFO: <epoch:  4, iter:  71,100, lr:5.000e-05> l_back_rec: 4.9957e+02 l_forw_fit: 6.1972e+02 l_mi: 1.0000e+00 l_h: 7.5057e+03 
26-08-16 21:29:42.183 - INFO: <epoch:  4, iter:  71,200, lr:5.000e-05> l_back_rec: 4.6142e+02 l_forw_fit: 3.8260e+02 l_mi: 1.0000e+00 l_h: 5.3173e+03 
26-08-16 21:30:29.239 - INFO: <epoch:  4, iter:  71,300, lr:5.000e-05> l_back_rec: 4.7787e+02 l_forw_fit: 4.2581e+02 l_mi: 1.0000e+00 l_h: 5.6167e+03 
26-08-16 21:31:16.746 - INFO: <epoch:  4, iter:  71,400, lr:5.000e-05> l_back_rec: 5.7152e+02 l_forw_fit: 8.9020e+02 l_mi: 1.0000e+00 l_h: 1.1992e+04 
26-08-16 21:32:03.930 - INFO: <epoch:  4, iter:  71,500, lr:5.000e-05> l_back_rec: 4.4727e+02 l_forw_fit: 5.2564e+02 l_mi: 1.0000e+00 l_h: 7.1866e+03 
26-08-16 21:32:51.167 - INFO: <epoch:  4, iter:  71,600, lr:5.000e-05> l_back_rec: 4.2576e+02 l_forw_fit: 3.3726e+02 l_mi: 1.0000e+00 l_h: 5.3406e+03 
26-08-16 21:33:38.491 - INFO: <epoch:  4, iter:  71,700, lr:5.000e-05> l_back_rec: 6.4846e+02 l_forw_fit: 6.0556e+02 l_mi: 1.0000e+00 l_h: 7.5727e+03 
26-08-16 21:34:25.660 - INFO: <epoch:  4, iter:  71,800, lr:5.000e-05> l_back_rec: 5.1483e+02 l_forw_fit: 6.7695e+02 l_mi: 1.0000e+00 l_h: 6.7395e+03 
26-08-16 21:35:13.395 - INFO: <epoch:  4, iter:  71,900, lr:5.000e-05> l_back_rec: 6.0143e+02 l_forw_fit: 7.1675e+02 l_mi: 1.0000e+00 l_h: 7.6224e+03 
26-08-16 21:36:00.584 - INFO: <epoch:  4, iter:  72,000, lr:5.000e-05> l_back_rec: 5.3234e+02 l_forw_fit: 5.2438e+02 l_mi: 1.0000e+00 l_h: 7.6245e+03 
26-08-16 21:36:36.870 - INFO: # Validation # PSNR_Cover: 5.0219e+01, PSNR_Secret: 4.6713e+01, PSNR_Stego: 4.4562e+01
26-08-16 21:37:24.180 - INFO: <epoch:  4, iter:  72,100, lr:5.000e-05> l_back_rec: 5.2028e+02 l_forw_fit: 7.3056e+02 l_mi: 1.0000e+00 l_h: 6.8275e+03 
26-08-16 21:38:11.631 - INFO: <epoch:  4, iter:  72,200, lr:5.000e-05> l_back_rec: 6.3629e+02 l_forw_fit: 4.8949e+02 l_mi: 1.0000e+00 l_h: 6.5704e+03 
26-08-16 21:38:58.740 - INFO: <epoch:  4, iter:  72,300, lr:5.000e-05> l_back_rec: 4.9548e+02 l_forw_fit: 4.9820e+02 l_mi: 1.0000e+00 l_h: 7.3049e+03 
26-08-16 21:39:45.955 - INFO: <epoch:  4, iter:  72,400, lr:5.000e-05> l_back_rec: 4.3062e+02 l_forw_fit: 5.4692e+02 l_mi: 1.0000e+00 l_h: 6.8143e+03 
26-08-16 21:40:33.196 - INFO: <epoch:  4, iter:  72,500, lr:5.000e-05> l_back_rec: 5.2966e+02 l_forw_fit: 5.3702e+02 l_mi: 1.0000e+00 l_h: 6.5545e+03 
26-08-16 21:41:21.692 - INFO: <epoch:  4, iter:  72,600, lr:5.000e-05> l_back_rec: 4.9750e+02 l_forw_fit: 4.6209e+02 l_mi: 1.0000e+00 l_h: 6.2897e+03 
26-08-16 21:42:10.605 - INFO: <epoch:  4, iter:  72,700, lr:5.000e-05> l_back_rec: 5.6775e+02 l_forw_fit: 6.3117e+02 l_mi: 1.0000e+00 l_h: 7.8543e+03 
26-08-16 21:42:59.432 - INFO: <epoch:  4, iter:  72,800, lr:5.000e-05> l_back_rec: 5.4144e+02 l_forw_fit: 6.1588e+02 l_mi: 1.0000e+00 l_h: 7.7209e+03 
26-08-16 21:43:47.536 - INFO: <epoch:  4, iter:  72,900, lr:5.000e-05> l_back_rec: 5.4679e+02 l_forw_fit: 5.4664e+02 l_mi: 1.0000e+00 l_h: 7.7220e+03 
26-08-16 21:44:34.971 - INFO: <epoch:  4, iter:  73,000, lr:5.000e-05> l_back_rec: 4.4777e+02 l_forw_fit: 5.4234e+02 l_mi: 1.0000e+00 l_h: 6.6033e+03 
26-08-16 21:45:10.941 - INFO: # Validation # PSNR_Cover: 5.0101e+01, PSNR_Secret: 4.6619e+01, PSNR_Stego: 4.4415e+01
26-08-16 21:45:58.357 - INFO: <epoch:  4, iter:  73,100, lr:5.000e-05> l_back_rec: 4.7521e+02 l_forw_fit: 5.9424e+02 l_mi: 1.0000e+00 l_h: 6.7986e+03 
26-08-16 21:46:45.778 - INFO: <epoch:  4, iter:  73,200, lr:5.000e-05> l_back_rec: 4.7193e+02 l_forw_fit: 4.9119e+02 l_mi: 1.0000e+00 l_h: 7.3462e+03 
26-08-16 21:47:32.918 - INFO: <epoch:  4, iter:  73,300, lr:5.000e-05> l_back_rec: 4.8249e+02 l_forw_fit: 5.8355e+02 l_mi: 1.0000e+00 l_h: 7.1286e+03 
26-08-16 21:48:19.981 - INFO: <epoch:  4, iter:  73,400, lr:5.000e-05> l_back_rec: 4.6011e+02 l_forw_fit: 5.0865e+02 l_mi: 1.0000e+00 l_h: 5.6144e+03 
26-08-16 21:49:06.769 - INFO: <epoch:  4, iter:  73,500, lr:5.000e-05> l_back_rec: 5.0038e+02 l_forw_fit: 6.1503e+02 l_mi: 1.0000e+00 l_h: 8.0731e+03 
26-08-16 21:49:54.179 - INFO: <epoch:  4, iter:  73,600, lr:5.000e-05> l_back_rec: 4.7022e+02 l_forw_fit: 4.7861e+02 l_mi: 1.0000e+00 l_h: 6.2298e+03 
26-08-16 21:50:41.450 - INFO: <epoch:  4, iter:  73,700, lr:5.000e-05> l_back_rec: 4.8214e+02 l_forw_fit: 4.7646e+02 l_mi: 1.0000e+00 l_h: 6.7506e+03 
26-08-16 21:51:28.363 - INFO: <epoch:  4, iter:  73,800, lr:5.000e-05> l_back_rec: 4.0913e+02 l_forw_fit: 3.6960e+02 l_mi: 1.0000e+00 l_h: 5.4222e+03 
26-08-16 21:52:15.727 - INFO: <epoch:  4, iter:  73,900, lr:5.000e-05> l_back_rec: 4.1544e+02 l_forw_fit: 3.9714e+02 l_mi: 1.0000e+00 l_h: 5.8264e+03 
26-08-16 21:53:02.632 - INFO: <epoch:  4, iter:  74,000, lr:5.000e-05> l_back_rec: 4.5793e+02 l_forw_fit: 4.2336e+02 l_mi: 1.0000e+00 l_h: 6.5701e+03 
26-08-16 21:53:39.027 - INFO: # Validation # PSNR_Cover: 5.0066e+01, PSNR_Secret: 4.6517e+01, PSNR_Stego: 4.4267e+01
26-08-16 21:54:25.999 - INFO: <epoch:  4, iter:  74,100, lr:5.000e-05> l_back_rec: 4.1067e+02 l_forw_fit: 3.1178e+02 l_mi: 1.0000e+00 l_h: 5.1578e+03 
26-08-16 21:55:13.123 - INFO: <epoch:  4, iter:  74,200, lr:5.000e-05> l_back_rec: 4.1380e+02 l_forw_fit: 2.6106e+02 l_mi: 1.0000e+00 l_h: 4.6256e+03 
26-08-16 21:56:00.023 - INFO: <epoch:  4, iter:  74,300, lr:5.000e-05> l_back_rec: 4.1645e+02 l_forw_fit: 3.8829e+02 l_mi: 1.0000e+00 l_h: 5.9599e+03 
26-08-16 21:56:47.167 - INFO: <epoch:  4, iter:  74,400, lr:5.000e-05> l_back_rec: 4.9117e+02 l_forw_fit: 5.2099e+02 l_mi: 1.0000e+00 l_h: 6.8828e+03 
26-08-16 21:57:34.276 - INFO: <epoch:  4, iter:  74,500, lr:5.000e-05> l_back_rec: 4.9265e+02 l_forw_fit: 4.9155e+02 l_mi: 1.0000e+00 l_h: 6.5626e+03 
26-08-16 21:58:21.208 - INFO: <epoch:  4, iter:  74,600, lr:5.000e-05> l_back_rec: 4.2438e+02 l_forw_fit: 4.6471e+02 l_mi: 1.0000e+00 l_h: 6.3552e+03 
26-08-16 21:59:08.284 - INFO: <epoch:  4, iter:  74,700, lr:5.000e-05> l_back_rec: 4.2413e+02 l_forw_fit: 3.0943e+02 l_mi: 1.0000e+00 l_h: 5.0830e+03 
26-08-16 21:59:55.230 - INFO: <epoch:  4, iter:  74,800, lr:5.000e-05> l_back_rec: 6.4536e+02 l_forw_fit: 6.1590e+02 l_mi: 1.0000e+00 l_h: 7.8828e+03 
26-08-16 22:00:42.523 - INFO: <epoch:  4, iter:  74,900, lr:5.000e-05> l_back_rec: 4.9092e+02 l_forw_fit: 5.4915e+02 l_mi: 1.0000e+00 l_h: 6.9304e+03 
26-08-16 22:01:29.620 - INFO: <epoch:  4, iter:  75,000, lr:5.000e-05> l_back_rec: 4.9896e+02 l_forw_fit: 5.8625e+02 l_mi: 1.0000e+00 l_h: 6.8071e+03 
26-08-16 22:02:06.058 - INFO: # Validation # PSNR_Cover: 5.0125e+01, PSNR_Secret: 4.6890e+01, PSNR_Stego: 4.4457e+01
26-08-16 22:02:06.059 - INFO: Saving models and training states.
26-08-16 22:02:53.535 - INFO: <epoch:  4, iter:  75,100, lr:5.000e-05> l_back_rec: 4.4335e+02 l_forw_fit: 3.9379e+02 l_mi: 1.0000e+00 l_h: 6.0413e+03 
26-08-16 22:03:40.594 - INFO: <epoch:  4, iter:  75,200, lr:5.000e-05> l_back_rec: 4.7027e+02 l_forw_fit: 5.4542e+02 l_mi: 1.0000e+00 l_h: 7.0505e+03 
26-08-16 22:04:27.656 - INFO: <epoch:  4, iter:  75,300, lr:5.000e-05> l_back_rec: 4.1971e+02 l_forw_fit: 4.1375e+02 l_mi: 1.0000e+00 l_h: 5.1368e+03 
26-08-16 22:05:14.875 - INFO: <epoch:  4, iter:  75,400, lr:5.000e-05> l_back_rec: 4.1151e+02 l_forw_fit: 4.0830e+02 l_mi: 1.0000e+00 l_h: 7.9077e+03 
26-08-16 22:06:01.886 - INFO: <epoch:  4, iter:  75,500, lr:5.000e-05> l_back_rec: 4.1652e+02 l_forw_fit: 4.1001e+02 l_mi: 1.0000e+00 l_h: 5.7967e+03 
26-08-16 22:06:48.947 - INFO: <epoch:  4, iter:  75,600, lr:5.000e-05> l_back_rec: 6.0719e+02 l_forw_fit: 6.3192e+02 l_mi: 1.0000e+00 l_h: 7.8427e+03 
26-08-16 22:07:36.046 - INFO: <epoch:  4, iter:  75,700, lr:5.000e-05> l_back_rec: 4.4586e+02 l_forw_fit: 4.4494e+02 l_mi: 1.0000e+00 l_h: 5.6767e+03 
26-08-16 22:08:23.107 - INFO: <epoch:  4, iter:  75,800, lr:5.000e-05> l_back_rec: 5.4615e+02 l_forw_fit: 6.2296e+02 l_mi: 1.0000e+00 l_h: 7.4916e+03 
26-08-16 22:09:10.251 - INFO: <epoch:  4, iter:  75,900, lr:5.000e-05> l_back_rec: 5.5322e+02 l_forw_fit: 5.4826e+02 l_mi: 1.0000e+00 l_h: 7.0430e+03 
26-08-16 22:09:57.211 - INFO: <epoch:  4, iter:  76,000, lr:5.000e-05> l_back_rec: 4.7069e+02 l_forw_fit: 6.6272e+02 l_mi: 1.0000e+00 l_h: 6.7192e+03 
26-08-16 22:10:33.561 - INFO: # Validation # PSNR_Cover: 5.0135e+01, PSNR_Secret: 4.6728e+01, PSNR_Stego: 4.4383e+01
26-08-16 22:11:20.526 - INFO: <epoch:  4, iter:  76,100, lr:5.000e-05> l_back_rec: 5.4007e+02 l_forw_fit: 6.8512e+02 l_mi: 1.0000e+00 l_h: 8.0936e+03 
26-08-16 22:12:07.640 - INFO: <epoch:  4, iter:  76,200, lr:5.000e-05> l_back_rec: 4.5306e+02 l_forw_fit: 3.6350e+02 l_mi: 1.0000e+00 l_h: 5.9318e+03 
26-08-16 22:12:54.742 - INFO: <epoch:  4, iter:  76,300, lr:5.000e-05> l_back_rec: 4.7339e+02 l_forw_fit: 3.8194e+02 l_mi: 1.0000e+00 l_h: 6.0212e+03 
26-08-16 22:13:42.085 - INFO: <epoch:  4, iter:  76,400, lr:5.000e-05> l_back_rec: 5.1084e+02 l_forw_fit: 4.4490e+02 l_mi: 1.0000e+00 l_h: 6.4629e+03 
26-08-16 22:14:29.199 - INFO: <epoch:  4, iter:  76,500, lr:5.000e-05> l_back_rec: 5.0696e+02 l_forw_fit: 5.1358e+02 l_mi: 1.0000e+00 l_h: 6.1907e+03 
26-08-16 22:15:16.658 - INFO: <epoch:  4, iter:  76,600, lr:5.000e-05> l_back_rec: 4.3479e+02 l_forw_fit: 3.0734e+02 l_mi: 1.0000e+00 l_h: 4.9434e+03 
26-08-16 22:16:03.827 - INFO: <epoch:  4, iter:  76,700, lr:5.000e-05> l_back_rec: 5.9357e+02 l_forw_fit: 1.1532e+03 l_mi: 1.0000e+00 l_h: 1.0049e+04 
26-08-16 22:16:50.796 - INFO: <epoch:  4, iter:  76,800, lr:5.000e-05> l_back_rec: 5.2266e+02 l_forw_fit: 8.2809e+02 l_mi: 1.0000e+00 l_h: 9.1897e+03 
26-08-16 22:17:38.091 - INFO: <epoch:  4, iter:  76,900, lr:5.000e-05> l_back_rec: 3.7114e+02 l_forw_fit: 2.7927e+02 l_mi: 1.0000e+00 l_h: 4.7635e+03 
26-08-16 22:18:25.231 - INFO: <epoch:  4, iter:  77,000, lr:5.000e-05> l_back_rec: 7.1838e+02 l_forw_fit: 6.5954e+02 l_mi: 1.0000e+00 l_h: 9.2475e+03 
26-08-16 22:19:01.724 - INFO: # Validation # PSNR_Cover: 4.9468e+01, PSNR_Secret: 4.6456e+01, PSNR_Stego: 4.3928e+01
26-08-16 22:19:48.937 - INFO: <epoch:  4, iter:  77,100, lr:5.000e-05> l_back_rec: 4.0819e+02 l_forw_fit: 2.6437e+02 l_mi: 1.0000e+00 l_h: 4.4985e+03 
26-08-16 22:20:36.094 - INFO: <epoch:  4, iter:  77,200, lr:5.000e-05> l_back_rec: 5.1057e+02 l_forw_fit: 4.9269e+02 l_mi: 1.0000e+00 l_h: 6.1843e+03 
26-08-16 22:21:23.164 - INFO: <epoch:  4, iter:  77,300, lr:5.000e-05> l_back_rec: 4.3056e+02 l_forw_fit: 3.5105e+02 l_mi: 1.0000e+00 l_h: 5.4304e+03 
26-08-16 22:22:10.485 - INFO: <epoch:  4, iter:  77,400, lr:5.000e-05> l_back_rec: 4.5973e+02 l_forw_fit: 4.1295e+02 l_mi: 1.0000e+00 l_h: 6.5444e+03 
26-08-16 22:22:57.392 - INFO: <epoch:  4, iter:  77,500, lr:5.000e-05> l_back_rec: 4.6764e+02 l_forw_fit: 4.4162e+02 l_mi: 1.0000e+00 l_h: 6.9672e+03 
26-08-16 22:23:44.431 - INFO: <epoch:  4, iter:  77,600, lr:5.000e-05> l_back_rec: 5.2017e+02 l_forw_fit: 6.5670e+02 l_mi: 1.0000e+00 l_h: 7.5084e+03 
26-08-16 22:24:31.193 - INFO: <epoch:  4, iter:  77,700, lr:5.000e-05> l_back_rec: 5.0621e+02 l_forw_fit: 4.6439e+02 l_mi: 1.0000e+00 l_h: 6.9090e+03 
26-08-16 22:25:18.325 - INFO: <epoch:  4, iter:  77,800, lr:5.000e-05> l_back_rec: 4.5747e+02 l_forw_fit: 3.6407e+02 l_mi: 1.0000e+00 l_h: 5.3624e+03 
26-08-16 22:26:05.503 - INFO: <epoch:  4, iter:  77,900, lr:5.000e-05> l_back_rec: 5.2383e+02 l_forw_fit: 5.1905e+02 l_mi: 1.0000e+00 l_h: 7.0114e+03 
26-08-16 22:26:52.564 - INFO: <epoch:  4, iter:  78,000, lr:5.000e-05> l_back_rec: 3.7823e+02 l_forw_fit: 2.8050e+02 l_mi: 1.0000e+00 l_h: 4.8328e+03 
26-08-16 22:27:29.214 - INFO: # Validation # PSNR_Cover: 5.0224e+01, PSNR_Secret: 4.7082e+01, PSNR_Stego: 4.4371e+01
26-08-16 22:28:16.422 - INFO: <epoch:  4, iter:  78,100, lr:5.000e-05> l_back_rec: 4.2440e+02 l_forw_fit: 5.0506e+02 l_mi: 1.0000e+00 l_h: 6.2731e+03 
26-08-16 22:29:03.534 - INFO: <epoch:  4, iter:  78,200, lr:5.000e-05> l_back_rec: 5.1076e+02 l_forw_fit: 5.5095e+02 l_mi: 1.0000e+00 l_h: 7.9398e+03 
26-08-16 22:29:50.613 - INFO: <epoch:  4, iter:  78,300, lr:5.000e-05> l_back_rec: 5.2158e+02 l_forw_fit: 7.2678e+02 l_mi: 1.0000e+00 l_h: 8.4477e+03 
26-08-16 22:30:37.654 - INFO: <epoch:  4, iter:  78,400, lr:5.000e-05> l_back_rec: 7.2888e+02 l_forw_fit: 8.4999e+02 l_mi: 1.0000e+00 l_h: 8.7495e+03 
26-08-16 22:31:25.006 - INFO: <epoch:  4, iter:  78,500, lr:5.000e-05> l_back_rec: 4.7250e+02 l_forw_fit: 4.1202e+02 l_mi: 1.0000e+00 l_h: 5.3814e+03 
26-08-16 22:32:12.195 - INFO: <epoch:  4, iter:  78,600, lr:5.000e-05> l_back_rec: 4.0194e+02 l_forw_fit: 5.3570e+02 l_mi: 1.0000e+00 l_h: 6.3564e+03 
26-08-16 22:32:59.285 - INFO: <epoch:  4, iter:  78,700, lr:5.000e-05> l_back_rec: 4.8068e+02 l_forw_fit: 3.9596e+02 l_mi: 1.0000e+00 l_h: 6.0924e+03 
26-08-16 22:33:46.466 - INFO: <epoch:  4, iter:  78,800, lr:5.000e-05> l_back_rec: 4.3103e+02 l_forw_fit: 4.7749e+02 l_mi: 1.0000e+00 l_h: 6.5016e+03 
26-08-16 22:34:33.681 - INFO: <epoch:  4, iter:  78,900, lr:5.000e-05> l_back_rec: 4.5664e+02 l_forw_fit: 5.1127e+02 l_mi: 1.0000e+00 l_h: 7.1323e+03 
26-08-16 22:35:20.907 - INFO: <epoch:  4, iter:  79,000, lr:5.000e-05> l_back_rec: 4.0088e+02 l_forw_fit: 3.2469e+02 l_mi: 1.0000e+00 l_h: 5.2470e+03 
26-08-16 22:35:57.088 - INFO: # Validation # PSNR_Cover: 5.0134e+01, PSNR_Secret: 4.6822e+01, PSNR_Stego: 4.4568e+01
26-08-16 22:36:44.580 - INFO: <epoch:  4, iter:  79,100, lr:5.000e-05> l_back_rec: 6.4796e+02 l_forw_fit: 5.8320e+02 l_mi: 1.0000e+00 l_h: 6.8910e+03 
26-08-16 22:37:31.567 - INFO: <epoch:  4, iter:  79,200, lr:5.000e-05> l_back_rec: 4.1403e+02 l_forw_fit: 4.1749e+02 l_mi: 1.0000e+00 l_h: 5.6212e+03 
26-08-16 22:38:18.601 - INFO: <epoch:  4, iter:  79,300, lr:5.000e-05> l_back_rec: 6.3439e+02 l_forw_fit: 8.2163e+02 l_mi: 1.0000e+00 l_h: 8.4953e+03 
26-08-16 22:39:05.924 - INFO: <epoch:  4, iter:  79,400, lr:5.000e-05> l_back_rec: 5.3470e+02 l_forw_fit: 8.0442e+02 l_mi: 1.0000e+00 l_h: 8.2189e+03 
26-08-16 22:39:53.076 - INFO: <epoch:  4, iter:  79,500, lr:5.000e-05> l_back_rec: 4.9722e+02 l_forw_fit: 8.5827e+02 l_mi: 1.0000e+00 l_h: 8.1422e+03 
26-08-16 22:40:40.597 - INFO: <epoch:  4, iter:  79,600, lr:5.000e-05> l_back_rec: 4.6975e+02 l_forw_fit: 5.6557e+02 l_mi: 1.0000e+00 l_h: 7.2832e+03 
26-08-16 22:41:27.853 - INFO: <epoch:  4, iter:  79,700, lr:5.000e-05> l_back_rec: 4.8050e+02 l_forw_fit: 6.0543e+02 l_mi: 1.0000e+00 l_h: 8.0020e+03 
26-08-16 22:42:15.104 - INFO: <epoch:  4, iter:  79,800, lr:5.000e-05> l_back_rec: 4.8884e+02 l_forw_fit: 3.4221e+02 l_mi: 1.0000e+00 l_h: 5.6338e+03 
26-08-16 22:43:02.307 - INFO: <epoch:  4, iter:  79,900, lr:5.000e-05> l_back_rec: 5.5080e+02 l_forw_fit: 4.5062e+02 l_mi: 1.0000e+00 l_h: 6.7109e+03 
26-08-16 22:43:49.330 - INFO: <epoch:  4, iter:  80,000, lr:5.000e-05> l_back_rec: 4.0801e+02 l_forw_fit: 4.0780e+02 l_mi: 1.0000e+00 l_h: 6.5258e+03 
26-08-16 22:44:26.050 - INFO: # Validation # PSNR_Cover: 5.0225e+01, PSNR_Secret: 4.6926e+01, PSNR_Stego: 4.4550e+01
26-08-16 22:44:26.050 - INFO: Saving models and training states.
26-08-16 22:45:13.735 - INFO: <epoch:  4, iter:  80,100, lr:5.000e-05> l_back_rec: 5.7425e+02 l_forw_fit: 6.9991e+02 l_mi: 1.0000e+00 l_h: 1.1222e+04 
26-08-16 22:46:01.927 - INFO: <epoch:  4, iter:  80,200, lr:5.000e-05> l_back_rec: 5.2517e+02 l_forw_fit: 4.4744e+02 l_mi: 1.0000e+00 l_h: 6.1205e+03 
26-08-16 22:46:49.984 - INFO: <epoch:  4, iter:  80,300, lr:5.000e-05> l_back_rec: 5.2148e+02 l_forw_fit: 6.0028e+02 l_mi: 1.0000e+00 l_h: 6.0808e+03 
26-08-16 22:47:39.490 - INFO: <epoch:  4, iter:  80,400, lr:5.000e-05> l_back_rec: 4.5859e+02 l_forw_fit: 5.1113e+02 l_mi: 1.0000e+00 l_h: 6.8046e+03 
26-08-16 22:48:27.868 - INFO: <epoch:  4, iter:  80,500, lr:5.000e-05> l_back_rec: 4.2210e+02 l_forw_fit: 4.6737e+02 l_mi: 1.0000e+00 l_h: 5.9825e+03 
26-08-16 22:49:15.370 - INFO: <epoch:  4, iter:  80,600, lr:5.000e-05> l_back_rec: 4.6848e+02 l_forw_fit: 5.6299e+02 l_mi: 1.0000e+00 l_h: 7.1714e+03 
26-08-16 22:50:02.423 - INFO: <epoch:  4, iter:  80,700, lr:5.000e-05> l_back_rec: 4.2407e+02 l_forw_fit: 4.1485e+02 l_mi: 1.0000e+00 l_h: 6.1583e+03 
26-08-16 22:52:01.707 - INFO: <epoch:  5, iter:  80,800, lr:5.000e-05> l_back_rec: 4.4526e+02 l_forw_fit: 3.4887e+02 l_mi: 1.0000e+00 l_h: 5.7958e+03 
26-08-16 22:52:49.811 - INFO: <epoch:  5, iter:  80,900, lr:5.000e-05> l_back_rec: 5.4999e+02 l_forw_fit: 4.0795e+02 l_mi: 1.0000e+00 l_h: 5.8591e+03 
26-08-16 22:53:37.019 - INFO: <epoch:  5, iter:  81,000, lr:5.000e-05> l_back_rec: 5.9752e+02 l_forw_fit: 8.1270e+02 l_mi: 1.0000e+00 l_h: 9.0750e+03 
26-08-16 22:54:14.182 - INFO: # Validation # PSNR_Cover: 5.0141e+01, PSNR_Secret: 4.7076e+01, PSNR_Stego: 4.4375e+01
26-08-16 22:55:01.738 - INFO: <epoch:  5, iter:  81,100, lr:5.000e-05> l_back_rec: 4.5092e+02 l_forw_fit: 3.4666e+02 l_mi: 1.0000e+00 l_h: 4.6459e+03 
26-08-16 22:55:48.918 - INFO: <epoch:  5, iter:  81,200, lr:5.000e-05> l_back_rec: 4.4220e+02 l_forw_fit: 3.7799e+02 l_mi: 1.0000e+00 l_h: 5.7446e+03 
26-08-16 22:56:36.220 - INFO: <epoch:  5, iter:  81,300, lr:5.000e-05> l_back_rec: 4.0782e+02 l_forw_fit: 2.4769e+02 l_mi: 1.0000e+00 l_h: 4.2490e+03 
26-08-16 22:57:23.410 - INFO: <epoch:  5, iter:  81,400, lr:5.000e-05> l_back_rec: 4.3655e+02 l_forw_fit: 4.0877e+02 l_mi: 1.0000e+00 l_h: 6.1414e+03 
26-08-16 22:58:10.988 - INFO: <epoch:  5, iter:  81,500, lr:5.000e-05> l_back_rec: 4.7114e+02 l_forw_fit: 4.0687e+02 l_mi: 1.0000e+00 l_h: 6.3239e+03 
26-08-16 22:58:58.355 - INFO: <epoch:  5, iter:  81,600, lr:5.000e-05> l_back_rec: 4.6030e+02 l_forw_fit: 5.6865e+02 l_mi: 1.0000e+00 l_h: 8.6483e+03 
26-08-16 22:59:45.875 - INFO: <epoch:  5, iter:  81,700, lr:5.000e-05> l_back_rec: 5.8891e+02 l_forw_fit: 7.9757e+02 l_mi: 1.0000e+00 l_h: 8.5700e+03 
26-08-16 23:00:33.198 - INFO: <epoch:  5, iter:  81,800, lr:5.000e-05> l_back_rec: 4.7375e+02 l_forw_fit: 4.7254e+02 l_mi: 1.0000e+00 l_h: 6.9039e+03 
26-08-16 23:01:21.155 - INFO: <epoch:  5, iter:  81,900, lr:5.000e-05> l_back_rec: 5.6097e+02 l_forw_fit: 7.6506e+02 l_mi: 1.0000e+00 l_h: 9.0463e+03 
26-08-16 23:02:08.653 - INFO: <epoch:  5, iter:  82,000, lr:5.000e-05> l_back_rec: 4.6711e+02 l_forw_fit: 4.7884e+02 l_mi: 1.0000e+00 l_h: 6.8686e+03 
26-08-16 23:02:45.072 - INFO: # Validation # PSNR_Cover: 5.0218e+01, PSNR_Secret: 4.6954e+01, PSNR_Stego: 4.4354e+01
26-08-16 23:03:32.566 - INFO: <epoch:  5, iter:  82,100, lr:5.000e-05> l_back_rec: 4.5829e+02 l_forw_fit: 6.5412e+02 l_mi: 1.0000e+00 l_h: 7.4266e+03 
26-08-16 23:04:20.439 - INFO: <epoch:  5, iter:  82,200, lr:5.000e-05> l_back_rec: 4.8544e+02 l_forw_fit: 4.9988e+02 l_mi: 1.0000e+00 l_h: 6.6687e+03 
26-08-16 23:05:06.833 - INFO: <epoch:  5, iter:  82,300, lr:5.000e-05> l_back_rec: 4.9758e+02 l_forw_fit: 4.2644e+02 l_mi: 1.0000e+00 l_h: 5.9393e+03 
26-08-16 23:05:52.393 - INFO: <epoch:  5, iter:  82,400, lr:5.000e-05> l_back_rec: 4.6804e+02 l_forw_fit: 4.5910e+02 l_mi: 1.0000e+00 l_h: 6.5932e+03 
26-08-16 23:06:38.589 - INFO: <epoch:  5, iter:  82,500, lr:5.000e-05> l_back_rec: 4.1850e+02 l_forw_fit: 3.8036e+02 l_mi: 1.0000e+00 l_h: 5.9428e+03 
26-08-16 23:07:25.388 - INFO: <epoch:  5, iter:  82,600, lr:5.000e-05> l_back_rec: 5.0610e+02 l_forw_fit: 4.3199e+02 l_mi: 1.0000e+00 l_h: 6.6484e+03 
26-08-16 23:08:12.480 - INFO: <epoch:  5, iter:  82,700, lr:5.000e-05> l_back_rec: 5.1416e+02 l_forw_fit: 5.5778e+02 l_mi: 1.0000e+00 l_h: 7.6152e+03 
26-08-16 23:08:59.412 - INFO: <epoch:  5, iter:  82,800, lr:5.000e-05> l_back_rec: 6.0514e+02 l_forw_fit: 5.4435e+02 l_mi: 1.0000e+00 l_h: 6.9690e+03 
26-08-16 23:09:46.378 - INFO: <epoch:  5, iter:  82,900, lr:5.000e-05> l_back_rec: 4.4364e+02 l_forw_fit: 4.3608e+02 l_mi: 1.0000e+00 l_h: 6.6754e+03 
26-08-16 23:10:33.236 - INFO: <epoch:  5, iter:  83,000, lr:5.000e-05> l_back_rec: 5.1441e+02 l_forw_fit: 7.1112e+02 l_mi: 1.0000e+00 l_h: 7.0759e+03 
26-08-16 23:11:09.357 - INFO: # Validation # PSNR_Cover: 5.0178e+01, PSNR_Secret: 4.7100e+01, PSNR_Stego: 4.4448e+01
26-08-16 23:11:56.100 - INFO: <epoch:  5, iter:  83,100, lr:5.000e-05> l_back_rec: 4.6222e+02 l_forw_fit: 3.7739e+02 l_mi: 1.0000e+00 l_h: 6.2120e+03 
26-08-16 23:12:43.275 - INFO: <epoch:  5, iter:  83,200, lr:5.000e-05> l_back_rec: 4.1094e+02 l_forw_fit: 3.2209e+02 l_mi: 1.0000e+00 l_h: 5.2072e+03 
26-08-16 23:13:29.950 - INFO: <epoch:  5, iter:  83,300, lr:5.000e-05> l_back_rec: 4.4092e+02 l_forw_fit: 4.6646e+02 l_mi: 1.0000e+00 l_h: 6.6165e+03 
26-08-16 23:14:17.048 - INFO: <epoch:  5, iter:  83,400, lr:5.000e-05> l_back_rec: 4.4057e+02 l_forw_fit: 4.3561e+02 l_mi: 1.0000e+00 l_h: 6.6490e+03 
26-08-16 23:15:04.059 - INFO: <epoch:  5, iter:  83,500, lr:5.000e-05> l_back_rec: 4.4632e+02 l_forw_fit: 4.1864e+02 l_mi: 1.0000e+00 l_h: 6.6873e+03 
26-08-16 23:15:51.003 - INFO: <epoch:  5, iter:  83,600, lr:5.000e-05> l_back_rec: 5.2914e+02 l_forw_fit: 6.8822e+02 l_mi: 1.0000e+00 l_h: 8.2048e+03 
26-08-16 23:16:38.053 - INFO: <epoch:  5, iter:  83,700, lr:5.000e-05> l_back_rec: 5.0768e+02 l_forw_fit: 5.1388e+02 l_mi: 1.0000e+00 l_h: 7.7242e+03 
26-08-16 23:17:25.109 - INFO: <epoch:  5, iter:  83,800, lr:5.000e-05> l_back_rec: 4.7136e+02 l_forw_fit: 5.5807e+02 l_mi: 1.0000e+00 l_h: 7.8959e+03 
26-08-16 23:18:12.406 - INFO: <epoch:  5, iter:  83,900, lr:5.000e-05> l_back_rec: 4.7881e+02 l_forw_fit: 4.7718e+02 l_mi: 1.0000e+00 l_h: 5.9209e+03 
26-08-16 23:18:59.597 - INFO: <epoch:  5, iter:  84,000, lr:5.000e-05> l_back_rec: 4.1353e+02 l_forw_fit: 3.9357e+02 l_mi: 1.0000e+00 l_h: 5.9610e+03 
26-08-16 23:19:35.201 - INFO: # Validation # PSNR_Cover: 5.0348e+01, PSNR_Secret: 4.6875e+01, PSNR_Stego: 4.4389e+01
26-08-16 23:20:22.129 - INFO: <epoch:  5, iter:  84,100, lr:5.000e-05> l_back_rec: 4.2134e+02 l_forw_fit: 4.4540e+02 l_mi: 1.0000e+00 l_h: 6.4067e+03 
26-08-16 23:21:09.187 - INFO: <epoch:  5, iter:  84,200, lr:5.000e-05> l_back_rec: 5.1310e+02 l_forw_fit: 3.4376e+02 l_mi: 1.0000e+00 l_h: 5.3529e+03 
26-08-16 23:21:56.279 - INFO: <epoch:  5, iter:  84,300, lr:5.000e-05> l_back_rec: 4.6154e+02 l_forw_fit: 4.7769e+02 l_mi: 1.0000e+00 l_h: 6.6634e+03 
26-08-16 23:22:43.606 - INFO: <epoch:  5, iter:  84,400, lr:5.000e-05> l_back_rec: 4.7792e+02 l_forw_fit: 3.5677e+02 l_mi: 1.0000e+00 l_h: 5.3372e+03 
26-08-16 23:23:30.628 - INFO: <epoch:  5, iter:  84,500, lr:5.000e-05> l_back_rec: 4.9296e+02 l_forw_fit: 5.3878e+02 l_mi: 1.0000e+00 l_h: 6.9006e+03 
26-08-16 23:24:17.835 - INFO: <epoch:  5, iter:  84,600, lr:5.000e-05> l_back_rec: 4.5222e+02 l_forw_fit: 4.0984e+02 l_mi: 1.0000e+00 l_h: 5.8043e+03 
26-08-16 23:25:05.028 - INFO: <epoch:  5, iter:  84,700, lr:5.000e-05> l_back_rec: 5.6225e+02 l_forw_fit: 9.3922e+02 l_mi: 1.0000e+00 l_h: 9.5059e+03 
26-08-16 23:25:52.149 - INFO: <epoch:  5, iter:  84,800, lr:5.000e-05> l_back_rec: 5.2497e+02 l_forw_fit: 6.7527e+02 l_mi: 1.0000e+00 l_h: 7.9231e+03 
26-08-16 23:26:39.483 - INFO: <epoch:  5, iter:  84,900, lr:5.000e-05> l_back_rec: 4.6610e+02 l_forw_fit: 3.1797e+02 l_mi: 1.0000e+00 l_h: 5.5534e+03 
26-08-16 23:27:26.309 - INFO: <epoch:  5, iter:  85,000, lr:5.000e-05> l_back_rec: 4.1684e+02 l_forw_fit: 2.8671e+02 l_mi: 1.0000e+00 l_h: 5.1966e+03 
26-08-16 23:28:02.895 - INFO: # Validation # PSNR_Cover: 5.0372e+01, PSNR_Secret: 4.7047e+01, PSNR_Stego: 4.4628e+01
26-08-16 23:28:02.895 - INFO: Saving models and training states.
26-08-16 23:28:50.377 - INFO: <epoch:  5, iter:  85,100, lr:5.000e-05> l_back_rec: 5.4651e+02 l_forw_fit: 8.0346e+02 l_mi: 1.0000e+00 l_h: 8.9908e+03 
26-08-16 23:29:37.270 - INFO: <epoch:  5, iter:  85,200, lr:5.000e-05> l_back_rec: 4.3663e+02 l_forw_fit: 3.6598e+02 l_mi: 1.0000e+00 l_h: 5.8812e+03 
26-08-16 23:30:24.110 - INFO: <epoch:  5, iter:  85,300, lr:5.000e-05> l_back_rec: 5.2169e+02 l_forw_fit: 3.5525e+02 l_mi: 1.0000e+00 l_h: 6.6337e+03 
26-08-16 23:31:11.358 - INFO: <epoch:  5, iter:  85,400, lr:5.000e-05> l_back_rec: 4.0884e+02 l_forw_fit: 4.8344e+02 l_mi: 1.0000e+00 l_h: 5.8785e+03 
26-08-16 23:31:58.151 - INFO: <epoch:  5, iter:  85,500, lr:5.000e-05> l_back_rec: 7.3596e+02 l_forw_fit: 1.5102e+03 l_mi: 1.0000e+00 l_h: 1.2643e+04 
26-08-16 23:32:45.433 - INFO: <epoch:  5, iter:  85,600, lr:5.000e-05> l_back_rec: 4.2808e+02 l_forw_fit: 3.7709e+02 l_mi: 1.0000e+00 l_h: 5.9870e+03 
26-08-16 23:33:32.436 - INFO: <epoch:  5, iter:  85,700, lr:5.000e-05> l_back_rec: 4.3208e+02 l_forw_fit: 3.8129e+02 l_mi: 1.0000e+00 l_h: 6.0949e+03 
26-08-16 23:34:19.656 - INFO: <epoch:  5, iter:  85,800, lr:5.000e-05> l_back_rec: 4.7864e+02 l_forw_fit: 5.8742e+02 l_mi: 1.0000e+00 l_h: 8.7343e+03 
26-08-16 23:35:06.706 - INFO: <epoch:  5, iter:  85,900, lr:5.000e-05> l_back_rec: 4.0514e+02 l_forw_fit: 3.8741e+02 l_mi: 1.0000e+00 l_h: 6.1517e+03 
26-08-16 23:35:53.502 - INFO: <epoch:  5, iter:  86,000, lr:5.000e-05> l_back_rec: 4.4060e+02 l_forw_fit: 4.7344e+02 l_mi: 1.0000e+00 l_h: 6.7619e+03 
26-08-16 23:36:30.170 - INFO: # Validation # PSNR_Cover: 5.0177e+01, PSNR_Secret: 4.6783e+01, PSNR_Stego: 4.4677e+01
26-08-16 23:37:17.008 - INFO: <epoch:  5, iter:  86,100, lr:5.000e-05> l_back_rec: 5.3995e+02 l_forw_fit: 6.9794e+02 l_mi: 1.0000e+00 l_h: 7.6088e+03 
26-08-16 23:38:03.776 - INFO: <epoch:  5, iter:  86,200, lr:5.000e-05> l_back_rec: 5.1431e+02 l_forw_fit: 9.4766e+02 l_mi: 1.0000e+00 l_h: 8.1206e+03 
26-08-16 23:38:50.757 - INFO: <epoch:  5, iter:  86,300, lr:5.000e-05> l_back_rec: 4.6913e+02 l_forw_fit: 4.1578e+02 l_mi: 1.0000e+00 l_h: 6.0429e+03 
26-08-16 23:39:37.579 - INFO: <epoch:  5, iter:  86,400, lr:5.000e-05> l_back_rec: 4.7792e+02 l_forw_fit: 5.6406e+02 l_mi: 1.0000e+00 l_h: 7.4723e+03 
26-08-16 23:40:24.429 - INFO: <epoch:  5, iter:  86,500, lr:5.000e-05> l_back_rec: 4.1947e+02 l_forw_fit: 3.1207e+02 l_mi: 1.0000e+00 l_h: 4.9116e+03 
26-08-16 23:41:11.482 - INFO: <epoch:  5, iter:  86,600, lr:5.000e-05> l_back_rec: 4.7344e+02 l_forw_fit: 5.1766e+02 l_mi: 1.0000e+00 l_h: 6.2528e+03 
26-08-16 23:41:58.271 - INFO: <epoch:  5, iter:  86,700, lr:5.000e-05> l_back_rec: 3.9405e+02 l_forw_fit: 3.0069e+02 l_mi: 1.0000e+00 l_h: 5.0747e+03 
26-08-16 23:42:45.420 - INFO: <epoch:  5, iter:  86,800, lr:5.000e-05> l_back_rec: 4.4333e+02 l_forw_fit: 4.0424e+02 l_mi: 1.0000e+00 l_h: 6.0050e+03 
26-08-16 23:43:32.392 - INFO: <epoch:  5, iter:  86,900, lr:5.000e-05> l_back_rec: 5.1265e+02 l_forw_fit: 5.7513e+02 l_mi: 1.0000e+00 l_h: 7.6649e+03 
26-08-16 23:44:19.351 - INFO: <epoch:  5, iter:  87,000, lr:5.000e-05> l_back_rec: 5.2840e+02 l_forw_fit: 5.5592e+02 l_mi: 1.0000e+00 l_h: 6.8511e+03 
26-08-16 23:44:55.622 - INFO: # Validation # PSNR_Cover: 5.0184e+01, PSNR_Secret: 4.7137e+01, PSNR_Stego: 4.4431e+01
26-08-16 23:45:42.741 - INFO: <epoch:  5, iter:  87,100, lr:5.000e-05> l_back_rec: 4.6731e+02 l_forw_fit: 5.2864e+02 l_mi: 1.0000e+00 l_h: 5.8625e+03 
26-08-16 23:46:29.492 - INFO: <epoch:  5, iter:  87,200, lr:5.000e-05> l_back_rec: 4.2504e+02 l_forw_fit: 3.0711e+02 l_mi: 1.0000e+00 l_h: 5.4429e+03 
26-08-16 23:47:16.594 - INFO: <epoch:  5, iter:  87,300, lr:5.000e-05> l_back_rec: 3.9062e+02 l_forw_fit: 3.5494e+02 l_mi: 1.0000e+00 l_h: 5.6583e+03 
26-08-16 23:48:03.727 - INFO: <epoch:  5, iter:  87,400, lr:5.000e-05> l_back_rec: 5.2755e+02 l_forw_fit: 6.4688e+02 l_mi: 1.0000e+00 l_h: 8.6025e+03 
26-08-16 23:48:50.700 - INFO: <epoch:  5, iter:  87,500, lr:5.000e-05> l_back_rec: 4.2464e+02 l_forw_fit: 4.8009e+02 l_mi: 1.0000e+00 l_h: 6.2971e+03 
26-08-16 23:49:37.870 - INFO: <epoch:  5, iter:  87,600, lr:5.000e-05> l_back_rec: 4.6588e+02 l_forw_fit: 5.1851e+02 l_mi: 1.0000e+00 l_h: 5.7869e+03 
26-08-16 23:50:24.616 - INFO: <epoch:  5, iter:  87,700, lr:5.000e-05> l_back_rec: 4.4173e+02 l_forw_fit: 4.3544e+02 l_mi: 1.0000e+00 l_h: 6.2468e+03 
26-08-16 23:51:11.795 - INFO: <epoch:  5, iter:  87,800, lr:5.000e-05> l_back_rec: 6.6876e+02 l_forw_fit: 7.6220e+02 l_mi: 1.0000e+00 l_h: 8.8388e+03 
26-08-16 23:51:58.717 - INFO: <epoch:  5, iter:  87,900, lr:5.000e-05> l_back_rec: 4.6605e+02 l_forw_fit: 5.9666e+02 l_mi: 1.0000e+00 l_h: 7.2933e+03 
26-08-16 23:52:45.927 - INFO: <epoch:  5, iter:  88,000, lr:5.000e-05> l_back_rec: 4.9346e+02 l_forw_fit: 6.0635e+02 l_mi: 1.0000e+00 l_h: 7.6755e+03 
26-08-16 23:53:22.351 - INFO: # Validation # PSNR_Cover: 5.0217e+01, PSNR_Secret: 4.7180e+01, PSNR_Stego: 4.4243e+01
26-08-16 23:54:09.674 - INFO: <epoch:  5, iter:  88,100, lr:5.000e-05> l_back_rec: 5.4527e+02 l_forw_fit: 5.0200e+02 l_mi: 1.0000e+00 l_h: 1.3288e+04 
26-08-16 23:54:56.665 - INFO: <epoch:  5, iter:  88,200, lr:5.000e-05> l_back_rec: 5.1822e+02 l_forw_fit: 4.8754e+02 l_mi: 1.0000e+00 l_h: 6.6307e+03 
26-08-16 23:55:43.708 - INFO: <epoch:  5, iter:  88,300, lr:5.000e-05> l_back_rec: 4.1836e+02 l_forw_fit: 4.7066e+02 l_mi: 1.0000e+00 l_h: 6.7476e+03 
26-08-16 23:56:30.513 - INFO: <epoch:  5, iter:  88,400, lr:5.000e-05> l_back_rec: 4.6829e+02 l_forw_fit: 4.0581e+02 l_mi: 1.0000e+00 l_h: 6.2755e+03 
26-08-16 23:57:17.530 - INFO: <epoch:  5, iter:  88,500, lr:5.000e-05> l_back_rec: 4.8468e+02 l_forw_fit: 6.7086e+02 l_mi: 1.0000e+00 l_h: 6.7990e+03 
26-08-16 23:58:04.568 - INFO: <epoch:  5, iter:  88,600, lr:5.000e-05> l_back_rec: 4.7760e+02 l_forw_fit: 4.5403e+02 l_mi: 1.0000e+00 l_h: 6.5890e+03 
26-08-16 23:58:51.551 - INFO: <epoch:  5, iter:  88,700, lr:5.000e-05> l_back_rec: 4.3388e+02 l_forw_fit: 4.5064e+02 l_mi: 1.0000e+00 l_h: 6.1824e+03 
26-08-16 23:59:38.791 - INFO: <epoch:  5, iter:  88,800, lr:5.000e-05> l_back_rec: 4.4589e+02 l_forw_fit: 4.3749e+02 l_mi: 1.0000e+00 l_h: 5.8291e+03 
26-08-17 00:00:25.804 - INFO: <epoch:  5, iter:  88,900, lr:5.000e-05> l_back_rec: 4.2544e+02 l_forw_fit: 4.2807e+02 l_mi: 1.0000e+00 l_h: 5.6098e+03 
26-08-17 00:01:13.017 - INFO: <epoch:  5, iter:  89,000, lr:5.000e-05> l_back_rec: 4.6864e+02 l_forw_fit: 5.5267e+02 l_mi: 1.0000e+00 l_h: 7.7230e+03 
26-08-17 00:01:49.726 - INFO: # Validation # PSNR_Cover: 5.0129e+01, PSNR_Secret: 4.6987e+01, PSNR_Stego: 4.4575e+01
26-08-17 00:02:36.759 - INFO: <epoch:  5, iter:  89,100, lr:5.000e-05> l_back_rec: 3.8672e+02 l_forw_fit: 3.3182e+02 l_mi: 1.0000e+00 l_h: 5.1767e+03 
26-08-17 00:03:23.726 - INFO: <epoch:  5, iter:  89,200, lr:5.000e-05> l_back_rec: 4.5583e+02 l_forw_fit: 5.5342e+02 l_mi: 1.0000e+00 l_h: 6.5007e+03 
26-08-17 00:04:10.912 - INFO: <epoch:  5, iter:  89,300, lr:5.000e-05> l_back_rec: 6.0991e+02 l_forw_fit: 1.4546e+03 l_mi: 1.0000e+00 l_h: 1.0805e+04 
26-08-17 00:04:58.115 - INFO: <epoch:  5, iter:  89,400, lr:5.000e-05> l_back_rec: 4.2912e+02 l_forw_fit: 4.2069e+02 l_mi: 1.0000e+00 l_h: 5.9128e+03 
26-08-17 00:05:45.186 - INFO: <epoch:  5, iter:  89,500, lr:5.000e-05> l_back_rec: 4.3219e+02 l_forw_fit: 4.3337e+02 l_mi: 1.0000e+00 l_h: 5.9479e+03 
26-08-17 00:06:32.020 - INFO: <epoch:  5, iter:  89,600, lr:5.000e-05> l_back_rec: 4.7090e+02 l_forw_fit: 4.8400e+02 l_mi: 1.0000e+00 l_h: 7.3466e+03 
26-08-17 00:07:18.984 - INFO: <epoch:  5, iter:  89,700, lr:5.000e-05> l_back_rec: 5.1419e+02 l_forw_fit: 5.1177e+02 l_mi: 1.0000e+00 l_h: 7.1192e+03 
26-08-17 00:08:06.146 - INFO: <epoch:  5, iter:  89,800, lr:5.000e-05> l_back_rec: 5.2825e+02 l_forw_fit: 5.4935e+02 l_mi: 1.0000e+00 l_h: 7.2392e+03 
26-08-17 00:08:52.873 - INFO: <epoch:  5, iter:  89,900, lr:5.000e-05> l_back_rec: 4.3684e+02 l_forw_fit: 3.8791e+02 l_mi: 1.0000e+00 l_h: 5.4490e+03 
26-08-17 00:09:40.060 - INFO: <epoch:  5, iter:  90,000, lr:5.000e-05> l_back_rec: 4.3464e+02 l_forw_fit: 5.2913e+02 l_mi: 1.0000e+00 l_h: 7.5772e+03 
26-08-17 00:10:16.703 - INFO: # Validation # PSNR_Cover: 5.0483e+01, PSNR_Secret: 4.7120e+01, PSNR_Stego: 4.4820e+01
26-08-17 00:10:16.703 - INFO: Saving models and training states.
26-08-17 00:11:04.165 - INFO: <epoch:  5, iter:  90,100, lr:5.000e-05> l_back_rec: 4.9928e+02 l_forw_fit: 5.6134e+02 l_mi: 1.0000e+00 l_h: 7.7047e+03 
26-08-17 00:11:51.051 - INFO: <epoch:  5, iter:  90,200, lr:5.000e-05> l_back_rec: 4.9778e+02 l_forw_fit: 4.5718e+02 l_mi: 1.0000e+00 l_h: 6.8877e+03 
26-08-17 00:12:38.219 - INFO: <epoch:  5, iter:  90,300, lr:5.000e-05> l_back_rec: 5.0345e+02 l_forw_fit: 5.3742e+02 l_mi: 1.0000e+00 l_h: 6.8575e+03 
26-08-17 00:13:25.085 - INFO: <epoch:  5, iter:  90,400, lr:5.000e-05> l_back_rec: 4.8522e+02 l_forw_fit: 5.1523e+02 l_mi: 1.0000e+00 l_h: 7.0829e+03 
26-08-17 00:14:12.416 - INFO: <epoch:  5, iter:  90,500, lr:5.000e-05> l_back_rec: 4.8498e+02 l_forw_fit: 7.4728e+02 l_mi: 1.0000e+00 l_h: 7.2782e+03 
26-08-17 00:14:59.364 - INFO: <epoch:  5, iter:  90,600, lr:5.000e-05> l_back_rec: 4.4993e+02 l_forw_fit: 4.7780e+02 l_mi: 1.0000e+00 l_h: 7.2643e+03 
26-08-17 00:15:46.553 - INFO: <epoch:  5, iter:  90,700, lr:5.000e-05> l_back_rec: 4.1515e+02 l_forw_fit: 4.2621e+02 l_mi: 1.0000e+00 l_h: 5.4362e+03 
26-08-17 00:16:33.646 - INFO: <epoch:  5, iter:  90,800, lr:5.000e-05> l_back_rec: 3.7009e+02 l_forw_fit: 3.1539e+02 l_mi: 1.0000e+00 l_h: 4.9473e+03 
26-08-17 00:17:23.155 - INFO: <epoch:  5, iter:  90,900, lr:5.000e-05> l_back_rec: 4.5786e+02 l_forw_fit: 6.8599e+02 l_mi: 1.0000e+00 l_h: 7.3456e+03 
26-08-17 00:18:11.898 - INFO: <epoch:  5, iter:  91,000, lr:5.000e-05> l_back_rec: 4.8033e+02 l_forw_fit: 5.6789e+02 l_mi: 1.0000e+00 l_h: 7.2996e+03 
26-08-17 00:18:48.681 - INFO: # Validation # PSNR_Cover: 5.0422e+01, PSNR_Secret: 4.7052e+01, PSNR_Stego: 4.4660e+01
26-08-17 00:19:36.533 - INFO: <epoch:  5, iter:  91,100, lr:5.000e-05> l_back_rec: 4.8524e+02 l_forw_fit: 5.1252e+02 l_mi: 1.0000e+00 l_h: 6.7925e+03 
26-08-17 00:20:24.240 - INFO: <epoch:  5, iter:  91,200, lr:5.000e-05> l_back_rec: 5.0648e+02 l_forw_fit: 5.2160e+02 l_mi: 1.0000e+00 l_h: 7.1693e+03 
26-08-17 00:21:12.300 - INFO: <epoch:  5, iter:  91,300, lr:5.000e-05> l_back_rec: 4.1496e+02 l_forw_fit: 3.6077e+02 l_mi: 1.0000e+00 l_h: 6.1419e+03 
26-08-17 00:21:59.486 - INFO: <epoch:  5, iter:  91,400, lr:5.000e-05> l_back_rec: 4.9286e+02 l_forw_fit: 4.6119e+02 l_mi: 1.0000e+00 l_h: 6.7646e+03 
26-08-17 00:22:46.759 - INFO: <epoch:  5, iter:  91,500, lr:5.000e-05> l_back_rec: 5.0059e+02 l_forw_fit: 5.1021e+02 l_mi: 1.0000e+00 l_h: 6.7260e+03 
26-08-17 00:23:33.725 - INFO: <epoch:  5, iter:  91,600, lr:5.000e-05> l_back_rec: 4.6066e+02 l_forw_fit: 5.5350e+02 l_mi: 1.0000e+00 l_h: 7.6622e+03 
26-08-17 00:24:20.766 - INFO: <epoch:  5, iter:  91,700, lr:5.000e-05> l_back_rec: 4.7280e+02 l_forw_fit: 4.7414e+02 l_mi: 1.0000e+00 l_h: 7.0104e+03 
26-08-17 00:25:07.879 - INFO: <epoch:  5, iter:  91,800, lr:5.000e-05> l_back_rec: 4.4975e+02 l_forw_fit: 6.5128e+02 l_mi: 1.0000e+00 l_h: 6.9357e+03 
26-08-17 00:25:54.872 - INFO: <epoch:  5, iter:  91,900, lr:5.000e-05> l_back_rec: 4.8206e+02 l_forw_fit: 4.3096e+02 l_mi: 1.0000e+00 l_h: 6.6531e+03 
26-08-17 00:26:41.989 - INFO: <epoch:  5, iter:  92,000, lr:5.000e-05> l_back_rec: 4.4687e+02 l_forw_fit: 5.3898e+02 l_mi: 1.0000e+00 l_h: 6.2547e+03 
26-08-17 00:27:18.826 - INFO: # Validation # PSNR_Cover: 5.0225e+01, PSNR_Secret: 4.6890e+01, PSNR_Stego: 4.4552e+01
26-08-17 00:28:05.903 - INFO: <epoch:  5, iter:  92,100, lr:5.000e-05> l_back_rec: 4.4890e+02 l_forw_fit: 3.4835e+02 l_mi: 1.0000e+00 l_h: 5.7702e+03 
26-08-17 00:28:52.852 - INFO: <epoch:  5, iter:  92,200, lr:5.000e-05> l_back_rec: 4.5193e+02 l_forw_fit: 3.4408e+02 l_mi: 1.0000e+00 l_h: 5.8837e+03 
26-08-17 00:29:39.789 - INFO: <epoch:  5, iter:  92,300, lr:5.000e-05> l_back_rec: 5.1656e+02 l_forw_fit: 5.1818e+02 l_mi: 1.0000e+00 l_h: 6.4197e+03 
26-08-17 00:30:26.636 - INFO: <epoch:  5, iter:  92,400, lr:5.000e-05> l_back_rec: 4.5945e+02 l_forw_fit: 5.7043e+02 l_mi: 1.0000e+00 l_h: 7.2926e+03 
26-08-17 00:31:13.694 - INFO: <epoch:  5, iter:  92,500, lr:5.000e-05> l_back_rec: 4.5698e+02 l_forw_fit: 4.0592e+02 l_mi: 1.0000e+00 l_h: 5.9632e+03 
26-08-17 00:32:00.433 - INFO: <epoch:  5, iter:  92,600, lr:5.000e-05> l_back_rec: 4.6623e+02 l_forw_fit: 3.3563e+02 l_mi: 1.0000e+00 l_h: 5.3550e+03 
26-08-17 00:32:48.609 - INFO: <epoch:  5, iter:  92,700, lr:5.000e-05> l_back_rec: 6.1707e+02 l_forw_fit: 7.5807e+02 l_mi: 1.0000e+00 l_h: 8.6547e+03 
26-08-17 00:33:36.167 - INFO: <epoch:  5, iter:  92,800, lr:5.000e-05> l_back_rec: 4.1839e+02 l_forw_fit: 3.5817e+02 l_mi: 1.0000e+00 l_h: 5.9645e+03 
26-08-17 00:34:23.663 - INFO: <epoch:  5, iter:  92,900, lr:5.000e-05> l_back_rec: 4.8187e+02 l_forw_fit: 5.3428e+02 l_mi: 1.0000e+00 l_h: 6.5699e+03 
26-08-17 00:35:10.937 - INFO: <epoch:  5, iter:  93,000, lr:5.000e-05> l_back_rec: 3.9694e+02 l_forw_fit: 4.7514e+02 l_mi: 1.0000e+00 l_h: 6.4539e+03 
26-08-17 00:35:47.443 - INFO: # Validation # PSNR_Cover: 5.0448e+01, PSNR_Secret: 4.7286e+01, PSNR_Stego: 4.4736e+01
26-08-17 00:36:34.750 - INFO: <epoch:  5, iter:  93,100, lr:5.000e-05> l_back_rec: 4.5262e+02 l_forw_fit: 4.8411e+02 l_mi: 1.0000e+00 l_h: 6.9609e+03 
26-08-17 00:37:21.514 - INFO: <epoch:  5, iter:  93,200, lr:5.000e-05> l_back_rec: 5.5890e+02 l_forw_fit: 5.2900e+02 l_mi: 1.0000e+00 l_h: 6.8179e+03 
26-08-17 00:38:08.816 - INFO: <epoch:  5, iter:  93,300, lr:5.000e-05> l_back_rec: 4.7859e+02 l_forw_fit: 4.8871e+02 l_mi: 1.0000e+00 l_h: 6.7045e+03 
26-08-17 00:38:55.785 - INFO: <epoch:  5, iter:  93,400, lr:5.000e-05> l_back_rec: 4.5742e+02 l_forw_fit: 3.8372e+02 l_mi: 1.0000e+00 l_h: 5.3318e+03 
26-08-17 00:39:42.912 - INFO: <epoch:  5, iter:  93,500, lr:5.000e-05> l_back_rec: 5.3861e+02 l_forw_fit: 1.3483e+03 l_mi: 1.0000e+00 l_h: 9.7257e+03 
26-08-17 00:40:29.792 - INFO: <epoch:  5, iter:  93,600, lr:5.000e-05> l_back_rec: 4.6948e+02 l_forw_fit: 4.2663e+02 l_mi: 1.0000e+00 l_h: 5.8772e+03 
26-08-17 00:41:17.053 - INFO: <epoch:  5, iter:  93,700, lr:5.000e-05> l_back_rec: 4.5372e+02 l_forw_fit: 4.8256e+02 l_mi: 1.0000e+00 l_h: 6.2292e+03 
26-08-17 00:42:04.027 - INFO: <epoch:  5, iter:  93,800, lr:5.000e-05> l_back_rec: 4.7678e+02 l_forw_fit: 4.4530e+02 l_mi: 1.0000e+00 l_h: 6.1639e+03 
26-08-17 00:42:51.266 - INFO: <epoch:  5, iter:  93,900, lr:5.000e-05> l_back_rec: 4.5464e+02 l_forw_fit: 3.3476e+02 l_mi: 1.0000e+00 l_h: 5.5682e+03 
26-08-17 00:43:39.510 - INFO: <epoch:  5, iter:  94,000, lr:5.000e-05> l_back_rec: 5.0618e+02 l_forw_fit: 5.0918e+02 l_mi: 1.0000e+00 l_h: 7.1657e+03 
26-08-17 00:44:23.997 - INFO: # Validation # PSNR_Cover: 5.0377e+01, PSNR_Secret: 4.7272e+01, PSNR_Stego: 4.4657e+01
26-08-17 00:45:11.461 - INFO: <epoch:  5, iter:  94,100, lr:5.000e-05> l_back_rec: 4.6063e+02 l_forw_fit: 3.5758e+02 l_mi: 1.0000e+00 l_h: 5.3273e+03 
26-08-17 00:45:58.446 - INFO: <epoch:  5, iter:  94,200, lr:5.000e-05> l_back_rec: 5.3024e+02 l_forw_fit: 5.6168e+02 l_mi: 1.0000e+00 l_h: 7.5772e+03 
26-08-17 00:46:45.591 - INFO: <epoch:  5, iter:  94,300, lr:5.000e-05> l_back_rec: 4.5218e+02 l_forw_fit: 4.8215e+02 l_mi: 1.0000e+00 l_h: 6.0640e+03 
26-08-17 00:47:32.678 - INFO: <epoch:  5, iter:  94,400, lr:5.000e-05> l_back_rec: 4.6911e+02 l_forw_fit: 4.5116e+02 l_mi: 1.0000e+00 l_h: 6.5894e+03 
26-08-17 00:48:19.952 - INFO: <epoch:  5, iter:  94,500, lr:5.000e-05> l_back_rec: 5.9841e+02 l_forw_fit: 6.5301e+02 l_mi: 1.0000e+00 l_h: 9.2161e+03 
26-08-17 00:49:07.119 - INFO: <epoch:  5, iter:  94,600, lr:5.000e-05> l_back_rec: 4.5554e+02 l_forw_fit: 4.2997e+02 l_mi: 1.0000e+00 l_h: 5.8027e+03 
26-08-17 00:49:54.150 - INFO: <epoch:  5, iter:  94,700, lr:5.000e-05> l_back_rec: 4.2494e+02 l_forw_fit: 3.6976e+02 l_mi: 1.0000e+00 l_h: 5.5473e+03 
26-08-17 00:50:41.177 - INFO: <epoch:  5, iter:  94,800, lr:5.000e-05> l_back_rec: 4.1161e+02 l_forw_fit: 2.7019e+02 l_mi: 1.0000e+00 l_h: 4.8873e+03 
26-08-17 00:51:28.111 - INFO: <epoch:  5, iter:  94,900, lr:5.000e-05> l_back_rec: 4.6565e+02 l_forw_fit: 5.9766e+02 l_mi: 1.0000e+00 l_h: 7.7762e+03 
26-08-17 00:52:15.480 - INFO: <epoch:  5, iter:  95,000, lr:5.000e-05> l_back_rec: 5.4600e+02 l_forw_fit: 6.1706e+02 l_mi: 1.0000e+00 l_h: 8.9730e+03 
26-08-17 00:52:52.034 - INFO: # Validation # PSNR_Cover: 5.0539e+01, PSNR_Secret: 4.7329e+01, PSNR_Stego: 4.4792e+01
26-08-17 00:52:52.035 - INFO: Saving models and training states.
26-08-17 00:53:39.466 - INFO: <epoch:  5, iter:  95,100, lr:5.000e-05> l_back_rec: 4.9296e+02 l_forw_fit: 4.8348e+02 l_mi: 1.0000e+00 l_h: 6.2725e+03 
26-08-17 00:54:26.393 - INFO: <epoch:  5, iter:  95,200, lr:5.000e-05> l_back_rec: 4.6046e+02 l_forw_fit: 5.8874e+02 l_mi: 1.0000e+00 l_h: 7.1765e+03 
26-08-17 00:55:13.623 - INFO: <epoch:  5, iter:  95,300, lr:5.000e-05> l_back_rec: 4.4790e+02 l_forw_fit: 4.7315e+02 l_mi: 1.0000e+00 l_h: 6.2642e+03 
26-08-17 00:56:00.600 - INFO: <epoch:  5, iter:  95,400, lr:5.000e-05> l_back_rec: 5.0991e+02 l_forw_fit: 5.0007e+02 l_mi: 1.0000e+00 l_h: 6.8741e+03 
26-08-17 00:56:47.578 - INFO: <epoch:  5, iter:  95,500, lr:5.000e-05> l_back_rec: 6.0477e+02 l_forw_fit: 5.3862e+02 l_mi: 1.0000e+00 l_h: 6.3658e+03 
26-08-17 00:57:34.666 - INFO: <epoch:  5, iter:  95,600, lr:5.000e-05> l_back_rec: 4.5969e+02 l_forw_fit: 6.1519e+02 l_mi: 1.0000e+00 l_h: 8.4132e+03 
26-08-17 00:58:21.714 - INFO: <epoch:  5, iter:  95,700, lr:5.000e-05> l_back_rec: 4.3241e+02 l_forw_fit: 5.0788e+02 l_mi: 1.0000e+00 l_h: 6.7712e+03 
26-08-17 00:59:08.864 - INFO: <epoch:  5, iter:  95,800, lr:5.000e-05> l_back_rec: 4.5327e+02 l_forw_fit: 2.8478e+02 l_mi: 1.0000e+00 l_h: 4.9042e+03 
26-08-17 00:59:55.801 - INFO: <epoch:  5, iter:  95,900, lr:5.000e-05> l_back_rec: 4.4386e+02 l_forw_fit: 6.5074e+02 l_mi: 1.0000e+00 l_h: 7.7643e+03 
26-08-17 01:00:43.027 - INFO: <epoch:  5, iter:  96,000, lr:5.000e-05> l_back_rec: 4.3667e+02 l_forw_fit: 4.2690e+02 l_mi: 1.0000e+00 l_h: 6.8089e+03 
26-08-17 01:01:19.472 - INFO: # Validation # PSNR_Cover: 5.0431e+01, PSNR_Secret: 4.7109e+01, PSNR_Stego: 4.4763e+01
26-08-17 01:02:06.697 - INFO: <epoch:  5, iter:  96,100, lr:5.000e-05> l_back_rec: 5.0885e+02 l_forw_fit: 4.9963e+02 l_mi: 1.0000e+00 l_h: 6.6648e+03 
26-08-17 01:02:53.826 - INFO: <epoch:  5, iter:  96,200, lr:5.000e-05> l_back_rec: 4.6086e+02 l_forw_fit: 4.7905e+02 l_mi: 1.0000e+00 l_h: 6.6392e+03 
26-08-17 01:03:40.943 - INFO: <epoch:  5, iter:  96,300, lr:5.000e-05> l_back_rec: 4.4701e+02 l_forw_fit: 4.5335e+02 l_mi: 1.0000e+00 l_h: 6.4469e+03 
26-08-17 01:04:28.077 - INFO: <epoch:  5, iter:  96,400, lr:5.000e-05> l_back_rec: 5.0224e+02 l_forw_fit: 4.4569e+02 l_mi: 1.0000e+00 l_h: 6.0301e+03 
26-08-17 01:05:15.640 - INFO: <epoch:  5, iter:  96,500, lr:5.000e-05> l_back_rec: 4.3621e+02 l_forw_fit: 3.9411e+02 l_mi: 1.0000e+00 l_h: 5.7994e+03 
26-08-17 01:06:02.712 - INFO: <epoch:  5, iter:  96,600, lr:5.000e-05> l_back_rec: 6.5674e+02 l_forw_fit: 8.7850e+02 l_mi: 1.0000e+00 l_h: 9.5181e+03 
26-08-17 01:06:49.857 - INFO: <epoch:  5, iter:  96,700, lr:5.000e-05> l_back_rec: 4.5272e+02 l_forw_fit: 3.7355e+02 l_mi: 1.0000e+00 l_h: 5.7810e+03 
26-08-17 01:07:37.038 - INFO: <epoch:  5, iter:  96,800, lr:5.000e-05> l_back_rec: 4.9182e+02 l_forw_fit: 4.8635e+02 l_mi: 1.0000e+00 l_h: 8.8135e+03 
26-08-17 01:08:22.813 - INFO: <epoch:  5, iter:  96,900, lr:5.000e-05> l_back_rec: 4.2938e+02 l_forw_fit: 4.0646e+02 l_mi: 1.0000e+00 l_h: 5.9070e+03 
26-08-17 01:10:19.316 - INFO: <epoch:  6, iter:  97,000, lr:5.000e-05> l_back_rec: 6.5324e+02 l_forw_fit: 8.0375e+02 l_mi: 1.0000e+00 l_h: 1.1076e+04 
26-08-17 01:10:56.234 - INFO: # Validation # PSNR_Cover: 5.0442e+01, PSNR_Secret: 4.7071e+01, PSNR_Stego: 4.4389e+01
26-08-17 01:11:43.911 - INFO: <epoch:  6, iter:  97,100, lr:5.000e-05> l_back_rec: 5.5224e+02 l_forw_fit: 6.8852e+02 l_mi: 1.0000e+00 l_h: 9.0501e+03 
26-08-17 01:12:31.001 - INFO: <epoch:  6, iter:  97,200, lr:5.000e-05> l_back_rec: 4.2747e+02 l_forw_fit: 3.3157e+02 l_mi: 1.0000e+00 l_h: 5.3761e+03 
26-08-17 01:13:18.374 - INFO: <epoch:  6, iter:  97,300, lr:5.000e-05> l_back_rec: 5.1621e+02 l_forw_fit: 4.6667e+02 l_mi: 1.0000e+00 l_h: 6.6255e+03 
26-08-17 01:14:05.596 - INFO: <epoch:  6, iter:  97,400, lr:5.000e-05> l_back_rec: 3.7471e+02 l_forw_fit: 2.2188e+02 l_mi: 1.0000e+00 l_h: 4.3521e+03 
26-08-17 01:14:53.360 - INFO: <epoch:  6, iter:  97,500, lr:5.000e-05> l_back_rec: 4.0673e+02 l_forw_fit: 3.2080e+02 l_mi: 1.0000e+00 l_h: 5.3371e+03 
26-08-17 01:15:40.504 - INFO: <epoch:  6, iter:  97,600, lr:5.000e-05> l_back_rec: 4.7629e+02 l_forw_fit: 6.6289e+02 l_mi: 1.0000e+00 l_h: 7.8406e+03 
26-08-17 01:16:27.384 - INFO: <epoch:  6, iter:  97,700, lr:5.000e-05> l_back_rec: 4.3589e+02 l_forw_fit: 5.2997e+02 l_mi: 1.0000e+00 l_h: 7.5222e+03 
26-08-17 01:17:14.493 - INFO: <epoch:  6, iter:  97,800, lr:5.000e-05> l_back_rec: 5.0472e+02 l_forw_fit: 5.6111e+02 l_mi: 1.0000e+00 l_h: 6.9600e+03 
26-08-17 01:18:01.668 - INFO: <epoch:  6, iter:  97,900, lr:5.000e-05> l_back_rec: 4.3854e+02 l_forw_fit: 3.8262e+02 l_mi: 1.0000e+00 l_h: 6.0790e+03 
26-08-17 01:18:48.920 - INFO: <epoch:  6, iter:  98,000, lr:5.000e-05> l_back_rec: 4.8271e+02 l_forw_fit: 4.7019e+02 l_mi: 1.0000e+00 l_h: 6.7145e+03 
26-08-17 01:19:25.456 - INFO: # Validation # PSNR_Cover: 5.0552e+01, PSNR_Secret: 4.7281e+01, PSNR_Stego: 4.4891e+01
26-08-17 01:20:12.340 - INFO: <epoch:  6, iter:  98,100, lr:5.000e-05> l_back_rec: 3.8312e+02 l_forw_fit: 3.7563e+02 l_mi: 1.0000e+00 l_h: 5.6930e+03 
26-08-17 01:20:58.127 - INFO: <epoch:  6, iter:  98,200, lr:5.000e-05> l_back_rec: 4.6001e+02 l_forw_fit: 5.9888e+02 l_mi: 1.0000e+00 l_h: 7.0128e+03 
26-08-17 01:21:43.882 - INFO: <epoch:  6, iter:  98,300, lr:5.000e-05> l_back_rec: 4.4566e+02 l_forw_fit: 4.8329e+02 l_mi: 1.0000e+00 l_h: 6.2122e+03 
26-08-17 01:22:29.709 - INFO: <epoch:  6, iter:  98,400, lr:5.000e-05> l_back_rec: 5.2869e+02 l_forw_fit: 9.2778e+02 l_mi: 1.0000e+00 l_h: 8.4451e+03 
26-08-17 01:23:16.711 - INFO: <epoch:  6, iter:  98,500, lr:5.000e-05> l_back_rec: 5.6895e+02 l_forw_fit: 7.1950e+02 l_mi: 1.0000e+00 l_h: 8.4158e+03 
26-08-17 01:24:03.525 - INFO: <epoch:  6, iter:  98,600, lr:5.000e-05> l_back_rec: 4.5869e+02 l_forw_fit: 3.6257e+02 l_mi: 1.0000e+00 l_h: 5.8985e+03 
26-08-17 01:24:50.641 - INFO: <epoch:  6, iter:  98,700, lr:5.000e-05> l_back_rec: 4.8782e+02 l_forw_fit: 5.3846e+02 l_mi: 1.0000e+00 l_h: 7.5007e+03 
26-08-17 01:25:37.735 - INFO: <epoch:  6, iter:  98,800, lr:5.000e-05> l_back_rec: 4.7746e+02 l_forw_fit: 5.1478e+02 l_mi: 1.0000e+00 l_h: 6.7160e+03 
26-08-17 01:26:24.813 - INFO: <epoch:  6, iter:  98,900, lr:5.000e-05> l_back_rec: 4.5148e+02 l_forw_fit: 3.8437e+02 l_mi: 1.0000e+00 l_h: 6.0806e+03 
26-08-17 01:27:12.035 - INFO: <epoch:  6, iter:  99,000, lr:5.000e-05> l_back_rec: 4.3980e+02 l_forw_fit: 5.5039e+02 l_mi: 1.0000e+00 l_h: 6.4864e+03 
26-08-17 01:27:48.239 - INFO: # Validation # PSNR_Cover: 5.0268e+01, PSNR_Secret: 4.7125e+01, PSNR_Stego: 4.4563e+01
26-08-17 01:28:35.096 - INFO: <epoch:  6, iter:  99,100, lr:5.000e-05> l_back_rec: 4.4411e+02 l_forw_fit: 5.6202e+02 l_mi: 1.0000e+00 l_h: 6.7785e+03 
26-08-17 01:29:22.340 - INFO: <epoch:  6, iter:  99,200, lr:5.000e-05> l_back_rec: 4.4712e+02 l_forw_fit: 3.9460e+02 l_mi: 1.0000e+00 l_h: 5.8042e+03 
26-08-17 01:30:09.570 - INFO: <epoch:  6, iter:  99,300, lr:5.000e-05> l_back_rec: 3.9080e+02 l_forw_fit: 3.0590e+02 l_mi: 1.0000e+00 l_h: 5.1538e+03 
26-08-17 01:30:56.666 - INFO: <epoch:  6, iter:  99,400, lr:5.000e-05> l_back_rec: 4.2230e+02 l_forw_fit: 3.0907e+02 l_mi: 1.0000e+00 l_h: 4.7554e+03 
26-08-17 01:31:43.827 - INFO: <epoch:  6, iter:  99,500, lr:5.000e-05> l_back_rec: 4.9919e+02 l_forw_fit: 4.0579e+02 l_mi: 1.0000e+00 l_h: 6.0464e+03 
26-08-17 01:32:30.948 - INFO: <epoch:  6, iter:  99,600, lr:5.000e-05> l_back_rec: 3.9498e+02 l_forw_fit: 3.7514e+02 l_mi: 1.0000e+00 l_h: 5.4460e+03 
26-08-17 01:33:18.404 - INFO: <epoch:  6, iter:  99,700, lr:5.000e-05> l_back_rec: 4.2901e+02 l_forw_fit: 3.7897e+02 l_mi: 1.0000e+00 l_h: 5.7641e+03 
26-08-17 01:34:05.620 - INFO: <epoch:  6, iter:  99,800, lr:5.000e-05> l_back_rec: 4.5502e+02 l_forw_fit: 4.3072e+02 l_mi: 1.0000e+00 l_h: 6.3971e+03 
26-08-17 01:34:52.939 - INFO: <epoch:  6, iter:  99,900, lr:5.000e-05> l_back_rec: 4.7237e+02 l_forw_fit: 3.8343e+02 l_mi: 1.0000e+00 l_h: 6.0138e+03 
26-08-17 01:35:40.071 - INFO: <epoch:  6, iter: 100,000, lr:5.000e-05> l_back_rec: 4.3798e+02 l_forw_fit: 4.5761e+02 l_mi: 1.0000e+00 l_h: 5.8148e+03 
26-08-17 01:36:16.695 - INFO: # Validation # PSNR_Cover: 5.0532e+01, PSNR_Secret: 4.7215e+01, PSNR_Stego: 4.4891e+01
26-08-17 01:36:16.695 - INFO: Saving models and training states.
26-08-17 01:37:04.166 - INFO: <epoch:  6, iter: 100,100, lr:5.000e-05> l_back_rec: 3.9978e+02 l_forw_fit: 2.8561e+02 l_mi: 1.0000e+00 l_h: 4.9329e+03 
26-08-17 01:37:51.555 - INFO: <epoch:  6, iter: 100,200, lr:5.000e-05> l_back_rec: 4.3355e+02 l_forw_fit: 4.8462e+02 l_mi: 1.0000e+00 l_h: 7.0283e+03 
26-08-17 01:38:38.814 - INFO: <epoch:  6, iter: 100,300, lr:5.000e-05> l_back_rec: 4.4684e+02 l_forw_fit: 5.3710e+02 l_mi: 1.0000e+00 l_h: 6.7618e+03 
26-08-17 01:39:25.916 - INFO: <epoch:  6, iter: 100,400, lr:5.000e-05> l_back_rec: 4.6305e+02 l_forw_fit: 4.5719e+02 l_mi: 1.0000e+00 l_h: 6.3490e+03 
26-08-17 01:40:13.165 - INFO: <epoch:  6, iter: 100,500, lr:5.000e-05> l_back_rec: 4.0808e+02 l_forw_fit: 3.7407e+02 l_mi: 1.0000e+00 l_h: 5.6933e+03 
26-08-17 01:41:00.804 - INFO: <epoch:  6, iter: 100,600, lr:5.000e-05> l_back_rec: 4.4461e+02 l_forw_fit: 3.8092e+02 l_mi: 1.0000e+00 l_h: 5.2967e+03 
26-08-17 01:41:48.127 - INFO: <epoch:  6, iter: 100,700, lr:5.000e-05> l_back_rec: 5.5004e+02 l_forw_fit: 5.8456e+02 l_mi: 1.0000e+00 l_h: 7.5821e+03 
26-08-17 01:42:35.428 - INFO: <epoch:  6, iter: 100,800, lr:5.000e-05> l_back_rec: 4.6961e+02 l_forw_fit: 4.9888e+02 l_mi: 1.0000e+00 l_h: 7.3781e+03 
26-08-17 01:43:22.431 - INFO: <epoch:  6, iter: 100,900, lr:5.000e-05> l_back_rec: 8.1938e+02 l_forw_fit: 2.3433e+03 l_mi: 1.0000e+00 l_h: 1.1490e+04 
26-08-17 01:44:09.784 - INFO: <epoch:  6, iter: 101,000, lr:5.000e-05> l_back_rec: 4.6269e+02 l_forw_fit: 4.6848e+02 l_mi: 1.0000e+00 l_h: 6.4722e+03 
26-08-17 01:44:46.271 - INFO: # Validation # PSNR_Cover: 5.0458e+01, PSNR_Secret: 4.7107e+01, PSNR_Stego: 4.4814e+01
26-08-17 01:45:33.342 - INFO: <epoch:  6, iter: 101,100, lr:5.000e-05> l_back_rec: 4.5662e+02 l_forw_fit: 4.6469e+02 l_mi: 1.0000e+00 l_h: 6.5480e+03 
26-08-17 01:46:20.313 - INFO: <epoch:  6, iter: 101,200, lr:5.000e-05> l_back_rec: 5.9088e+02 l_forw_fit: 1.4593e+03 l_mi: 1.0000e+00 l_h: 1.2340e+04 
26-08-17 01:47:07.475 - INFO: <epoch:  6, iter: 101,300, lr:5.000e-05> l_back_rec: 4.6111e+02 l_forw_fit: 3.1730e+02 l_mi: 1.0000e+00 l_h: 5.0675e+03 
26-08-17 01:47:54.517 - INFO: <epoch:  6, iter: 101,400, lr:5.000e-05> l_back_rec: 4.7892e+02 l_forw_fit: 4.9299e+02 l_mi: 1.0000e+00 l_h: 6.9466e+03 
26-08-17 01:48:41.764 - INFO: <epoch:  6, iter: 101,500, lr:5.000e-05> l_back_rec: 4.2459e+02 l_forw_fit: 5.6494e+02 l_mi: 1.0000e+00 l_h: 6.8238e+03 
26-08-17 01:49:28.670 - INFO: <epoch:  6, iter: 101,600, lr:5.000e-05> l_back_rec: 4.4642e+02 l_forw_fit: 4.9801e+02 l_mi: 1.0000e+00 l_h: 5.9784e+03 
26-08-17 01:50:15.684 - INFO: <epoch:  6, iter: 101,700, lr:5.000e-05> l_back_rec: 5.4201e+02 l_forw_fit: 9.3720e+02 l_mi: 1.0000e+00 l_h: 9.3036e+03 
26-08-17 01:51:02.645 - INFO: <epoch:  6, iter: 101,800, lr:5.000e-05> l_back_rec: 4.9115e+02 l_forw_fit: 5.1551e+02 l_mi: 1.0000e+00 l_h: 7.1171e+03 
26-08-17 01:51:49.757 - INFO: <epoch:  6, iter: 101,900, lr:5.000e-05> l_back_rec: 4.2737e+02 l_forw_fit: 3.2909e+02 l_mi: 1.0000e+00 l_h: 5.1108e+03 
26-08-17 01:52:37.111 - INFO: <epoch:  6, iter: 102,000, lr:5.000e-05> l_back_rec: 5.8255e+02 l_forw_fit: 8.8438e+02 l_mi: 1.0000e+00 l_h: 9.7928e+03 
26-08-17 01:53:13.595 - INFO: # Validation # PSNR_Cover: 5.0411e+01, PSNR_Secret: 4.7413e+01, PSNR_Stego: 4.4514e+01
26-08-17 01:54:00.661 - INFO: <epoch:  6, iter: 102,100, lr:5.000e-05> l_back_rec: 5.1164e+02 l_forw_fit: 4.6898e+02 l_mi: 1.0000e+00 l_h: 6.8155e+03 
26-08-17 01:54:47.898 - INFO: <epoch:  6, iter: 102,200, lr:5.000e-05> l_back_rec: 4.8608e+02 l_forw_fit: 4.2717e+02 l_mi: 1.0000e+00 l_h: 5.9103e+03 
26-08-17 01:55:35.150 - INFO: <epoch:  6, iter: 102,300, lr:5.000e-05> l_back_rec: 4.1653e+02 l_forw_fit: 2.7652e+02 l_mi: 1.0000e+00 l_h: 4.6522e+03 
26-08-17 01:56:22.333 - INFO: <epoch:  6, iter: 102,400, lr:5.000e-05> l_back_rec: 4.5525e+02 l_forw_fit: 4.2963e+02 l_mi: 1.0000e+00 l_h: 6.0636e+03 
26-08-17 01:57:09.412 - INFO: <epoch:  6, iter: 102,500, lr:5.000e-05> l_back_rec: 4.0575e+02 l_forw_fit: 3.1417e+02 l_mi: 1.0000e+00 l_h: 5.3392e+03 
26-08-17 01:57:56.456 - INFO: <epoch:  6, iter: 102,600, lr:5.000e-05> l_back_rec: 4.5203e+02 l_forw_fit: 4.0335e+02 l_mi: 1.0000e+00 l_h: 6.3029e+03 
26-08-17 01:58:43.843 - INFO: <epoch:  6, iter: 102,700, lr:5.000e-05> l_back_rec: 4.7509e+02 l_forw_fit: 4.2401e+02 l_mi: 1.0000e+00 l_h: 6.0360e+03 
26-08-17 01:59:30.852 - INFO: <epoch:  6, iter: 102,800, lr:5.000e-05> l_back_rec: 4.5742e+02 l_forw_fit: 3.8241e+02 l_mi: 1.0000e+00 l_h: 6.1115e+03 
26-08-17 02:00:18.135 - INFO: <epoch:  6, iter: 102,900, lr:5.000e-05> l_back_rec: 4.6623e+02 l_forw_fit: 4.3500e+02 l_mi: 1.0000e+00 l_h: 6.3793e+03 
26-08-17 02:01:05.335 - INFO: <epoch:  6, iter: 103,000, lr:5.000e-05> l_back_rec: 4.2519e+02 l_forw_fit: 4.3645e+02 l_mi: 1.0000e+00 l_h: 6.1511e+03 
26-08-17 02:01:41.852 - INFO: # Validation # PSNR_Cover: 5.0382e+01, PSNR_Secret: 4.7267e+01, PSNR_Stego: 4.4819e+01
26-08-17 02:02:28.716 - INFO: <epoch:  6, iter: 103,100, lr:5.000e-05> l_back_rec: 4.9946e+02 l_forw_fit: 4.7140e+02 l_mi: 1.0000e+00 l_h: 5.9988e+03 
26-08-17 02:03:15.967 - INFO: <epoch:  6, iter: 103,200, lr:5.000e-05> l_back_rec: 4.2351e+02 l_forw_fit: 4.3319e+02 l_mi: 1.0000e+00 l_h: 5.9967e+03 
26-08-17 02:04:03.199 - INFO: <epoch:  6, iter: 103,300, lr:5.000e-05> l_back_rec: 4.7199e+02 l_forw_fit: 4.9372e+02 l_mi: 1.0000e+00 l_h: 6.1576e+03 
26-08-17 02:04:50.507 - INFO: <epoch:  6, iter: 103,400, lr:5.000e-05> l_back_rec: 4.9098e+02 l_forw_fit: 4.7618e+02 l_mi: 1.0000e+00 l_h: 5.6761e+03 
26-08-17 02:05:37.649 - INFO: <epoch:  6, iter: 103,500, lr:5.000e-05> l_back_rec: 4.5458e+02 l_forw_fit: 4.6414e+02 l_mi: 1.0000e+00 l_h: 6.0927e+03 
26-08-17 02:06:24.551 - INFO: <epoch:  6, iter: 103,600, lr:5.000e-05> l_back_rec: 4.2282e+02 l_forw_fit: 4.3996e+02 l_mi: 1.0000e+00 l_h: 5.9556e+03 
26-08-17 02:07:11.781 - INFO: <epoch:  6, iter: 103,700, lr:5.000e-05> l_back_rec: 5.6304e+02 l_forw_fit: 6.7184e+02 l_mi: 1.0000e+00 l_h: 8.3954e+03 
26-08-17 02:07:58.579 - INFO: <epoch:  6, iter: 103,800, lr:5.000e-05> l_back_rec: 4.5597e+02 l_forw_fit: 4.1391e+02 l_mi: 1.0000e+00 l_h: 6.1721e+03 
26-08-17 02:08:45.826 - INFO: <epoch:  6, iter: 103,900, lr:5.000e-05> l_back_rec: 4.8506e+02 l_forw_fit: 4.5408e+02 l_mi: 1.0000e+00 l_h: 6.3579e+03 
26-08-17 02:09:32.611 - INFO: <epoch:  6, iter: 104,000, lr:5.000e-05> l_back_rec: 4.2087e+02 l_forw_fit: 3.5956e+02 l_mi: 1.0000e+00 l_h: 5.5130e+03 
26-08-17 02:10:09.179 - INFO: # Validation # PSNR_Cover: 5.0549e+01, PSNR_Secret: 4.7319e+01, PSNR_Stego: 4.4769e+01
26-08-17 02:10:56.140 - INFO: <epoch:  6, iter: 104,100, lr:5.000e-05> l_back_rec: 4.3660e+02 l_forw_fit: 6.2340e+02 l_mi: 1.0000e+00 l_h: 6.1606e+03 
26-08-17 02:11:43.299 - INFO: <epoch:  6, iter: 104,200, lr:5.000e-05> l_back_rec: 4.7696e+02 l_forw_fit: 7.6372e+02 l_mi: 1.0000e+00 l_h: 8.4472e+03 
26-08-17 02:12:30.047 - INFO: <epoch:  6, iter: 104,300, lr:5.000e-05> l_back_rec: 4.4851e+02 l_forw_fit: 5.1296e+02 l_mi: 1.0000e+00 l_h: 6.7158e+03 
26-08-17 02:13:17.196 - INFO: <epoch:  6, iter: 104,400, lr:5.000e-05> l_back_rec: 5.1409e+02 l_forw_fit: 4.8157e+02 l_mi: 1.0000e+00 l_h: 7.1047e+03 
26-08-17 02:14:04.397 - INFO: <epoch:  6, iter: 104,500, lr:5.000e-05> l_back_rec: 4.8388e+02 l_forw_fit: 5.6779e+02 l_mi: 1.0000e+00 l_h: 7.2486e+03 
26-08-17 02:14:51.768 - INFO: <epoch:  6, iter: 104,600, lr:5.000e-05> l_back_rec: 4.8529e+02 l_forw_fit: 4.9041e+02 l_mi: 1.0000e+00 l_h: 6.0942e+03 
26-08-17 02:15:39.227 - INFO: <epoch:  6, iter: 104,700, lr:5.000e-05> l_back_rec: 5.1892e+02 l_forw_fit: 6.1470e+02 l_mi: 1.0000e+00 l_h: 7.4519e+03 
26-08-17 02:16:26.405 - INFO: <epoch:  6, iter: 104,800, lr:5.000e-05> l_back_rec: 5.2926e+02 l_forw_fit: 5.6829e+02 l_mi: 1.0000e+00 l_h: 7.2194e+03 
26-08-17 02:17:13.664 - INFO: <epoch:  6, iter: 104,900, lr:5.000e-05> l_back_rec: 4.4884e+02 l_forw_fit: 4.9492e+02 l_mi: 1.0000e+00 l_h: 6.5701e+03 
26-08-17 02:18:00.618 - INFO: <epoch:  6, iter: 105,000, lr:5.000e-05> l_back_rec: 4.3011e+02 l_forw_fit: 3.8441e+02 l_mi: 1.0000e+00 l_h: 5.7516e+03 
26-08-17 02:18:36.656 - INFO: # Validation # PSNR_Cover: 5.0511e+01, PSNR_Secret: 4.7439e+01, PSNR_Stego: 4.4653e+01
26-08-17 02:18:36.656 - INFO: Saving models and training states.
26-08-17 02:19:24.001 - INFO: <epoch:  6, iter: 105,100, lr:5.000e-05> l_back_rec: 4.5192e+02 l_forw_fit: 3.6812e+02 l_mi: 1.0000e+00 l_h: 5.8537e+03 
26-08-17 02:20:11.316 - INFO: <epoch:  6, iter: 105,200, lr:5.000e-05> l_back_rec: 5.0385e+02 l_forw_fit: 4.3797e+02 l_mi: 1.0000e+00 l_h: 5.8690e+03 
26-08-17 02:20:58.374 - INFO: <epoch:  6, iter: 105,300, lr:5.000e-05> l_back_rec: 4.5922e+02 l_forw_fit: 4.6575e+02 l_mi: 1.0000e+00 l_h: 7.2053e+03 
26-08-17 02:21:45.582 - INFO: <epoch:  6, iter: 105,400, lr:5.000e-05> l_back_rec: 3.6912e+02 l_forw_fit: 2.7911e+02 l_mi: 1.0000e+00 l_h: 4.7215e+03 
26-08-17 02:22:32.504 - INFO: <epoch:  6, iter: 105,500, lr:5.000e-05> l_back_rec: 5.1452e+02 l_forw_fit: 5.1183e+02 l_mi: 1.0000e+00 l_h: 7.1806e+03 
26-08-17 02:23:19.720 - INFO: <epoch:  6, iter: 105,600, lr:5.000e-05> l_back_rec: 4.6505e+02 l_forw_fit: 4.2530e+02 l_mi: 1.0000e+00 l_h: 7.0621e+03 
26-08-17 02:24:06.490 - INFO: <epoch:  6, iter: 105,700, lr:5.000e-05> l_back_rec: 4.6080e+02 l_forw_fit: 4.8897e+02 l_mi: 1.0000e+00 l_h: 5.6259e+03 
26-08-17 02:24:53.505 - INFO: <epoch:  6, iter: 105,800, lr:5.000e-05> l_back_rec: 4.6864e+02 l_forw_fit: 5.5404e+02 l_mi: 1.0000e+00 l_h: 7.2776e+03 
26-08-17 02:25:40.648 - INFO: <epoch:  6, iter: 105,900, lr:5.000e-05> l_back_rec: 4.6683e+02 l_forw_fit: 3.8348e+02 l_mi: 1.0000e+00 l_h: 6.3781e+03 
26-08-17 02:26:27.509 - INFO: <epoch:  6, iter: 106,000, lr:5.000e-05> l_back_rec: 4.6738e+02 l_forw_fit: 4.5847e+02 l_mi: 1.0000e+00 l_h: 6.3637e+03 
26-08-17 02:27:03.936 - INFO: # Validation # PSNR_Cover: 5.0435e+01, PSNR_Secret: 4.7340e+01, PSNR_Stego: 4.4911e+01
26-08-17 02:27:51.086 - INFO: <epoch:  6, iter: 106,100, lr:5.000e-05> l_back_rec: 4.6270e+02 l_forw_fit: 3.6360e+02 l_mi: 1.0000e+00 l_h: 5.9066e+03 
26-08-17 02:28:38.202 - INFO: <epoch:  6, iter: 106,200, lr:5.000e-05> l_back_rec: 4.2099e+02 l_forw_fit: 3.8683e+02 l_mi: 1.0000e+00 l_h: 5.4809e+03 
26-08-17 02:29:25.416 - INFO: <epoch:  6, iter: 106,300, lr:5.000e-05> l_back_rec: 4.7709e+02 l_forw_fit: 4.3414e+02 l_mi: 1.0000e+00 l_h: 5.8001e+03 
26-08-17 02:30:12.660 - INFO: <epoch:  6, iter: 106,400, lr:5.000e-05> l_back_rec: 4.7598e+02 l_forw_fit: 5.5905e+02 l_mi: 1.0000e+00 l_h: 7.8582e+03 
26-08-17 02:30:59.715 - INFO: <epoch:  6, iter: 106,500, lr:5.000e-05> l_back_rec: 4.6793e+02 l_forw_fit: 3.2992e+02 l_mi: 1.0000e+00 l_h: 5.0465e+03 
26-08-17 02:31:46.865 - INFO: <epoch:  6, iter: 106,600, lr:5.000e-05> l_back_rec: 4.2024e+02 l_forw_fit: 4.5148e+02 l_mi: 1.0000e+00 l_h: 7.3495e+03 
26-08-17 02:32:34.012 - INFO: <epoch:  6, iter: 106,700, lr:5.000e-05> l_back_rec: 4.6940e+02 l_forw_fit: 3.8609e+02 l_mi: 1.0000e+00 l_h: 5.9176e+03 
26-08-17 02:33:21.273 - INFO: <epoch:  6, iter: 106,800, lr:5.000e-05> l_back_rec: 4.9433e+02 l_forw_fit: 5.7587e+02 l_mi: 1.0000e+00 l_h: 7.2488e+03 
26-08-17 02:34:08.480 - INFO: <epoch:  6, iter: 106,900, lr:5.000e-05> l_back_rec: 5.2416e+02 l_forw_fit: 6.3671e+02 l_mi: 1.0000e+00 l_h: 7.7475e+03 
26-08-17 02:34:55.770 - INFO: <epoch:  6, iter: 107,000, lr:5.000e-05> l_back_rec: 5.7051e+02 l_forw_fit: 5.0528e+02 l_mi: 1.0000e+00 l_h: 6.3290e+03 
26-08-17 02:35:32.162 - INFO: # Validation # PSNR_Cover: 5.0523e+01, PSNR_Secret: 4.7366e+01, PSNR_Stego: 4.4640e+01
26-08-17 02:36:19.303 - INFO: <epoch:  6, iter: 107,100, lr:5.000e-05> l_back_rec: 4.3411e+02 l_forw_fit: 6.1795e+02 l_mi: 1.0000e+00 l_h: 7.1382e+03 
26-08-17 02:37:06.326 - INFO: <epoch:  6, iter: 107,200, lr:5.000e-05> l_back_rec: 4.7955e+02 l_forw_fit: 4.2661e+02 l_mi: 1.0000e+00 l_h: 6.8806e+03 
26-08-17 02:37:53.381 - INFO: <epoch:  6, iter: 107,300, lr:5.000e-05> l_back_rec: 5.4117e+02 l_forw_fit: 5.3078e+02 l_mi: 1.0000e+00 l_h: 7.2786e+03 
26-08-17 02:38:40.491 - INFO: <epoch:  6, iter: 107,400, lr:5.000e-05> l_back_rec: 5.2423e+02 l_forw_fit: 6.7614e+02 l_mi: 1.0000e+00 l_h: 7.6041e+03 
26-08-17 02:39:27.456 - INFO: <epoch:  6, iter: 107,500, lr:5.000e-05> l_back_rec: 4.0299e+02 l_forw_fit: 2.6568e+02 l_mi: 1.0000e+00 l_h: 4.4289e+03 
26-08-17 02:40:14.697 - INFO: <epoch:  6, iter: 107,600, lr:5.000e-05> l_back_rec: 5.4458e+02 l_forw_fit: 8.0928e+02 l_mi: 1.0000e+00 l_h: 8.7433e+03 
26-08-17 02:41:01.764 - INFO: <epoch:  6, iter: 107,700, lr:5.000e-05> l_back_rec: 3.7643e+02 l_forw_fit: 3.0949e+02 l_mi: 1.0000e+00 l_h: 5.2946e+03 
26-08-17 02:41:49.102 - INFO: <epoch:  6, iter: 107,800, lr:5.000e-05> l_back_rec: 5.0079e+02 l_forw_fit: 3.6286e+02 l_mi: 1.0000e+00 l_h: 5.7854e+03 
26-08-17 02:42:36.243 - INFO: <epoch:  6, iter: 107,900, lr:5.000e-05> l_back_rec: 5.1923e+02 l_forw_fit: 8.5842e+02 l_mi: 1.0000e+00 l_h: 9.1376e+03 
26-08-17 02:43:23.204 - INFO: <epoch:  6, iter: 108,000, lr:5.000e-05> l_back_rec: 5.1503e+02 l_forw_fit: 5.4852e+02 l_mi: 1.0000e+00 l_h: 6.3567e+03 
26-08-17 02:43:59.545 - INFO: # Validation # PSNR_Cover: 5.0514e+01, PSNR_Secret: 4.7369e+01, PSNR_Stego: 4.4453e+01
26-08-17 02:44:46.703 - INFO: <epoch:  6, iter: 108,100, lr:5.000e-05> l_back_rec: 4.6035e+02 l_forw_fit: 3.3227e+02 l_mi: 1.0000e+00 l_h: 5.4492e+03 
26-08-17 02:45:33.572 - INFO: <epoch:  6, iter: 108,200, lr:5.000e-05> l_back_rec: 3.9745e+02 l_forw_fit: 3.1697e+02 l_mi: 1.0000e+00 l_h: 5.0563e+03 
26-08-17 02:46:20.723 - INFO: <epoch:  6, iter: 108,300, lr:5.000e-05> l_back_rec: 3.7345e+02 l_forw_fit: 2.7540e+02 l_mi: 1.0000e+00 l_h: 4.5531e+03 
26-08-17 02:47:07.924 - INFO: <epoch:  6, iter: 108,400, lr:5.000e-05> l_back_rec: 4.1699e+02 l_forw_fit: 3.0712e+02 l_mi: 1.0000e+00 l_h: 4.7701e+03 
26-08-17 02:47:54.860 - INFO: <epoch:  6, iter: 108,500, lr:5.000e-05> l_back_rec: 4.0744e+02 l_forw_fit: 3.4237e+02 l_mi: 1.0000e+00 l_h: 5.4645e+03 
26-08-17 02:48:42.229 - INFO: <epoch:  6, iter: 108,600, lr:5.000e-05> l_back_rec: 4.1364e+02 l_forw_fit: 3.8263e+02 l_mi: 1.0000e+00 l_h: 5.5061e+03 
26-08-17 02:49:29.440 - INFO: <epoch:  6, iter: 108,700, lr:5.000e-05> l_back_rec: 5.5766e+02 l_forw_fit: 5.8348e+02 l_mi: 1.0000e+00 l_h: 6.9990e+03 
26-08-17 02:50:16.992 - INFO: <epoch:  6, iter: 108,800, lr:5.000e-05> l_back_rec: 4.1865e+02 l_forw_fit: 4.6447e+02 l_mi: 1.0000e+00 l_h: 4.9688e+03 
26-08-17 02:51:04.148 - INFO: <epoch:  6, iter: 108,900, lr:5.000e-05> l_back_rec: 4.6440e+02 l_forw_fit: 5.7773e+02 l_mi: 1.0000e+00 l_h: 7.9528e+03 
26-08-17 02:51:51.433 - INFO: <epoch:  6, iter: 109,000, lr:5.000e-05> l_back_rec: 5.4025e+02 l_forw_fit: 6.3421e+02 l_mi: 1.0000e+00 l_h: 7.8522e+03 
26-08-17 02:52:27.769 - INFO: # Validation # PSNR_Cover: 5.0347e+01, PSNR_Secret: 4.7271e+01, PSNR_Stego: 4.4495e+01
26-08-17 02:53:15.191 - INFO: <epoch:  6, iter: 109,100, lr:5.000e-05> l_back_rec: 4.7288e+02 l_forw_fit: 3.8724e+02 l_mi: 1.0000e+00 l_h: 6.2154e+03 
26-08-17 02:54:02.365 - INFO: <epoch:  6, iter: 109,200, lr:5.000e-05> l_back_rec: 4.2106e+02 l_forw_fit: 3.6556e+02 l_mi: 1.0000e+00 l_h: 5.3484e+03 
26-08-17 02:54:49.581 - INFO: <epoch:  6, iter: 109,300, lr:5.000e-05> l_back_rec: 4.1907e+02 l_forw_fit: 3.3613e+02 l_mi: 1.0000e+00 l_h: 5.4443e+03 
26-08-17 02:55:36.704 - INFO: <epoch:  6, iter: 109,400, lr:5.000e-05> l_back_rec: 4.5128e+02 l_forw_fit: 3.1740e+02 l_mi: 1.0000e+00 l_h: 5.2691e+03 
26-08-17 02:56:23.815 - INFO: <epoch:  6, iter: 109,500, lr:5.000e-05> l_back_rec: 4.2438e+02 l_forw_fit: 4.5842e+02 l_mi: 1.0000e+00 l_h: 6.9382e+03 
26-08-17 02:57:11.128 - INFO: <epoch:  6, iter: 109,600, lr:5.000e-05> l_back_rec: 5.0482e+02 l_forw_fit: 5.4168e+02 l_mi: 1.0000e+00 l_h: 7.4347e+03 
26-08-17 02:57:58.198 - INFO: <epoch:  6, iter: 109,700, lr:5.000e-05> l_back_rec: 4.5353e+02 l_forw_fit: 4.3365e+02 l_mi: 1.0000e+00 l_h: 5.7043e+03 
26-08-17 02:58:45.570 - INFO: <epoch:  6, iter: 109,800, lr:5.000e-05> l_back_rec: 5.1474e+02 l_forw_fit: 5.9075e+02 l_mi: 1.0000e+00 l_h: 7.0793e+03 
26-08-17 02:59:32.627 - INFO: <epoch:  6, iter: 109,900, lr:5.000e-05> l_back_rec: 5.3041e+02 l_forw_fit: 6.7096e+02 l_mi: 1.0000e+00 l_h: 7.7605e+03 
26-08-17 03:00:20.110 - INFO: <epoch:  6, iter: 110,000, lr:5.000e-05> l_back_rec: 5.9851e+02 l_forw_fit: 1.3074e+03 l_mi: 1.0000e+00 l_h: 1.1865e+04 
26-08-17 03:00:56.171 - INFO: # Validation # PSNR_Cover: 5.0436e+01, PSNR_Secret: 4.7162e+01, PSNR_Stego: 4.4445e+01
26-08-17 03:00:56.172 - INFO: Saving models and training states.
26-08-17 03:01:43.961 - INFO: <epoch:  6, iter: 110,100, lr:5.000e-05> l_back_rec: 4.9085e+02 l_forw_fit: 4.9774e+02 l_mi: 1.0000e+00 l_h: 6.6010e+03 
26-08-17 03:02:31.118 - INFO: <epoch:  6, iter: 110,200, lr:5.000e-05> l_back_rec: 4.5658e+02 l_forw_fit: 5.1534e+02 l_mi: 1.0000e+00 l_h: 7.0777e+03 
26-08-17 03:03:18.662 - INFO: <epoch:  6, iter: 110,300, lr:5.000e-05> l_back_rec: 4.4286e+02 l_forw_fit: 4.0532e+02 l_mi: 1.0000e+00 l_h: 6.3273e+03 
26-08-17 03:04:05.828 - INFO: <epoch:  6, iter: 110,400, lr:5.000e-05> l_back_rec: 4.9046e+02 l_forw_fit: 3.8306e+02 l_mi: 1.0000e+00 l_h: 5.3417e+03 
26-08-17 03:04:53.124 - INFO: <epoch:  6, iter: 110,500, lr:5.000e-05> l_back_rec: 4.6559e+02 l_forw_fit: 4.3991e+02 l_mi: 1.0000e+00 l_h: 6.0007e+03 
26-08-17 03:05:40.265 - INFO: <epoch:  6, iter: 110,600, lr:5.000e-05> l_back_rec: 5.0035e+02 l_forw_fit: 5.6707e+02 l_mi: 1.0000e+00 l_h: 7.2858e+03 
26-08-17 03:06:27.250 - INFO: <epoch:  6, iter: 110,700, lr:5.000e-05> l_back_rec: 4.6675e+02 l_forw_fit: 3.4207e+02 l_mi: 1.0000e+00 l_h: 5.1381e+03 
26-08-17 03:07:14.452 - INFO: <epoch:  6, iter: 110,800, lr:5.000e-05> l_back_rec: 4.8313e+02 l_forw_fit: 5.9215e+02 l_mi: 1.0000e+00 l_h: 7.4979e+03 
26-08-17 03:08:01.312 - INFO: <epoch:  6, iter: 110,900, lr:5.000e-05> l_back_rec: 4.4900e+02 l_forw_fit: 3.5599e+02 l_mi: 1.0000e+00 l_h: 5.2350e+03 
26-08-17 03:08:48.493 - INFO: <epoch:  6, iter: 111,000, lr:5.000e-05> l_back_rec: 5.0457e+02 l_forw_fit: 4.7858e+02 l_mi: 1.0000e+00 l_h: 6.5788e+03 
26-08-17 03:09:24.926 - INFO: # Validation # PSNR_Cover: 5.0637e+01, PSNR_Secret: 4.7313e+01, PSNR_Stego: 4.4838e+01
26-08-17 03:10:12.213 - INFO: <epoch:  6, iter: 111,100, lr:5.000e-05> l_back_rec: 4.2452e+02 l_forw_fit: 3.6978e+02 l_mi: 1.0000e+00 l_h: 5.6821e+03 
26-08-17 03:10:59.258 - INFO: <epoch:  6, iter: 111,200, lr:5.000e-05> l_back_rec: 5.4175e+02 l_forw_fit: 8.2378e+02 l_mi: 1.0000e+00 l_h: 8.0209e+03 
26-08-17 03:11:46.382 - INFO: <epoch:  6, iter: 111,300, lr:5.000e-05> l_back_rec: 7.1815e+02 l_forw_fit: 1.1433e+03 l_mi: 1.0000e+00 l_h: 1.3323e+04 
26-08-17 03:12:33.212 - INFO: <epoch:  6, iter: 111,400, lr:5.000e-05> l_back_rec: 4.1207e+02 l_forw_fit: 4.3877e+02 l_mi: 1.0000e+00 l_h: 5.8612e+03 
26-08-17 03:13:20.211 - INFO: <epoch:  6, iter: 111,500, lr:5.000e-05> l_back_rec: 4.3486e+02 l_forw_fit: 4.8135e+02 l_mi: 1.0000e+00 l_h: 6.5784e+03 
26-08-17 03:14:07.206 - INFO: <epoch:  6, iter: 111,600, lr:5.000e-05> l_back_rec: 4.6728e+02 l_forw_fit: 3.7475e+02 l_mi: 1.0000e+00 l_h: 6.1682e+03 
26-08-17 03:14:54.284 - INFO: <epoch:  6, iter: 111,700, lr:5.000e-05> l_back_rec: 5.3533e+02 l_forw_fit: 6.4076e+02 l_mi: 1.0000e+00 l_h: 7.6202e+03 
26-08-17 03:15:41.466 - INFO: <epoch:  6, iter: 111,800, lr:5.000e-05> l_back_rec: 4.0107e+02 l_forw_fit: 2.6412e+02 l_mi: 1.0000e+00 l_h: 5.0673e+03 
26-08-17 03:16:28.466 - INFO: <epoch:  6, iter: 111,900, lr:5.000e-05> l_back_rec: 4.8156e+02 l_forw_fit: 4.4084e+02 l_mi: 1.0000e+00 l_h: 6.9820e+03 
26-08-17 03:17:15.554 - INFO: <epoch:  6, iter: 112,000, lr:5.000e-05> l_back_rec: 4.8052e+02 l_forw_fit: 4.2414e+02 l_mi: 1.0000e+00 l_h: 5.7259e+03 
26-08-17 03:17:52.356 - INFO: # Validation # PSNR_Cover: 5.0732e+01, PSNR_Secret: 4.7520e+01, PSNR_Stego: 4.4819e+01
26-08-17 03:18:39.825 - INFO: <epoch:  6, iter: 112,100, lr:5.000e-05> l_back_rec: 4.2668e+02 l_forw_fit: 3.0640e+02 l_mi: 1.0000e+00 l_h: 5.1103e+03 
26-08-17 03:19:26.955 - INFO: <epoch:  6, iter: 112,200, lr:5.000e-05> l_back_rec: 5.1145e+02 l_forw_fit: 6.8546e+02 l_mi: 1.0000e+00 l_h: 7.9029e+03 
26-08-17 03:20:14.180 - INFO: <epoch:  6, iter: 112,300, lr:5.000e-05> l_back_rec: 4.9666e+02 l_forw_fit: 4.7081e+02 l_mi: 1.0000e+00 l_h: 7.3897e+03 
26-08-17 03:21:01.255 - INFO: <epoch:  6, iter: 112,400, lr:5.000e-05> l_back_rec: 4.7033e+02 l_forw_fit: 5.5736e+02 l_mi: 1.0000e+00 l_h: 7.0651e+03 
26-08-17 03:21:48.707 - INFO: <epoch:  6, iter: 112,500, lr:5.000e-05> l_back_rec: 4.8815e+02 l_forw_fit: 5.0879e+02 l_mi: 1.0000e+00 l_h: 6.5672e+03 
26-08-17 03:22:35.887 - INFO: <epoch:  6, iter: 112,600, lr:5.000e-05> l_back_rec: 5.5866e+02 l_forw_fit: 7.8203e+02 l_mi: 1.0000e+00 l_h: 1.0198e+04 
26-08-17 03:23:23.135 - INFO: <epoch:  6, iter: 112,700, lr:5.000e-05> l_back_rec: 4.2683e+02 l_forw_fit: 3.7615e+02 l_mi: 1.0000e+00 l_h: 5.4420e+03 
26-08-17 03:24:10.406 - INFO: <epoch:  6, iter: 112,800, lr:5.000e-05> l_back_rec: 3.9010e+02 l_forw_fit: 3.2288e+02 l_mi: 1.0000e+00 l_h: 5.2188e+03 
26-08-17 03:24:57.544 - INFO: <epoch:  6, iter: 112,900, lr:5.000e-05> l_back_rec: 5.8874e+02 l_forw_fit: 1.1762e+03 l_mi: 1.0000e+00 l_h: 1.0818e+04 
26-08-17 03:25:45.040 - INFO: <epoch:  6, iter: 113,000, lr:5.000e-05> l_back_rec: 4.0810e+02 l_forw_fit: 3.4623e+02 l_mi: 1.0000e+00 l_h: 5.4814e+03 
26-08-17 03:26:21.636 - INFO: # Validation # PSNR_Cover: 5.0662e+01, PSNR_Secret: 4.7441e+01, PSNR_Stego: 4.4750e+01
26-08-17 03:28:16.610 - INFO: <epoch:  7, iter: 113,100, lr:5.000e-05> l_back_rec: 6.1031e+02 l_forw_fit: 7.8425e+02 l_mi: 1.0000e+00 l_h: 9.9666e+03 
26-08-17 03:29:03.767 - INFO: <epoch:  7, iter: 113,200, lr:5.000e-05> l_back_rec: 4.6438e+02 l_forw_fit: 7.0888e+02 l_mi: 1.0000e+00 l_h: 6.6118e+03 
26-08-17 03:29:51.317 - INFO: <epoch:  7, iter: 113,300, lr:5.000e-05> l_back_rec: 5.3731e+02 l_forw_fit: 5.2338e+02 l_mi: 1.0000e+00 l_h: 8.0499e+03 
26-08-17 03:30:38.553 - INFO: <epoch:  7, iter: 113,400, lr:5.000e-05> l_back_rec: 4.1218e+02 l_forw_fit: 3.1644e+02 l_mi: 1.0000e+00 l_h: 5.0888e+03 
26-08-17 03:31:25.766 - INFO: <epoch:  7, iter: 113,500, lr:5.000e-05> l_back_rec: 4.0977e+02 l_forw_fit: 4.8904e+02 l_mi: 1.0000e+00 l_h: 6.8263e+03 
26-08-17 03:32:13.083 - INFO: <epoch:  7, iter: 113,600, lr:5.000e-05> l_back_rec: 4.5613e+02 l_forw_fit: 6.2856e+02 l_mi: 1.0000e+00 l_h: 7.3952e+03 
26-08-17 03:33:00.895 - INFO: <epoch:  7, iter: 113,700, lr:5.000e-05> l_back_rec: 4.2392e+02 l_forw_fit: 3.0491e+02 l_mi: 1.0000e+00 l_h: 4.8691e+03 
26-08-17 03:33:48.093 - INFO: <epoch:  7, iter: 113,800, lr:5.000e-05> l_back_rec: 4.3599e+02 l_forw_fit: 4.2106e+02 l_mi: 1.0000e+00 l_h: 5.7947e+03 
26-08-17 03:34:35.288 - INFO: <epoch:  7, iter: 113,900, lr:5.000e-05> l_back_rec: 4.2631e+02 l_forw_fit: 3.8444e+02 l_mi: 1.0000e+00 l_h: 5.6302e+03 
26-08-17 03:35:22.342 - INFO: <epoch:  7, iter: 114,000, lr:5.000e-05> l_back_rec: 4.9113e+02 l_forw_fit: 3.8719e+02 l_mi: 1.0000e+00 l_h: 5.7622e+03 
26-08-17 03:35:56.731 - INFO: # Validation # PSNR_Cover: 5.0631e+01, PSNR_Secret: 4.7551e+01, PSNR_Stego: 4.4701e+01
26-08-17 03:36:43.311 - INFO: <epoch:  7, iter: 114,100, lr:5.000e-05> l_back_rec: 4.3037e+02 l_forw_fit: 4.0123e+02 l_mi: 1.0000e+00 l_h: 5.9524e+03 
26-08-17 03:37:30.268 - INFO: <epoch:  7, iter: 114,200, lr:5.000e-05> l_back_rec: 4.2093e+02 l_forw_fit: 2.9463e+02 l_mi: 1.0000e+00 l_h: 5.1612e+03 
26-08-17 03:38:17.348 - INFO: <epoch:  7, iter: 114,300, lr:5.000e-05> l_back_rec: 4.5513e+02 l_forw_fit: 4.9875e+02 l_mi: 1.0000e+00 l_h: 6.7124e+03 
26-08-17 03:39:04.194 - INFO: <epoch:  7, iter: 114,400, lr:5.000e-05> l_back_rec: 4.3577e+02 l_forw_fit: 5.0070e+02 l_mi: 1.0000e+00 l_h: 6.0738e+03 
26-08-17 03:39:51.381 - INFO: <epoch:  7, iter: 114,500, lr:5.000e-05> l_back_rec: 4.6967e+02 l_forw_fit: 3.7043e+02 l_mi: 1.0000e+00 l_h: 7.2756e+03 
26-08-17 03:40:38.390 - INFO: <epoch:  7, iter: 114,600, lr:5.000e-05> l_back_rec: 5.0914e+02 l_forw_fit: 4.7938e+02 l_mi: 1.0000e+00 l_h: 6.0890e+03 
26-08-17 03:41:25.337 - INFO: <epoch:  7, iter: 114,700, lr:5.000e-05> l_back_rec: 5.3346e+02 l_forw_fit: 6.6656e+02 l_mi: 1.0000e+00 l_h: 8.2032e+03 
26-08-17 03:42:12.552 - INFO: <epoch:  7, iter: 114,800, lr:5.000e-05> l_back_rec: 5.4324e+02 l_forw_fit: 7.0474e+02 l_mi: 1.0000e+00 l_h: 8.4433e+03 
26-08-17 03:42:59.389 - INFO: <epoch:  7, iter: 114,900, lr:5.000e-05> l_back_rec: 4.6699e+02 l_forw_fit: 5.8109e+02 l_mi: 1.0000e+00 l_h: 7.6803e+03 
26-08-17 03:43:46.404 - INFO: <epoch:  7, iter: 115,000, lr:5.000e-05> l_back_rec: 4.9388e+02 l_forw_fit: 3.5540e+02 l_mi: 1.0000e+00 l_h: 5.0740e+03 
26-08-17 03:44:22.949 - INFO: # Validation # PSNR_Cover: 5.0383e+01, PSNR_Secret: 4.7470e+01, PSNR_Stego: 4.4482e+01
26-08-17 03:44:22.949 - INFO: Saving models and training states.
26-08-17 03:45:10.573 - INFO: <epoch:  7, iter: 115,100, lr:5.000e-05> l_back_rec: 4.4369e+02 l_forw_fit: 3.1624e+02 l_mi: 1.0000e+00 l_h: 4.6559e+03 
26-08-17 03:45:57.479 - INFO: <epoch:  7, iter: 115,200, lr:5.000e-05> l_back_rec: 4.4538e+02 l_forw_fit: 3.3901e+02 l_mi: 1.0000e+00 l_h: 4.9286e+03 
26-08-17 03:46:44.644 - INFO: <epoch:  7, iter: 115,300, lr:5.000e-05> l_back_rec: 4.8224e+02 l_forw_fit: 5.2274e+02 l_mi: 1.0000e+00 l_h: 6.7289e+03 
26-08-17 03:47:31.645 - INFO: <epoch:  7, iter: 115,400, lr:5.000e-05> l_back_rec: 4.7505e+02 l_forw_fit: 6.3807e+02 l_mi: 1.0000e+00 l_h: 6.9067e+03 
26-08-17 03:48:18.831 - INFO: <epoch:  7, iter: 115,500, lr:5.000e-05> l_back_rec: 4.4295e+02 l_forw_fit: 3.4002e+02 l_mi: 1.0000e+00 l_h: 5.7809e+03 
26-08-17 03:49:05.854 - INFO: <epoch:  7, iter: 115,600, lr:5.000e-05> l_back_rec: 4.7111e+02 l_forw_fit: 5.6852e+02 l_mi: 1.0000e+00 l_h: 7.1716e+03 
26-08-17 03:49:53.131 - INFO: <epoch:  7, iter: 115,700, lr:5.000e-05> l_back_rec: 4.1351e+02 l_forw_fit: 3.4661e+02 l_mi: 1.0000e+00 l_h: 5.4439e+03 
26-08-17 03:50:40.416 - INFO: <epoch:  7, iter: 115,800, lr:5.000e-05> l_back_rec: 4.8523e+02 l_forw_fit: 5.2503e+02 l_mi: 1.0000e+00 l_h: 6.6437e+03 
26-08-17 03:51:27.530 - INFO: <epoch:  7, iter: 115,900, lr:5.000e-05> l_back_rec: 4.3556e+02 l_forw_fit: 4.5213e+02 l_mi: 1.0000e+00 l_h: 5.4961e+03 
26-08-17 03:52:14.884 - INFO: <epoch:  7, iter: 116,000, lr:5.000e-05> l_back_rec: 4.4455e+02 l_forw_fit: 4.4465e+02 l_mi: 1.0000e+00 l_h: 6.0766e+03 
26-08-17 03:52:51.234 - INFO: # Validation # PSNR_Cover: 5.0627e+01, PSNR_Secret: 4.7616e+01, PSNR_Stego: 4.4745e+01
26-08-17 03:53:38.418 - INFO: <epoch:  7, iter: 116,100, lr:5.000e-05> l_back_rec: 4.0363e+02 l_forw_fit: 3.1369e+02 l_mi: 1.0000e+00 l_h: 5.2350e+03 
26-08-17 03:54:25.572 - INFO: <epoch:  7, iter: 116,200, lr:5.000e-05> l_back_rec: 4.3757e+02 l_forw_fit: 3.4683e+02 l_mi: 1.0000e+00 l_h: 5.5677e+03 
26-08-17 03:55:12.770 - INFO: <epoch:  7, iter: 116,300, lr:5.000e-05> l_back_rec: 4.8707e+02 l_forw_fit: 4.5771e+02 l_mi: 1.0000e+00 l_h: 6.6593e+03 
26-08-17 03:55:59.546 - INFO: <epoch:  7, iter: 116,400, lr:5.000e-05> l_back_rec: 4.2329e+02 l_forw_fit: 4.6141e+02 l_mi: 1.0000e+00 l_h: 6.4691e+03 
26-08-17 03:56:46.788 - INFO: <epoch:  7, iter: 116,500, lr:5.000e-05> l_back_rec: 4.7053e+02 l_forw_fit: 4.4473e+02 l_mi: 1.0000e+00 l_h: 6.7300e+03 
26-08-17 03:57:33.767 - INFO: <epoch:  7, iter: 116,600, lr:5.000e-05> l_back_rec: 4.6098e+02 l_forw_fit: 4.2444e+02 l_mi: 1.0000e+00 l_h: 5.6444e+03 
26-08-17 03:58:20.758 - INFO: <epoch:  7, iter: 116,700, lr:5.000e-05> l_back_rec: 4.5511e+02 l_forw_fit: 3.7062e+02 l_mi: 1.0000e+00 l_h: 5.5998e+03 
26-08-17 03:59:07.677 - INFO: <epoch:  7, iter: 116,800, lr:5.000e-05> l_back_rec: 4.6673e+02 l_forw_fit: 4.4065e+02 l_mi: 1.0000e+00 l_h: 6.3264e+03 
26-08-17 03:59:54.794 - INFO: <epoch:  7, iter: 116,900, lr:5.000e-05> l_back_rec: 4.1537e+02 l_forw_fit: 3.7976e+02 l_mi: 1.0000e+00 l_h: 5.7107e+03 
26-08-17 04:00:41.996 - INFO: <epoch:  7, iter: 117,000, lr:5.000e-05> l_back_rec: 4.6892e+02 l_forw_fit: 4.8053e+02 l_mi: 1.0000e+00 l_h: 7.0330e+03 
26-08-17 04:01:18.484 - INFO: # Validation # PSNR_Cover: 5.0531e+01, PSNR_Secret: 4.7459e+01, PSNR_Stego: 4.4971e+01
26-08-17 04:02:05.597 - INFO: <epoch:  7, iter: 117,100, lr:5.000e-05> l_back_rec: 4.4367e+02 l_forw_fit: 3.0303e+02 l_mi: 1.0000e+00 l_h: 5.1288e+03 
26-08-17 04:02:52.819 - INFO: <epoch:  7, iter: 117,200, lr:5.000e-05> l_back_rec: 4.4403e+02 l_forw_fit: 3.5383e+02 l_mi: 1.0000e+00 l_h: 5.0142e+03 
26-08-17 04:03:40.039 - INFO: <epoch:  7, iter: 117,300, lr:5.000e-05> l_back_rec: 4.9335e+02 l_forw_fit: 4.3157e+02 l_mi: 1.0000e+00 l_h: 5.6491e+03 
26-08-17 04:04:27.161 - INFO: <epoch:  7, iter: 117,400, lr:5.000e-05> l_back_rec: 4.2480e+02 l_forw_fit: 4.6399e+02 l_mi: 1.0000e+00 l_h: 6.2258e+03 
26-08-17 04:05:14.820 - INFO: <epoch:  7, iter: 117,500, lr:5.000e-05> l_back_rec: 4.0524e+02 l_forw_fit: 3.4059e+02 l_mi: 1.0000e+00 l_h: 5.1668e+03 
26-08-17 04:06:01.943 - INFO: <epoch:  7, iter: 117,600, lr:5.000e-05> l_back_rec: 4.6981e+02 l_forw_fit: 6.1582e+02 l_mi: 1.0000e+00 l_h: 6.7390e+03 
26-08-17 04:06:49.217 - INFO: <epoch:  7, iter: 117,700, lr:5.000e-05> l_back_rec: 5.4978e+02 l_forw_fit: 6.1612e+02 l_mi: 1.0000e+00 l_h: 7.1669e+03 
26-08-17 04:07:36.377 - INFO: <epoch:  7, iter: 117,800, lr:5.000e-05> l_back_rec: 4.5371e+02 l_forw_fit: 3.9904e+02 l_mi: 1.0000e+00 l_h: 5.3146e+03 
26-08-17 04:08:23.521 - INFO: <epoch:  7, iter: 117,900, lr:5.000e-05> l_back_rec: 4.8579e+02 l_forw_fit: 4.9270e+02 l_mi: 1.0000e+00 l_h: 6.1276e+03 
26-08-17 04:09:10.794 - INFO: <epoch:  7, iter: 118,000, lr:5.000e-05> l_back_rec: 4.5915e+02 l_forw_fit: 7.6892e+02 l_mi: 1.0000e+00 l_h: 7.3761e+03 
26-08-17 04:09:46.969 - INFO: # Validation # PSNR_Cover: 5.0649e+01, PSNR_Secret: 4.7620e+01, PSNR_Stego: 4.4768e+01
26-08-17 04:10:34.047 - INFO: <epoch:  7, iter: 118,100, lr:5.000e-05> l_back_rec: 4.6801e+02 l_forw_fit: 5.1892e+02 l_mi: 1.0000e+00 l_h: 7.2699e+03 
26-08-17 04:11:21.318 - INFO: <epoch:  7, iter: 118,200, lr:5.000e-05> l_back_rec: 3.9524e+02 l_forw_fit: 2.8102e+02 l_mi: 1.0000e+00 l_h: 4.5521e+03 
26-08-17 04:12:08.508 - INFO: <epoch:  7, iter: 118,300, lr:5.000e-05> l_back_rec: 4.9083e+02 l_forw_fit: 4.5831e+02 l_mi: 1.0000e+00 l_h: 6.4959e+03 
26-08-17 04:12:55.808 - INFO: <epoch:  7, iter: 118,400, lr:5.000e-05> l_back_rec: 4.2319e+02 l_forw_fit: 3.4366e+02 l_mi: 1.0000e+00 l_h: 5.8093e+03 
26-08-17 04:13:42.978 - INFO: <epoch:  7, iter: 118,500, lr:5.000e-05> l_back_rec: 4.6899e+02 l_forw_fit: 5.5387e+02 l_mi: 1.0000e+00 l_h: 7.0799e+03 
26-08-17 04:14:30.236 - INFO: <epoch:  7, iter: 118,600, lr:5.000e-05> l_back_rec: 4.8846e+02 l_forw_fit: 5.2040e+02 l_mi: 1.0000e+00 l_h: 7.1181e+03 
26-08-17 04:15:17.412 - INFO: <epoch:  7, iter: 118,700, lr:5.000e-05> l_back_rec: 4.7010e+02 l_forw_fit: 3.9686e+02 l_mi: 1.0000e+00 l_h: 5.7188e+03 
26-08-17 04:16:04.241 - INFO: <epoch:  7, iter: 118,800, lr:5.000e-05> l_back_rec: 3.8513e+02 l_forw_fit: 2.9729e+02 l_mi: 1.0000e+00 l_h: 4.9749e+03 
26-08-17 04:16:51.416 - INFO: <epoch:  7, iter: 118,900, lr:5.000e-05> l_back_rec: 4.5044e+02 l_forw_fit: 4.9813e+02 l_mi: 1.0000e+00 l_h: 7.0619e+03 
26-08-17 04:17:38.563 - INFO: <epoch:  7, iter: 119,000, lr:5.000e-05> l_back_rec: 4.2264e+02 l_forw_fit: 3.4147e+02 l_mi: 1.0000e+00 l_h: 4.9410e+03 
26-08-17 04:18:14.965 - INFO: # Validation # PSNR_Cover: 5.0500e+01, PSNR_Secret: 4.7615e+01, PSNR_Stego: 4.4493e+01
26-08-17 04:19:01.992 - INFO: <epoch:  7, iter: 119,100, lr:5.000e-05> l_back_rec: 4.3266e+02 l_forw_fit: 3.5548e+02 l_mi: 1.0000e+00 l_h: 5.7128e+03 
26-08-17 04:19:49.324 - INFO: <epoch:  7, iter: 119,200, lr:5.000e-05> l_back_rec: 4.6107e+02 l_forw_fit: 6.3570e+02 l_mi: 1.0000e+00 l_h: 7.3068e+03 
26-08-17 04:20:36.705 - INFO: <epoch:  7, iter: 119,300, lr:5.000e-05> l_back_rec: 4.6305e+02 l_forw_fit: 3.3888e+02 l_mi: 1.0000e+00 l_h: 5.2430e+03 
26-08-17 04:21:23.970 - INFO: <epoch:  7, iter: 119,400, lr:5.000e-05> l_back_rec: 3.7474e+02 l_forw_fit: 3.2961e+02 l_mi: 1.0000e+00 l_h: 4.9996e+03 
26-08-17 04:22:11.503 - INFO: <epoch:  7, iter: 119,500, lr:5.000e-05> l_back_rec: 4.6514e+02 l_forw_fit: 5.3415e+02 l_mi: 1.0000e+00 l_h: 7.9035e+03 
26-08-17 04:22:58.645 - INFO: <epoch:  7, iter: 119,600, lr:5.000e-05> l_back_rec: 4.4670e+02 l_forw_fit: 3.0252e+02 l_mi: 1.0000e+00 l_h: 4.6764e+03 
26-08-17 04:23:45.929 - INFO: <epoch:  7, iter: 119,700, lr:5.000e-05> l_back_rec: 5.8939e+02 l_forw_fit: 1.0401e+03 l_mi: 1.0000e+00 l_h: 1.0143e+04 
26-08-17 04:24:33.051 - INFO: <epoch:  7, iter: 119,800, lr:5.000e-05> l_back_rec: 4.9522e+02 l_forw_fit: 6.5732e+02 l_mi: 1.0000e+00 l_h: 7.6290e+03 
26-08-17 04:25:20.299 - INFO: <epoch:  7, iter: 119,900, lr:5.000e-05> l_back_rec: 4.6195e+02 l_forw_fit: 3.9062e+02 l_mi: 1.0000e+00 l_h: 5.9104e+03 
26-08-17 04:26:07.594 - INFO: <epoch:  7, iter: 120,000, lr:2.500e-05> l_back_rec: 4.0116e+02 l_forw_fit: 3.6741e+02 l_mi: 1.0000e+00 l_h: 5.7656e+03 
26-08-17 04:26:44.130 - INFO: # Validation # PSNR_Cover: 5.0724e+01, PSNR_Secret: 4.7394e+01, PSNR_Stego: 4.4822e+01
26-08-17 04:26:44.130 - INFO: Saving models and training states.
26-08-17 04:27:31.787 - INFO: <epoch:  7, iter: 120,100, lr:2.500e-05> l_back_rec: 4.5439e+02 l_forw_fit: 5.3970e+02 l_mi: 1.0000e+00 l_h: 6.9842e+03 
26-08-17 04:28:19.192 - INFO: <epoch:  7, iter: 120,200, lr:2.500e-05> l_back_rec: 4.8818e+02 l_forw_fit: 4.1893e+02 l_mi: 1.0000e+00 l_h: 4.9313e+03 
26-08-17 04:29:06.352 - INFO: <epoch:  7, iter: 120,300, lr:2.500e-05> l_back_rec: 4.0084e+02 l_forw_fit: 4.5491e+02 l_mi: 1.0000e+00 l_h: 6.6087e+03 
26-08-17 04:29:53.740 - INFO: <epoch:  7, iter: 120,400, lr:2.500e-05> l_back_rec: 5.3616e+02 l_forw_fit: 6.0449e+02 l_mi: 1.0000e+00 l_h: 7.3535e+03 
26-08-17 04:30:41.094 - INFO: <epoch:  7, iter: 120,500, lr:2.500e-05> l_back_rec: 4.1891e+02 l_forw_fit: 3.2267e+02 l_mi: 1.0000e+00 l_h: 5.0729e+03 
26-08-17 04:31:28.265 - INFO: <epoch:  7, iter: 120,600, lr:2.500e-05> l_back_rec: 4.0851e+02 l_forw_fit: 3.4282e+02 l_mi: 1.0000e+00 l_h: 5.7802e+03 
26-08-17 04:32:15.414 - INFO: <epoch:  7, iter: 120,700, lr:2.500e-05> l_back_rec: 4.0318e+02 l_forw_fit: 3.1943e+02 l_mi: 1.0000e+00 l_h: 5.0891e+03 
26-08-17 04:33:02.468 - INFO: <epoch:  7, iter: 120,800, lr:2.500e-05> l_back_rec: 4.3733e+02 l_forw_fit: 3.3344e+02 l_mi: 1.0000e+00 l_h: 5.1077e+03 
26-08-17 04:33:49.708 - INFO: <epoch:  7, iter: 120,900, lr:2.500e-05> l_back_rec: 4.0587e+02 l_forw_fit: 4.3020e+02 l_mi: 1.0000e+00 l_h: 6.0675e+03 
26-08-17 04:34:37.067 - INFO: <epoch:  7, iter: 121,000, lr:2.500e-05> l_back_rec: 3.7139e+02 l_forw_fit: 3.2182e+02 l_mi: 1.0000e+00 l_h: 5.3702e+03 
26-08-17 04:35:13.363 - INFO: # Validation # PSNR_Cover: 5.1190e+01, PSNR_Secret: 4.7900e+01, PSNR_Stego: 4.5158e+01
26-08-17 04:36:00.508 - INFO: <epoch:  7, iter: 121,100, lr:2.500e-05> l_back_rec: 4.1181e+02 l_forw_fit: 4.9211e+02 l_mi: 1.0000e+00 l_h: 6.2656e+03 
26-08-17 04:36:47.828 - INFO: <epoch:  7, iter: 121,200, lr:2.500e-05> l_back_rec: 4.1593e+02 l_forw_fit: 4.3887e+02 l_mi: 1.0000e+00 l_h: 6.2577e+03 
26-08-17 04:37:34.937 - INFO: <epoch:  7, iter: 121,300, lr:2.500e-05> l_back_rec: 3.7537e+02 l_forw_fit: 2.2826e+02 l_mi: 1.0000e+00 l_h: 4.1656e+03 
26-08-17 04:38:22.175 - INFO: <epoch:  7, iter: 121,400, lr:2.500e-05> l_back_rec: 4.1297e+02 l_forw_fit: 4.2088e+02 l_mi: 1.0000e+00 l_h: 5.9983e+03 
26-08-17 04:39:09.289 - INFO: <epoch:  7, iter: 121,500, lr:2.500e-05> l_back_rec: 4.9045e+02 l_forw_fit: 4.0389e+02 l_mi: 1.0000e+00 l_h: 5.5937e+03 
26-08-17 04:39:56.228 - INFO: <epoch:  7, iter: 121,600, lr:2.500e-05> l_back_rec: 4.3261e+02 l_forw_fit: 4.9956e+02 l_mi: 1.0000e+00 l_h: 6.3896e+03 
26-08-17 04:40:43.461 - INFO: <epoch:  7, iter: 121,700, lr:2.500e-05> l_back_rec: 4.0788e+02 l_forw_fit: 3.6503e+02 l_mi: 1.0000e+00 l_h: 5.0540e+03 
26-08-17 04:41:30.488 - INFO: <epoch:  7, iter: 121,800, lr:2.500e-05> l_back_rec: 4.3061e+02 l_forw_fit: 4.1048e+02 l_mi: 1.0000e+00 l_h: 5.9577e+03 
26-08-17 04:42:17.710 - INFO: <epoch:  7, iter: 121,900, lr:2.500e-05> l_back_rec: 4.6632e+02 l_forw_fit: 3.0126e+02 l_mi: 1.0000e+00 l_h: 4.9403e+03 
26-08-17 04:43:04.746 - INFO: <epoch:  7, iter: 122,000, lr:2.500e-05> l_back_rec: 4.7415e+02 l_forw_fit: 4.5772e+02 l_mi: 1.0000e+00 l_h: 6.1632e+03 
26-08-17 04:43:41.494 - INFO: # Validation # PSNR_Cover: 5.1190e+01, PSNR_Secret: 4.7997e+01, PSNR_Stego: 4.5178e+01
26-08-17 04:44:28.349 - INFO: <epoch:  7, iter: 122,100, lr:2.500e-05> l_back_rec: 4.8942e+02 l_forw_fit: 3.9418e+02 l_mi: 1.0000e+00 l_h: 5.6285e+03 
26-08-17 04:45:15.574 - INFO: <epoch:  7, iter: 122,200, lr:2.500e-05> l_back_rec: 3.5545e+02 l_forw_fit: 3.5333e+02 l_mi: 1.0000e+00 l_h: 5.3910e+03 
26-08-17 04:46:02.364 - INFO: <epoch:  7, iter: 122,300, lr:2.500e-05> l_back_rec: 5.2791e+02 l_forw_fit: 5.3698e+02 l_mi: 1.0000e+00 l_h: 7.9072e+03 
26-08-17 04:46:49.343 - INFO: <epoch:  7, iter: 122,400, lr:2.500e-05> l_back_rec: 4.6420e+02 l_forw_fit: 5.2034e+02 l_mi: 1.0000e+00 l_h: 7.2288e+03 
26-08-17 04:47:36.248 - INFO: <epoch:  7, iter: 122,500, lr:2.500e-05> l_back_rec: 3.8149e+02 l_forw_fit: 4.0252e+02 l_mi: 1.0000e+00 l_h: 5.7888e+03 
26-08-17 04:48:23.402 - INFO: <epoch:  7, iter: 122,600, lr:2.500e-05> l_back_rec: 6.7949e+02 l_forw_fit: 7.8420e+02 l_mi: 1.0000e+00 l_h: 9.8863e+03 
26-08-17 04:49:10.827 - INFO: <epoch:  7, iter: 122,700, lr:2.500e-05> l_back_rec: 4.1715e+02 l_forw_fit: 4.3249e+02 l_mi: 1.0000e+00 l_h: 6.4944e+03 
26-08-17 04:49:57.913 - INFO: <epoch:  7, iter: 122,800, lr:2.500e-05> l_back_rec: 4.2951e+02 l_forw_fit: 3.8848e+02 l_mi: 1.0000e+00 l_h: 5.5789e+03 
26-08-17 04:50:45.339 - INFO: <epoch:  7, iter: 122,900, lr:2.500e-05> l_back_rec: 4.8784e+02 l_forw_fit: 5.9099e+02 l_mi: 1.0000e+00 l_h: 7.5431e+03 
26-08-17 04:51:32.395 - INFO: <epoch:  7, iter: 123,000, lr:2.500e-05> l_back_rec: 4.0240e+02 l_forw_fit: 4.8337e+02 l_mi: 1.0000e+00 l_h: 6.2016e+03 
26-08-17 04:52:09.021 - INFO: # Validation # PSNR_Cover: 5.1125e+01, PSNR_Secret: 4.8046e+01, PSNR_Stego: 4.4970e+01
26-08-17 04:52:56.060 - INFO: <epoch:  7, iter: 123,100, lr:2.500e-05> l_back_rec: 5.5327e+02 l_forw_fit: 1.0501e+03 l_mi: 1.0000e+00 l_h: 9.0171e+03 
26-08-17 04:53:43.384 - INFO: <epoch:  7, iter: 123,200, lr:2.500e-05> l_back_rec: 5.0107e+02 l_forw_fit: 5.3337e+02 l_mi: 1.0000e+00 l_h: 7.3148e+03 
26-08-17 04:54:30.239 - INFO: <epoch:  7, iter: 123,300, lr:2.500e-05> l_back_rec: 4.9123e+02 l_forw_fit: 5.3178e+02 l_mi: 1.0000e+00 l_h: 6.9998e+03 
26-08-17 04:55:17.348 - INFO: <epoch:  7, iter: 123,400, lr:2.500e-05> l_back_rec: 4.6685e+02 l_forw_fit: 4.8081e+02 l_mi: 1.0000e+00 l_h: 6.9119e+03 
26-08-17 04:56:04.298 - INFO: <epoch:  7, iter: 123,500, lr:2.500e-05> l_back_rec: 5.4002e+02 l_forw_fit: 9.6670e+02 l_mi: 1.0000e+00 l_h: 1.2107e+04 
26-08-17 04:56:51.491 - INFO: <epoch:  7, iter: 123,600, lr:2.500e-05> l_back_rec: 4.3251e+02 l_forw_fit: 4.0544e+02 l_mi: 1.0000e+00 l_h: 6.5521e+03 
26-08-17 04:57:38.731 - INFO: <epoch:  7, iter: 123,700, lr:2.500e-05> l_back_rec: 4.0188e+02 l_forw_fit: 4.7153e+02 l_mi: 1.0000e+00 l_h: 6.8055e+03 
26-08-17 04:58:25.935 - INFO: <epoch:  7, iter: 123,800, lr:2.500e-05> l_back_rec: 3.9528e+02 l_forw_fit: 4.1524e+02 l_mi: 1.0000e+00 l_h: 5.7973e+03 
26-08-17 04:59:12.978 - INFO: <epoch:  7, iter: 123,900, lr:2.500e-05> l_back_rec: 5.4673e+02 l_forw_fit: 9.8488e+02 l_mi: 1.0000e+00 l_h: 9.5628e+03 
26-08-17 04:59:59.917 - INFO: <epoch:  7, iter: 124,000, lr:2.500e-05> l_back_rec: 4.9155e+02 l_forw_fit: 5.7094e+02 l_mi: 1.0000e+00 l_h: 7.3219e+03 
26-08-17 05:00:36.080 - INFO: # Validation # PSNR_Cover: 5.1289e+01, PSNR_Secret: 4.8088e+01, PSNR_Stego: 4.5197e+01
26-08-17 05:01:23.397 - INFO: <epoch:  7, iter: 124,100, lr:2.500e-05> l_back_rec: 3.7642e+02 l_forw_fit: 2.8572e+02 l_mi: 1.0000e+00 l_h: 4.8187e+03 
26-08-17 05:02:10.413 - INFO: <epoch:  7, iter: 124,200, lr:2.500e-05> l_back_rec: 3.9472e+02 l_forw_fit: 2.8234e+02 l_mi: 1.0000e+00 l_h: 4.5554e+03 
26-08-17 05:02:57.453 - INFO: <epoch:  7, iter: 124,300, lr:2.500e-05> l_back_rec: 4.1126e+02 l_forw_fit: 5.2087e+02 l_mi: 1.0000e+00 l_h: 6.6175e+03 
26-08-17 05:03:44.728 - INFO: <epoch:  7, iter: 124,400, lr:2.500e-05> l_back_rec: 3.9420e+02 l_forw_fit: 2.6340e+02 l_mi: 1.0000e+00 l_h: 4.9594e+03 
26-08-17 05:04:32.012 - INFO: <epoch:  7, iter: 124,500, lr:2.500e-05> l_back_rec: 4.4027e+02 l_forw_fit: 5.0189e+02 l_mi: 1.0000e+00 l_h: 6.5994e+03 
26-08-17 05:05:19.230 - INFO: <epoch:  7, iter: 124,600, lr:2.500e-05> l_back_rec: 4.0977e+02 l_forw_fit: 2.2509e+02 l_mi: 1.0000e+00 l_h: 4.5840e+03 
26-08-17 05:06:06.241 - INFO: <epoch:  7, iter: 124,700, lr:2.500e-05> l_back_rec: 4.0053e+02 l_forw_fit: 2.4810e+02 l_mi: 1.0000e+00 l_h: 4.5806e+03 
26-08-17 05:06:53.548 - INFO: <epoch:  7, iter: 124,800, lr:2.500e-05> l_back_rec: 4.0819e+02 l_forw_fit: 4.7800e+02 l_mi: 1.0000e+00 l_h: 6.6381e+03 
26-08-17 05:07:40.749 - INFO: <epoch:  7, iter: 124,900, lr:2.500e-05> l_back_rec: 3.7808e+02 l_forw_fit: 2.3956e+02 l_mi: 1.0000e+00 l_h: 4.5736e+03 
26-08-17 05:08:28.017 - INFO: <epoch:  7, iter: 125,000, lr:2.500e-05> l_back_rec: 4.0861e+02 l_forw_fit: 3.3875e+02 l_mi: 1.0000e+00 l_h: 5.4183e+03 
26-08-17 05:09:03.942 - INFO: # Validation # PSNR_Cover: 5.1290e+01, PSNR_Secret: 4.8076e+01, PSNR_Stego: 4.5252e+01
26-08-17 05:09:03.942 - INFO: Saving models and training states.
26-08-17 05:09:51.595 - INFO: <epoch:  7, iter: 125,100, lr:2.500e-05> l_back_rec: 4.8043e+02 l_forw_fit: 4.8351e+02 l_mi: 1.0000e+00 l_h: 6.6628e+03 
26-08-17 05:10:38.712 - INFO: <epoch:  7, iter: 125,200, lr:2.500e-05> l_back_rec: 4.2898e+02 l_forw_fit: 4.7515e+02 l_mi: 1.0000e+00 l_h: 6.4227e+03 
26-08-17 05:11:25.958 - INFO: <epoch:  7, iter: 125,300, lr:2.500e-05> l_back_rec: 4.5798e+02 l_forw_fit: 4.5627e+02 l_mi: 1.0000e+00 l_h: 6.3955e+03 
26-08-17 05:12:13.144 - INFO: <epoch:  7, iter: 125,400, lr:2.500e-05> l_back_rec: 4.2847e+02 l_forw_fit: 5.2977e+02 l_mi: 1.0000e+00 l_h: 6.5409e+03 
26-08-17 05:13:00.239 - INFO: <epoch:  7, iter: 125,500, lr:2.500e-05> l_back_rec: 4.2386e+02 l_forw_fit: 2.8699e+02 l_mi: 1.0000e+00 l_h: 4.9521e+03 
26-08-17 05:13:47.366 - INFO: <epoch:  7, iter: 125,600, lr:2.500e-05> l_back_rec: 4.6924e+02 l_forw_fit: 4.5052e+02 l_mi: 1.0000e+00 l_h: 6.5668e+03 
26-08-17 05:14:34.631 - INFO: <epoch:  7, iter: 125,700, lr:2.500e-05> l_back_rec: 4.4091e+02 l_forw_fit: 4.8187e+02 l_mi: 1.0000e+00 l_h: 6.4677e+03 
26-08-17 05:15:22.010 - INFO: <epoch:  7, iter: 125,800, lr:2.500e-05> l_back_rec: 4.9166e+02 l_forw_fit: 4.5370e+02 l_mi: 1.0000e+00 l_h: 5.8902e+03 
26-08-17 05:16:09.181 - INFO: <epoch:  7, iter: 125,900, lr:2.500e-05> l_back_rec: 4.1059e+02 l_forw_fit: 3.1013e+02 l_mi: 1.0000e+00 l_h: 5.1102e+03 
26-08-17 05:16:56.260 - INFO: <epoch:  7, iter: 126,000, lr:2.500e-05> l_back_rec: 4.7006e+02 l_forw_fit: 5.7213e+02 l_mi: 1.0000e+00 l_h: 6.8689e+03 
26-08-17 05:17:32.734 - INFO: # Validation # PSNR_Cover: 5.1309e+01, PSNR_Secret: 4.7967e+01, PSNR_Stego: 4.5206e+01
26-08-17 05:18:19.960 - INFO: <epoch:  7, iter: 126,100, lr:2.500e-05> l_back_rec: 4.9710e+02 l_forw_fit: 6.7691e+02 l_mi: 1.0000e+00 l_h: 7.6354e+03 
26-08-17 05:19:07.011 - INFO: <epoch:  7, iter: 126,200, lr:2.500e-05> l_back_rec: 4.4388e+02 l_forw_fit: 4.0808e+02 l_mi: 1.0000e+00 l_h: 5.8636e+03 
26-08-17 05:19:54.205 - INFO: <epoch:  7, iter: 126,300, lr:2.500e-05> l_back_rec: 5.3190e+02 l_forw_fit: 5.5761e+02 l_mi: 1.0000e+00 l_h: 6.7760e+03 
26-08-17 05:20:41.383 - INFO: <epoch:  7, iter: 126,400, lr:2.500e-05> l_back_rec: 3.8557e+02 l_forw_fit: 3.5014e+02 l_mi: 1.0000e+00 l_h: 5.2437e+03 
26-08-17 05:21:28.727 - INFO: <epoch:  7, iter: 126,500, lr:2.500e-05> l_back_rec: 4.6959e+02 l_forw_fit: 4.9622e+02 l_mi: 1.0000e+00 l_h: 6.0265e+03 
26-08-17 05:22:16.325 - INFO: <epoch:  7, iter: 126,600, lr:2.500e-05> l_back_rec: 4.8011e+02 l_forw_fit: 4.4154e+02 l_mi: 1.0000e+00 l_h: 6.2774e+03 
26-08-17 05:23:03.605 - INFO: <epoch:  7, iter: 126,700, lr:2.500e-05> l_back_rec: 4.6153e+02 l_forw_fit: 5.7468e+02 l_mi: 1.0000e+00 l_h: 7.1408e+03 
26-08-17 05:23:50.975 - INFO: <epoch:  7, iter: 126,800, lr:2.500e-05> l_back_rec: 4.7470e+02 l_forw_fit: 4.7743e+02 l_mi: 1.0000e+00 l_h: 7.3888e+03 
26-08-17 05:24:38.244 - INFO: <epoch:  7, iter: 126,900, lr:2.500e-05> l_back_rec: 4.1227e+02 l_forw_fit: 3.7579e+02 l_mi: 1.0000e+00 l_h: 5.4093e+03 
26-08-17 05:25:25.469 - INFO: <epoch:  7, iter: 127,000, lr:2.500e-05> l_back_rec: 3.6518e+02 l_forw_fit: 2.9153e+02 l_mi: 1.0000e+00 l_h: 4.8441e+03 
26-08-17 05:26:02.108 - INFO: # Validation # PSNR_Cover: 5.1283e+01, PSNR_Secret: 4.8030e+01, PSNR_Stego: 4.5221e+01
26-08-17 05:26:49.430 - INFO: <epoch:  7, iter: 127,100, lr:2.500e-05> l_back_rec: 3.6895e+02 l_forw_fit: 3.4749e+02 l_mi: 1.0000e+00 l_h: 5.5423e+03 
26-08-17 05:27:36.329 - INFO: <epoch:  7, iter: 127,200, lr:2.500e-05> l_back_rec: 4.2449e+02 l_forw_fit: 4.0865e+02 l_mi: 1.0000e+00 l_h: 6.1635e+03 
26-08-17 05:28:23.830 - INFO: <epoch:  7, iter: 127,300, lr:2.500e-05> l_back_rec: 3.7127e+02 l_forw_fit: 2.6238e+02 l_mi: 1.0000e+00 l_h: 4.5550e+03 
26-08-17 05:29:11.221 - INFO: <epoch:  7, iter: 127,400, lr:2.500e-05> l_back_rec: 4.2038e+02 l_forw_fit: 3.0227e+02 l_mi: 1.0000e+00 l_h: 4.8827e+03 
26-08-17 05:29:58.298 - INFO: <epoch:  7, iter: 127,500, lr:2.500e-05> l_back_rec: 4.3729e+02 l_forw_fit: 3.9508e+02 l_mi: 1.0000e+00 l_h: 5.7502e+03 
26-08-17 05:30:45.689 - INFO: <epoch:  7, iter: 127,600, lr:2.500e-05> l_back_rec: 4.4911e+02 l_forw_fit: 4.8623e+02 l_mi: 1.0000e+00 l_h: 6.9594e+03 
26-08-17 05:31:32.873 - INFO: <epoch:  7, iter: 127,700, lr:2.500e-05> l_back_rec: 4.6297e+02 l_forw_fit: 5.5810e+02 l_mi: 1.0000e+00 l_h: 7.3885e+03 
26-08-17 05:32:20.383 - INFO: <epoch:  7, iter: 127,800, lr:2.500e-05> l_back_rec: 4.0868e+02 l_forw_fit: 4.0948e+02 l_mi: 1.0000e+00 l_h: 5.8344e+03 
26-08-17 05:33:07.975 - INFO: <epoch:  7, iter: 127,900, lr:2.500e-05> l_back_rec: 3.8516e+02 l_forw_fit: 3.6816e+02 l_mi: 1.0000e+00 l_h: 5.7429e+03 
26-08-17 05:33:55.334 - INFO: <epoch:  7, iter: 128,000, lr:2.500e-05> l_back_rec: 4.7427e+02 l_forw_fit: 5.6830e+02 l_mi: 1.0000e+00 l_h: 8.5228e+03 
26-08-17 05:34:32.650 - INFO: # Validation # PSNR_Cover: 5.1312e+01, PSNR_Secret: 4.8035e+01, PSNR_Stego: 4.5260e+01
26-08-17 05:35:20.361 - INFO: <epoch:  7, iter: 128,100, lr:2.500e-05> l_back_rec: 4.6914e+02 l_forw_fit: 5.9602e+02 l_mi: 1.0000e+00 l_h: 6.6336e+03 
26-08-17 05:36:07.509 - INFO: <epoch:  7, iter: 128,200, lr:2.500e-05> l_back_rec: 4.0668e+02 l_forw_fit: 4.0838e+02 l_mi: 1.0000e+00 l_h: 5.8688e+03 
26-08-17 05:36:54.902 - INFO: <epoch:  7, iter: 128,300, lr:2.500e-05> l_back_rec: 5.2801e+02 l_forw_fit: 4.7865e+02 l_mi: 1.0000e+00 l_h: 6.1182e+03 
26-08-17 05:37:42.117 - INFO: <epoch:  7, iter: 128,400, lr:2.500e-05> l_back_rec: 4.5359e+02 l_forw_fit: 4.0743e+02 l_mi: 1.0000e+00 l_h: 5.9335e+03 
26-08-17 05:38:29.248 - INFO: <epoch:  7, iter: 128,500, lr:2.500e-05> l_back_rec: 4.0497e+02 l_forw_fit: 3.7820e+02 l_mi: 1.0000e+00 l_h: 5.6545e+03 
26-08-17 05:39:16.422 - INFO: <epoch:  7, iter: 128,600, lr:2.500e-05> l_back_rec: 5.7656e+02 l_forw_fit: 5.9274e+02 l_mi: 1.0000e+00 l_h: 7.3949e+03 
26-08-17 05:40:03.543 - INFO: <epoch:  7, iter: 128,700, lr:2.500e-05> l_back_rec: 4.2997e+02 l_forw_fit: 3.7039e+02 l_mi: 1.0000e+00 l_h: 5.8080e+03 
26-08-17 05:40:51.160 - INFO: <epoch:  7, iter: 128,800, lr:2.500e-05> l_back_rec: 3.4608e+02 l_forw_fit: 3.1839e+02 l_mi: 1.0000e+00 l_h: 5.0985e+03 
26-08-17 05:41:38.559 - INFO: <epoch:  7, iter: 128,900, lr:2.500e-05> l_back_rec: 4.8401e+02 l_forw_fit: 4.4696e+02 l_mi: 1.0000e+00 l_h: 6.3238e+03 
26-08-17 05:42:25.647 - INFO: <epoch:  7, iter: 129,000, lr:2.500e-05> l_back_rec: 4.2045e+02 l_forw_fit: 3.7477e+02 l_mi: 1.0000e+00 l_h: 5.5837e+03 
26-08-17 05:43:02.178 - INFO: # Validation # PSNR_Cover: 5.1251e+01, PSNR_Secret: 4.7961e+01, PSNR_Stego: 4.5072e+01
26-08-17 05:43:49.706 - INFO: <epoch:  7, iter: 129,100, lr:2.500e-05> l_back_rec: 4.0856e+02 l_forw_fit: 3.5807e+02 l_mi: 1.0000e+00 l_h: 5.4261e+03 
26-08-17 05:44:35.840 - INFO: <epoch:  7, iter: 129,200, lr:2.500e-05> l_back_rec: 3.8208e+02 l_forw_fit: 3.6780e+02 l_mi: 1.0000e+00 l_h: 5.8881e+03 
26-08-17 05:46:32.811 - INFO: <epoch:  8, iter: 129,300, lr:2.500e-05> l_back_rec: 4.4167e+02 l_forw_fit: 5.1548e+02 l_mi: 1.0000e+00 l_h: 7.2692e+03 
26-08-17 05:47:20.137 - INFO: <epoch:  8, iter: 129,400, lr:2.500e-05> l_back_rec: 4.1086e+02 l_forw_fit: 3.5565e+02 l_mi: 1.0000e+00 l_h: 5.6025e+03 
26-08-17 05:48:07.253 - INFO: <epoch:  8, iter: 129,500, lr:2.500e-05> l_back_rec: 4.9369e+02 l_forw_fit: 4.9653e+02 l_mi: 1.0000e+00 l_h: 7.1701e+03 
26-08-17 05:48:54.648 - INFO: <epoch:  8, iter: 129,600, lr:2.500e-05> l_back_rec: 4.1468e+02 l_forw_fit: 3.7060e+02 l_mi: 1.0000e+00 l_h: 5.9056e+03 
26-08-17 05:49:42.067 - INFO: <epoch:  8, iter: 129,700, lr:2.500e-05> l_back_rec: 4.1217e+02 l_forw_fit: 3.2337e+02 l_mi: 1.0000e+00 l_h: 4.8352e+03 
26-08-17 05:50:29.259 - INFO: <epoch:  8, iter: 129,800, lr:2.500e-05> l_back_rec: 5.5015e+02 l_forw_fit: 8.2001e+02 l_mi: 1.0000e+00 l_h: 9.6145e+03 
26-08-17 05:51:15.243 - INFO: <epoch:  8, iter: 129,900, lr:2.500e-05> l_back_rec: 4.3084e+02 l_forw_fit: 4.8324e+02 l_mi: 1.0000e+00 l_h: 6.4620e+03 
26-08-17 05:52:01.766 - INFO: <epoch:  8, iter: 130,000, lr:2.500e-05> l_back_rec: 5.7904e+02 l_forw_fit: 1.0501e+03 l_mi: 1.0000e+00 l_h: 1.1294e+04 
26-08-17 05:52:37.565 - INFO: # Validation # PSNR_Cover: 5.1186e+01, PSNR_Secret: 4.7994e+01, PSNR_Stego: 4.5272e+01
26-08-17 05:52:37.565 - INFO: Saving models and training states.
26-08-17 05:53:25.103 - INFO: <epoch:  8, iter: 130,100, lr:2.500e-05> l_back_rec: 4.4224e+02 l_forw_fit: 3.8732e+02 l_mi: 1.0000e+00 l_h: 6.3783e+03 
26-08-17 05:54:12.354 - INFO: <epoch:  8, iter: 130,200, lr:2.500e-05> l_back_rec: 4.1901e+02 l_forw_fit: 4.7832e+02 l_mi: 1.0000e+00 l_h: 6.5953e+03 
26-08-17 05:54:59.369 - INFO: <epoch:  8, iter: 130,300, lr:2.500e-05> l_back_rec: 5.1309e+02 l_forw_fit: 8.4545e+02 l_mi: 1.0000e+00 l_h: 8.4382e+03 
26-08-17 05:55:46.551 - INFO: <epoch:  8, iter: 130,400, lr:2.500e-05> l_back_rec: 5.4178e+02 l_forw_fit: 6.6522e+02 l_mi: 1.0000e+00 l_h: 7.1489e+03 
26-08-17 05:56:33.597 - INFO: <epoch:  8, iter: 130,500, lr:2.500e-05> l_back_rec: 4.0666e+02 l_forw_fit: 4.2280e+02 l_mi: 1.0000e+00 l_h: 5.5964e+03 
26-08-17 05:57:20.731 - INFO: <epoch:  8, iter: 130,600, lr:2.500e-05> l_back_rec: 4.6093e+02 l_forw_fit: 4.8613e+02 l_mi: 1.0000e+00 l_h: 6.6080e+03 
26-08-17 05:58:07.853 - INFO: <epoch:  8, iter: 130,700, lr:2.500e-05> l_back_rec: 4.0452e+02 l_forw_fit: 4.2465e+02 l_mi: 1.0000e+00 l_h: 6.3777e+03 
26-08-17 05:58:55.113 - INFO: <epoch:  8, iter: 130,800, lr:2.500e-05> l_back_rec: 4.2148e+02 l_forw_fit: 4.1271e+02 l_mi: 1.0000e+00 l_h: 5.1201e+03 
26-08-17 05:59:42.371 - INFO: <epoch:  8, iter: 130,900, lr:2.500e-05> l_back_rec: 4.9051e+02 l_forw_fit: 5.1628e+02 l_mi: 1.0000e+00 l_h: 7.7746e+03 
26-08-17 06:00:29.519 - INFO: <epoch:  8, iter: 131,000, lr:2.500e-05> l_back_rec: 4.2903e+02 l_forw_fit: 2.8242e+02 l_mi: 1.0000e+00 l_h: 4.8636e+03 
26-08-17 06:01:05.548 - INFO: # Validation # PSNR_Cover: 5.1322e+01, PSNR_Secret: 4.8044e+01, PSNR_Stego: 4.5351e+01
26-08-17 06:01:52.646 - INFO: <epoch:  8, iter: 131,100, lr:2.500e-05> l_back_rec: 4.1102e+02 l_forw_fit: 3.6000e+02 l_mi: 1.0000e+00 l_h: 5.9122e+03 
26-08-17 06:02:39.691 - INFO: <epoch:  8, iter: 131,200, lr:2.500e-05> l_back_rec: 3.8198e+02 l_forw_fit: 2.5993e+02 l_mi: 1.0000e+00 l_h: 4.9464e+03 
26-08-17 06:03:26.855 - INFO: <epoch:  8, iter: 131,300, lr:2.500e-05> l_back_rec: 4.3031e+02 l_forw_fit: 3.8736e+02 l_mi: 1.0000e+00 l_h: 5.9501e+03 
26-08-17 06:04:13.989 - INFO: <epoch:  8, iter: 131,400, lr:2.500e-05> l_back_rec: 4.1703e+02 l_forw_fit: 4.7997e+02 l_mi: 1.0000e+00 l_h: 6.7209e+03 
26-08-17 06:05:01.203 - INFO: <epoch:  8, iter: 131,500, lr:2.500e-05> l_back_rec: 4.6350e+02 l_forw_fit: 4.5065e+02 l_mi: 1.0000e+00 l_h: 6.5127e+03 
26-08-17 06:05:48.701 - INFO: <epoch:  8, iter: 131,600, lr:2.500e-05> l_back_rec: 4.2347e+02 l_forw_fit: 4.7972e+02 l_mi: 1.0000e+00 l_h: 7.1431e+03 
26-08-17 06:06:35.740 - INFO: <epoch:  8, iter: 131,700, lr:2.500e-05> l_back_rec: 5.1720e+02 l_forw_fit: 6.6591e+02 l_mi: 1.0000e+00 l_h: 8.0532e+03 
26-08-17 06:07:23.014 - INFO: <epoch:  8, iter: 131,800, lr:2.500e-05> l_back_rec: 5.2182e+02 l_forw_fit: 5.2734e+02 l_mi: 1.0000e+00 l_h: 7.3542e+03 
26-08-17 06:08:10.230 - INFO: <epoch:  8, iter: 131,900, lr:2.500e-05> l_back_rec: 4.2584e+02 l_forw_fit: 3.5683e+02 l_mi: 1.0000e+00 l_h: 5.2920e+03 
26-08-17 06:08:57.322 - INFO: <epoch:  8, iter: 132,000, lr:2.500e-05> l_back_rec: 3.7574e+02 l_forw_fit: 2.9420e+02 l_mi: 1.0000e+00 l_h: 4.8474e+03 
26-08-17 06:09:33.931 - INFO: # Validation # PSNR_Cover: 5.1355e+01, PSNR_Secret: 4.7966e+01, PSNR_Stego: 4.5311e+01
26-08-17 06:10:21.236 - INFO: <epoch:  8, iter: 132,100, lr:2.500e-05> l_back_rec: 3.8952e+02 l_forw_fit: 4.4881e+02 l_mi: 1.0000e+00 l_h: 5.7976e+03 
26-08-17 06:11:08.389 - INFO: <epoch:  8, iter: 132,200, lr:2.500e-05> l_back_rec: 5.0510e+02 l_forw_fit: 5.9683e+02 l_mi: 1.0000e+00 l_h: 7.9274e+03 
26-08-17 06:11:55.584 - INFO: <epoch:  8, iter: 132,300, lr:2.500e-05> l_back_rec: 4.7588e+02 l_forw_fit: 5.0896e+02 l_mi: 1.0000e+00 l_h: 7.0595e+03 
26-08-17 06:12:42.696 - INFO: <epoch:  8, iter: 132,400, lr:2.500e-05> l_back_rec: 3.7951e+02 l_forw_fit: 2.4289e+02 l_mi: 1.0000e+00 l_h: 4.5324e+03 
26-08-17 06:13:29.762 - INFO: <epoch:  8, iter: 132,500, lr:2.500e-05> l_back_rec: 3.7083e+02 l_forw_fit: 2.2909e+02 l_mi: 1.0000e+00 l_h: 4.2252e+03 
26-08-17 06:14:17.058 - INFO: <epoch:  8, iter: 132,600, lr:2.500e-05> l_back_rec: 4.3488e+02 l_forw_fit: 4.1736e+02 l_mi: 1.0000e+00 l_h: 6.1635e+03 
26-08-17 06:15:04.072 - INFO: <epoch:  8, iter: 132,700, lr:2.500e-05> l_back_rec: 4.5835e+02 l_forw_fit: 5.0788e+02 l_mi: 1.0000e+00 l_h: 7.3946e+03 
26-08-17 06:15:51.390 - INFO: <epoch:  8, iter: 132,800, lr:2.500e-05> l_back_rec: 3.9806e+02 l_forw_fit: 3.8282e+02 l_mi: 1.0000e+00 l_h: 5.8112e+03 
26-08-17 06:16:38.586 - INFO: <epoch:  8, iter: 132,900, lr:2.500e-05> l_back_rec: 3.7175e+02 l_forw_fit: 2.2737e+02 l_mi: 1.0000e+00 l_h: 4.3204e+03 
26-08-17 06:17:25.953 - INFO: <epoch:  8, iter: 133,000, lr:2.500e-05> l_back_rec: 4.4212e+02 l_forw_fit: 4.1083e+02 l_mi: 1.0000e+00 l_h: 5.1331e+03 
26-08-17 06:18:02.726 - INFO: # Validation # PSNR_Cover: 5.1212e+01, PSNR_Secret: 4.8121e+01, PSNR_Stego: 4.5215e+01
26-08-17 06:18:50.206 - INFO: <epoch:  8, iter: 133,100, lr:2.500e-05> l_back_rec: 3.9900e+02 l_forw_fit: 4.5825e+02 l_mi: 1.0000e+00 l_h: 6.0562e+03 
26-08-17 06:19:37.292 - INFO: <epoch:  8, iter: 133,200, lr:2.500e-05> l_back_rec: 4.0784e+02 l_forw_fit: 4.4961e+02 l_mi: 1.0000e+00 l_h: 6.0734e+03 
26-08-17 06:20:24.476 - INFO: <epoch:  8, iter: 133,300, lr:2.500e-05> l_back_rec: 4.4226e+02 l_forw_fit: 4.3431e+02 l_mi: 1.0000e+00 l_h: 5.9010e+03 
26-08-17 06:21:11.646 - INFO: <epoch:  8, iter: 133,400, lr:2.500e-05> l_back_rec: 3.9140e+02 l_forw_fit: 3.2996e+02 l_mi: 1.0000e+00 l_h: 4.8787e+03 
26-08-17 06:21:59.120 - INFO: <epoch:  8, iter: 133,500, lr:2.500e-05> l_back_rec: 3.9284e+02 l_forw_fit: 4.1651e+02 l_mi: 1.0000e+00 l_h: 5.9596e+03 
26-08-17 06:22:46.351 - INFO: <epoch:  8, iter: 133,600, lr:2.500e-05> l_back_rec: 4.5344e+02 l_forw_fit: 4.6159e+02 l_mi: 1.0000e+00 l_h: 6.3231e+03 
26-08-17 06:23:33.421 - INFO: <epoch:  8, iter: 133,700, lr:2.500e-05> l_back_rec: 3.7812e+02 l_forw_fit: 3.8077e+02 l_mi: 1.0000e+00 l_h: 5.4816e+03 
26-08-17 06:24:20.752 - INFO: <epoch:  8, iter: 133,800, lr:2.500e-05> l_back_rec: 4.3886e+02 l_forw_fit: 4.5919e+02 l_mi: 1.0000e+00 l_h: 6.8761e+03 
26-08-17 06:25:07.857 - INFO: <epoch:  8, iter: 133,900, lr:2.500e-05> l_back_rec: 4.5694e+02 l_forw_fit: 5.2743e+02 l_mi: 1.0000e+00 l_h: 7.0870e+03 
26-08-17 06:25:55.088 - INFO: <epoch:  8, iter: 134,000, lr:2.500e-05> l_back_rec: 4.6505e+02 l_forw_fit: 5.6378e+02 l_mi: 1.0000e+00 l_h: 7.8692e+03 
26-08-17 06:26:31.768 - INFO: # Validation # PSNR_Cover: 5.1250e+01, PSNR_Secret: 4.8107e+01, PSNR_Stego: 4.5051e+01
26-08-17 06:27:19.126 - INFO: <epoch:  8, iter: 134,100, lr:2.500e-05> l_back_rec: 3.7664e+02 l_forw_fit: 2.8480e+02 l_mi: 1.0000e+00 l_h: 4.6441e+03 
26-08-17 06:28:06.087 - INFO: <epoch:  8, iter: 134,200, lr:2.500e-05> l_back_rec: 3.8197e+02 l_forw_fit: 3.5029e+02 l_mi: 1.0000e+00 l_h: 5.2928e+03 
26-08-17 06:28:53.216 - INFO: <epoch:  8, iter: 134,300, lr:2.500e-05> l_back_rec: 4.9704e+02 l_forw_fit: 8.6115e+02 l_mi: 1.0000e+00 l_h: 9.7929e+03 
26-08-17 06:29:40.322 - INFO: <epoch:  8, iter: 134,400, lr:2.500e-05> l_back_rec: 4.2177e+02 l_forw_fit: 5.7960e+02 l_mi: 1.0000e+00 l_h: 6.9968e+03 
26-08-17 06:30:27.649 - INFO: <epoch:  8, iter: 134,500, lr:2.500e-05> l_back_rec: 4.2644e+02 l_forw_fit: 4.2840e+02 l_mi: 1.0000e+00 l_h: 6.2738e+03 
26-08-17 06:31:14.850 - INFO: <epoch:  8, iter: 134,600, lr:2.500e-05> l_back_rec: 4.0092e+02 l_forw_fit: 3.9765e+02 l_mi: 1.0000e+00 l_h: 5.9536e+03 
26-08-17 06:32:01.800 - INFO: <epoch:  8, iter: 134,700, lr:2.500e-05> l_back_rec: 4.1346e+02 l_forw_fit: 3.4791e+02 l_mi: 1.0000e+00 l_h: 5.4574e+03 
26-08-17 06:32:49.305 - INFO: <epoch:  8, iter: 134,800, lr:2.500e-05> l_back_rec: 4.2294e+02 l_forw_fit: 4.0277e+02 l_mi: 1.0000e+00 l_h: 6.3742e+03 
26-08-17 06:33:36.335 - INFO: <epoch:  8, iter: 134,900, lr:2.500e-05> l_back_rec: 3.8680e+02 l_forw_fit: 2.9635e+02 l_mi: 1.0000e+00 l_h: 4.8402e+03 
26-08-17 06:34:23.788 - INFO: <epoch:  8, iter: 135,000, lr:2.500e-05> l_back_rec: 4.0501e+02 l_forw_fit: 4.5605e+02 l_mi: 1.0000e+00 l_h: 6.1681e+03 
26-08-17 06:35:00.403 - INFO: # Validation # PSNR_Cover: 5.1319e+01, PSNR_Secret: 4.8134e+01, PSNR_Stego: 4.5316e+01
26-08-17 06:35:00.403 - INFO: Saving models and training states.
26-08-17 06:35:48.214 - INFO: <epoch:  8, iter: 135,100, lr:2.500e-05> l_back_rec: 4.7504e+02 l_forw_fit: 4.9481e+02 l_mi: 1.0000e+00 l_h: 5.9309e+03 
26-08-17 06:36:35.333 - INFO: <epoch:  8, iter: 135,200, lr:2.500e-05> l_back_rec: 4.2249e+02 l_forw_fit: 3.0753e+02 l_mi: 1.0000e+00 l_h: 4.8809e+03 
26-08-17 06:37:22.497 - INFO: <epoch:  8, iter: 135,300, lr:2.500e-05> l_back_rec: 4.5281e+02 l_forw_fit: 5.8301e+02 l_mi: 1.0000e+00 l_h: 7.2613e+03 
26-08-17 06:38:09.398 - INFO: <epoch:  8, iter: 135,400, lr:2.500e-05> l_back_rec: 4.1063e+02 l_forw_fit: 4.4266e+02 l_mi: 1.0000e+00 l_h: 5.8736e+03 
26-08-17 06:38:56.471 - INFO: <epoch:  8, iter: 135,500, lr:2.500e-05> l_back_rec: 4.7529e+02 l_forw_fit: 4.7119e+02 l_mi: 1.0000e+00 l_h: 6.2094e+03 
26-08-17 06:39:43.766 - INFO: <epoch:  8, iter: 135,600, lr:2.500e-05> l_back_rec: 4.4663e+02 l_forw_fit: 3.7053e+02 l_mi: 1.0000e+00 l_h: 5.6406e+03 
26-08-17 06:40:31.025 - INFO: <epoch:  8, iter: 135,700, lr:2.500e-05> l_back_rec: 3.7797e+02 l_forw_fit: 2.9727e+02 l_mi: 1.0000e+00 l_h: 4.7661e+03 
26-08-17 06:41:18.331 - INFO: <epoch:  8, iter: 135,800, lr:2.500e-05> l_back_rec: 4.4335e+02 l_forw_fit: 4.0696e+02 l_mi: 1.0000e+00 l_h: 5.9164e+03 
26-08-17 06:42:05.452 - INFO: <epoch:  8, iter: 135,900, lr:2.500e-05> l_back_rec: 6.0071e+02 l_forw_fit: 6.7529e+02 l_mi: 1.0000e+00 l_h: 8.9289e+03 
26-08-17 06:42:52.677 - INFO: <epoch:  8, iter: 136,000, lr:2.500e-05> l_back_rec: 4.4168e+02 l_forw_fit: 4.2088e+02 l_mi: 1.0000e+00 l_h: 5.7984e+03 
26-08-17 06:43:29.267 - INFO: # Validation # PSNR_Cover: 5.1393e+01, PSNR_Secret: 4.8136e+01, PSNR_Stego: 4.5307e+01
26-08-17 06:44:16.771 - INFO: <epoch:  8, iter: 136,100, lr:2.500e-05> l_back_rec: 4.2351e+02 l_forw_fit: 3.8263e+02 l_mi: 1.0000e+00 l_h: 5.4946e+03 
26-08-17 06:45:03.816 - INFO: <epoch:  8, iter: 136,200, lr:2.500e-05> l_back_rec: 4.2490e+02 l_forw_fit: 2.6399e+02 l_mi: 1.0000e+00 l_h: 4.2689e+03 
26-08-17 06:45:51.171 - INFO: <epoch:  8, iter: 136,300, lr:2.500e-05> l_back_rec: 4.9056e+02 l_forw_fit: 4.0593e+02 l_mi: 1.0000e+00 l_h: 6.0372e+03 
26-08-17 06:46:38.218 - INFO: <epoch:  8, iter: 136,400, lr:2.500e-05> l_back_rec: 4.1686e+02 l_forw_fit: 4.2395e+02 l_mi: 1.0000e+00 l_h: 6.2238e+03 
26-08-17 06:47:25.511 - INFO: <epoch:  8, iter: 136,500, lr:2.500e-05> l_back_rec: 4.3980e+02 l_forw_fit: 3.5055e+02 l_mi: 1.0000e+00 l_h: 5.2721e+03 
26-08-17 06:48:12.645 - INFO: <epoch:  8, iter: 136,600, lr:2.500e-05> l_back_rec: 4.7809e+02 l_forw_fit: 5.9557e+02 l_mi: 1.0000e+00 l_h: 7.5043e+03 
26-08-17 06:48:59.961 - INFO: <epoch:  8, iter: 136,700, lr:2.500e-05> l_back_rec: 4.8452e+02 l_forw_fit: 4.1883e+02 l_mi: 1.0000e+00 l_h: 6.0298e+03 
26-08-17 06:49:47.156 - INFO: <epoch:  8, iter: 136,800, lr:2.500e-05> l_back_rec: 3.8464e+02 l_forw_fit: 3.0828e+02 l_mi: 1.0000e+00 l_h: 5.3007e+03 
26-08-17 06:50:34.206 - INFO: <epoch:  8, iter: 136,900, lr:2.500e-05> l_back_rec: 3.9769e+02 l_forw_fit: 3.3682e+02 l_mi: 1.0000e+00 l_h: 5.7520e+03 
26-08-17 06:51:21.640 - INFO: <epoch:  8, iter: 137,000, lr:2.500e-05> l_back_rec: 4.0050e+02 l_forw_fit: 3.6582e+02 l_mi: 1.0000e+00 l_h: 5.8555e+03 
26-08-17 06:51:58.185 - INFO: # Validation # PSNR_Cover: 5.1309e+01, PSNR_Secret: 4.8087e+01, PSNR_Stego: 4.5379e+01
26-08-17 06:52:45.854 - INFO: <epoch:  8, iter: 137,100, lr:2.500e-05> l_back_rec: 3.8789e+02 l_forw_fit: 3.0087e+02 l_mi: 1.0000e+00 l_h: 4.7867e+03 
26-08-17 06:53:33.038 - INFO: <epoch:  8, iter: 137,200, lr:2.500e-05> l_back_rec: 4.6324e+02 l_forw_fit: 5.2728e+02 l_mi: 1.0000e+00 l_h: 6.8481e+03 
26-08-17 06:54:20.300 - INFO: <epoch:  8, iter: 137,300, lr:2.500e-05> l_back_rec: 4.3201e+02 l_forw_fit: 4.0923e+02 l_mi: 1.0000e+00 l_h: 6.2903e+03 
26-08-17 06:55:07.457 - INFO: <epoch:  8, iter: 137,400, lr:2.500e-05> l_back_rec: 4.8174e+02 l_forw_fit: 5.1040e+02 l_mi: 1.0000e+00 l_h: 6.5637e+03 
26-08-17 06:55:54.465 - INFO: <epoch:  8, iter: 137,500, lr:2.500e-05> l_back_rec: 4.7467e+02 l_forw_fit: 4.7646e+02 l_mi: 1.0000e+00 l_h: 6.3929e+03 
26-08-17 06:56:41.680 - INFO: <epoch:  8, iter: 137,600, lr:2.500e-05> l_back_rec: 5.1725e+02 l_forw_fit: 6.4931e+02 l_mi: 1.0000e+00 l_h: 7.7618e+03 
26-08-17 06:57:28.818 - INFO: <epoch:  8, iter: 137,700, lr:2.500e-05> l_back_rec: 4.9686e+02 l_forw_fit: 6.3659e+02 l_mi: 1.0000e+00 l_h: 8.4613e+03 
26-08-17 06:58:16.090 - INFO: <epoch:  8, iter: 137,800, lr:2.500e-05> l_back_rec: 3.8309e+02 l_forw_fit: 3.2093e+02 l_mi: 1.0000e+00 l_h: 5.3546e+03 
26-08-17 06:59:03.219 - INFO: <epoch:  8, iter: 137,900, lr:2.500e-05> l_back_rec: 4.7114e+02 l_forw_fit: 4.9691e+02 l_mi: 1.0000e+00 l_h: 6.8681e+03 
26-08-17 06:59:50.554 - INFO: <epoch:  8, iter: 138,000, lr:2.500e-05> l_back_rec: 3.9618e+02 l_forw_fit: 3.7481e+02 l_mi: 1.0000e+00 l_h: 5.8326e+03 
26-08-17 07:00:27.040 - INFO: # Validation # PSNR_Cover: 5.1295e+01, PSNR_Secret: 4.8040e+01, PSNR_Stego: 4.5258e+01
26-08-17 07:01:14.142 - INFO: <epoch:  8, iter: 138,100, lr:2.500e-05> l_back_rec: 4.4503e+02 l_forw_fit: 3.9618e+02 l_mi: 1.0000e+00 l_h: 5.4888e+03 
26-08-17 07:02:01.038 - INFO: <epoch:  8, iter: 138,200, lr:2.500e-05> l_back_rec: 3.9990e+02 l_forw_fit: 4.2945e+02 l_mi: 1.0000e+00 l_h: 5.7302e+03 
26-08-17 07:02:48.192 - INFO: <epoch:  8, iter: 138,300, lr:2.500e-05> l_back_rec: 4.6899e+02 l_forw_fit: 6.6309e+02 l_mi: 1.0000e+00 l_h: 6.1575e+03 
26-08-17 07:03:35.108 - INFO: <epoch:  8, iter: 138,400, lr:2.500e-05> l_back_rec: 3.8978e+02 l_forw_fit: 5.0106e+02 l_mi: 1.0000e+00 l_h: 5.8198e+03 
26-08-17 07:04:22.136 - INFO: <epoch:  8, iter: 138,500, lr:2.500e-05> l_back_rec: 3.9560e+02 l_forw_fit: 2.4020e+02 l_mi: 1.0000e+00 l_h: 4.5102e+03 
26-08-17 07:05:09.227 - INFO: <epoch:  8, iter: 138,600, lr:2.500e-05> l_back_rec: 5.1634e+02 l_forw_fit: 4.8737e+02 l_mi: 1.0000e+00 l_h: 6.0576e+03 
26-08-17 07:05:56.500 - INFO: <epoch:  8, iter: 138,700, lr:2.500e-05> l_back_rec: 4.6719e+02 l_forw_fit: 4.3825e+02 l_mi: 1.0000e+00 l_h: 6.8424e+03 
26-08-17 07:06:43.734 - INFO: <epoch:  8, iter: 138,800, lr:2.500e-05> l_back_rec: 3.9940e+02 l_forw_fit: 4.4292e+02 l_mi: 1.0000e+00 l_h: 6.2248e+03 
26-08-17 07:07:30.867 - INFO: <epoch:  8, iter: 138,900, lr:2.500e-05> l_back_rec: 3.8395e+02 l_forw_fit: 3.8071e+02 l_mi: 1.0000e+00 l_h: 5.4164e+03 
26-08-17 07:08:17.950 - INFO: <epoch:  8, iter: 139,000, lr:2.500e-05> l_back_rec: 5.7842e+02 l_forw_fit: 6.3218e+02 l_mi: 1.0000e+00 l_h: 7.1104e+03 
26-08-17 07:08:54.488 - INFO: # Validation # PSNR_Cover: 5.0984e+01, PSNR_Secret: 4.7967e+01, PSNR_Stego: 4.5277e+01
26-08-17 07:09:41.855 - INFO: <epoch:  8, iter: 139,100, lr:2.500e-05> l_back_rec: 5.0472e+02 l_forw_fit: 6.4670e+02 l_mi: 1.0000e+00 l_h: 7.8015e+03 
26-08-17 07:10:28.948 - INFO: <epoch:  8, iter: 139,200, lr:2.500e-05> l_back_rec: 4.1553e+02 l_forw_fit: 7.1461e+02 l_mi: 1.0000e+00 l_h: 7.1951e+03 
26-08-17 07:11:16.113 - INFO: <epoch:  8, iter: 139,300, lr:2.500e-05> l_back_rec: 4.3577e+02 l_forw_fit: 4.0948e+02 l_mi: 1.0000e+00 l_h: 5.8071e+03 
26-08-17 07:12:03.126 - INFO: <epoch:  8, iter: 139,400, lr:2.500e-05> l_back_rec: 4.1383e+02 l_forw_fit: 2.7332e+02 l_mi: 1.0000e+00 l_h: 4.6055e+03 
26-08-17 07:12:50.231 - INFO: <epoch:  8, iter: 139,500, lr:2.500e-05> l_back_rec: 4.9421e+02 l_forw_fit: 5.8050e+02 l_mi: 1.0000e+00 l_h: 7.4067e+03 
26-08-17 07:13:37.293 - INFO: <epoch:  8, iter: 139,600, lr:2.500e-05> l_back_rec: 4.1352e+02 l_forw_fit: 2.7977e+02 l_mi: 1.0000e+00 l_h: 4.5842e+03 
26-08-17 07:14:24.729 - INFO: <epoch:  8, iter: 139,700, lr:2.500e-05> l_back_rec: 6.2042e+02 l_forw_fit: 7.2811e+02 l_mi: 1.0000e+00 l_h: 7.6507e+03 
26-08-17 07:15:11.919 - INFO: <epoch:  8, iter: 139,800, lr:2.500e-05> l_back_rec: 3.8510e+02 l_forw_fit: 3.1981e+02 l_mi: 1.0000e+00 l_h: 4.8611e+03 
26-08-17 07:15:59.113 - INFO: <epoch:  8, iter: 139,900, lr:2.500e-05> l_back_rec: 4.6275e+02 l_forw_fit: 4.6140e+02 l_mi: 1.0000e+00 l_h: 6.7428e+03 
26-08-17 07:16:46.186 - INFO: <epoch:  8, iter: 140,000, lr:2.500e-05> l_back_rec: 4.3091e+02 l_forw_fit: 5.6113e+02 l_mi: 1.0000e+00 l_h: 6.5411e+03 
26-08-17 07:17:22.934 - INFO: # Validation # PSNR_Cover: 5.1110e+01, PSNR_Secret: 4.8185e+01, PSNR_Stego: 4.5058e+01
26-08-17 07:17:22.935 - INFO: Saving models and training states.
26-08-17 07:18:10.651 - INFO: <epoch:  8, iter: 140,100, lr:2.500e-05> l_back_rec: 4.0811e+02 l_forw_fit: 3.8084e+02 l_mi: 1.0000e+00 l_h: 5.2447e+03 
26-08-17 07:18:57.894 - INFO: <epoch:  8, iter: 140,200, lr:2.500e-05> l_back_rec: 4.0765e+02 l_forw_fit: 3.9349e+02 l_mi: 1.0000e+00 l_h: 5.8111e+03 
26-08-17 07:19:45.181 - INFO: <epoch:  8, iter: 140,300, lr:2.500e-05> l_back_rec: 4.8435e+02 l_forw_fit: 7.2702e+02 l_mi: 1.0000e+00 l_h: 7.7122e+03 
26-08-17 07:20:32.418 - INFO: <epoch:  8, iter: 140,400, lr:2.500e-05> l_back_rec: 3.9151e+02 l_forw_fit: 3.1549e+02 l_mi: 1.0000e+00 l_h: 5.4407e+03 
26-08-17 07:21:19.709 - INFO: <epoch:  8, iter: 140,500, lr:2.500e-05> l_back_rec: 4.4812e+02 l_forw_fit: 5.2933e+02 l_mi: 1.0000e+00 l_h: 6.2874e+03 
26-08-17 07:22:06.750 - INFO: <epoch:  8, iter: 140,600, lr:2.500e-05> l_back_rec: 4.5361e+02 l_forw_fit: 3.2964e+02 l_mi: 1.0000e+00 l_h: 5.2967e+03 
26-08-17 07:22:53.980 - INFO: <epoch:  8, iter: 140,700, lr:2.500e-05> l_back_rec: 3.6222e+02 l_forw_fit: 2.8702e+02 l_mi: 1.0000e+00 l_h: 4.5606e+03 
26-08-17 07:23:41.001 - INFO: <epoch:  8, iter: 140,800, lr:2.500e-05> l_back_rec: 3.7172e+02 l_forw_fit: 2.8328e+02 l_mi: 1.0000e+00 l_h: 4.8238e+03 
26-08-17 07:24:28.056 - INFO: <epoch:  8, iter: 140,900, lr:2.500e-05> l_back_rec: 4.4554e+02 l_forw_fit: 5.2697e+02 l_mi: 1.0000e+00 l_h: 6.6331e+03 
26-08-17 07:25:15.226 - INFO: <epoch:  8, iter: 141,000, lr:2.500e-05> l_back_rec: 4.1670e+02 l_forw_fit: 4.8948e+02 l_mi: 1.0000e+00 l_h: 7.1831e+03 
26-08-17 07:25:51.782 - INFO: # Validation # PSNR_Cover: 5.1418e+01, PSNR_Secret: 4.8162e+01, PSNR_Stego: 4.5183e+01
26-08-17 07:26:39.006 - INFO: <epoch:  8, iter: 141,100, lr:2.500e-05> l_back_rec: 4.1540e+02 l_forw_fit: 4.3229e+02 l_mi: 1.0000e+00 l_h: 6.4621e+03 
26-08-17 07:27:26.238 - INFO: <epoch:  8, iter: 141,200, lr:2.500e-05> l_back_rec: 4.5041e+02 l_forw_fit: 4.5870e+02 l_mi: 1.0000e+00 l_h: 6.8472e+03 
26-08-17 07:28:13.378 - INFO: <epoch:  8, iter: 141,300, lr:2.500e-05> l_back_rec: 5.0774e+02 l_forw_fit: 5.2679e+02 l_mi: 1.0000e+00 l_h: 7.6414e+03 
26-08-17 07:29:00.283 - INFO: <epoch:  8, iter: 141,400, lr:2.500e-05> l_back_rec: 3.7069e+02 l_forw_fit: 3.0901e+02 l_mi: 1.0000e+00 l_h: 5.0724e+03 
26-08-17 07:29:47.449 - INFO: <epoch:  8, iter: 141,500, lr:2.500e-05> l_back_rec: 4.0419e+02 l_forw_fit: 2.3422e+02 l_mi: 1.0000e+00 l_h: 4.3679e+03 
26-08-17 07:30:34.491 - INFO: <epoch:  8, iter: 141,600, lr:2.500e-05> l_back_rec: 4.5351e+02 l_forw_fit: 4.6181e+02 l_mi: 1.0000e+00 l_h: 6.6656e+03 
26-08-17 07:31:21.704 - INFO: <epoch:  8, iter: 141,700, lr:2.500e-05> l_back_rec: 3.6555e+02 l_forw_fit: 3.8645e+02 l_mi: 1.0000e+00 l_h: 5.7481e+03 
26-08-17 07:32:08.583 - INFO: <epoch:  8, iter: 141,800, lr:2.500e-05> l_back_rec: 4.5061e+02 l_forw_fit: 3.9883e+02 l_mi: 1.0000e+00 l_h: 5.5220e+03 
26-08-17 07:32:56.053 - INFO: <epoch:  8, iter: 141,900, lr:2.500e-05> l_back_rec: 3.4715e+02 l_forw_fit: 3.0208e+02 l_mi: 1.0000e+00 l_h: 4.9960e+03 
26-08-17 07:33:43.331 - INFO: <epoch:  8, iter: 142,000, lr:2.500e-05> l_back_rec: 3.8253e+02 l_forw_fit: 4.0608e+02 l_mi: 1.0000e+00 l_h: 5.6998e+03 
26-08-17 07:34:19.883 - INFO: # Validation # PSNR_Cover: 5.1398e+01, PSNR_Secret: 4.8149e+01, PSNR_Stego: 4.5257e+01
26-08-17 07:35:07.112 - INFO: <epoch:  8, iter: 142,100, lr:2.500e-05> l_back_rec: 4.5233e+02 l_forw_fit: 5.1390e+02 l_mi: 1.0000e+00 l_h: 6.6966e+03 
26-08-17 07:35:54.503 - INFO: <epoch:  8, iter: 142,200, lr:2.500e-05> l_back_rec: 4.1329e+02 l_forw_fit: 3.6969e+02 l_mi: 1.0000e+00 l_h: 5.2920e+03 
26-08-17 07:36:41.491 - INFO: <epoch:  8, iter: 142,300, lr:2.500e-05> l_back_rec: 5.4997e+02 l_forw_fit: 5.3456e+02 l_mi: 1.0000e+00 l_h: 6.6642e+03 
26-08-17 07:37:28.516 - INFO: <epoch:  8, iter: 142,400, lr:2.500e-05> l_back_rec: 3.6289e+02 l_forw_fit: 2.7148e+02 l_mi: 1.0000e+00 l_h: 4.5640e+03 
26-08-17 07:38:15.706 - INFO: <epoch:  8, iter: 142,500, lr:2.500e-05> l_back_rec: 4.2216e+02 l_forw_fit: 3.8674e+02 l_mi: 1.0000e+00 l_h: 5.6159e+03 
26-08-17 07:39:02.806 - INFO: <epoch:  8, iter: 142,600, lr:2.500e-05> l_back_rec: 5.9918e+02 l_forw_fit: 8.6636e+02 l_mi: 1.0000e+00 l_h: 8.7706e+03 
26-08-17 07:39:50.086 - INFO: <epoch:  8, iter: 142,700, lr:2.500e-05> l_back_rec: 4.3764e+02 l_forw_fit: 3.7481e+02 l_mi: 1.0000e+00 l_h: 5.8626e+03 
26-08-17 07:40:37.158 - INFO: <epoch:  8, iter: 142,800, lr:2.500e-05> l_back_rec: 3.7554e+02 l_forw_fit: 2.8611e+02 l_mi: 1.0000e+00 l_h: 4.8114e+03 
26-08-17 07:41:24.462 - INFO: <epoch:  8, iter: 142,900, lr:2.500e-05> l_back_rec: 3.8706e+02 l_forw_fit: 2.9684e+02 l_mi: 1.0000e+00 l_h: 4.7033e+03 
26-08-17 07:42:11.833 - INFO: <epoch:  8, iter: 143,000, lr:2.500e-05> l_back_rec: 4.2101e+02 l_forw_fit: 3.9593e+02 l_mi: 1.0000e+00 l_h: 5.4880e+03 
26-08-17 07:42:48.333 - INFO: # Validation # PSNR_Cover: 5.1273e+01, PSNR_Secret: 4.8198e+01, PSNR_Stego: 4.5060e+01
26-08-17 07:43:35.794 - INFO: <epoch:  8, iter: 143,100, lr:2.500e-05> l_back_rec: 4.8658e+02 l_forw_fit: 5.0937e+02 l_mi: 1.0000e+00 l_h: 7.1377e+03 
26-08-17 07:44:23.203 - INFO: <epoch:  8, iter: 143,200, lr:2.500e-05> l_back_rec: 4.4674e+02 l_forw_fit: 3.3823e+02 l_mi: 1.0000e+00 l_h: 5.3591e+03 
26-08-17 07:45:10.386 - INFO: <epoch:  8, iter: 143,300, lr:2.500e-05> l_back_rec: 4.4104e+02 l_forw_fit: 4.3807e+02 l_mi: 1.0000e+00 l_h: 6.1144e+03 
26-08-17 07:45:57.612 - INFO: <epoch:  8, iter: 143,400, lr:2.500e-05> l_back_rec: 4.6819e+02 l_forw_fit: 4.1809e+02 l_mi: 1.0000e+00 l_h: 6.0706e+03 
26-08-17 07:46:44.879 - INFO: <epoch:  8, iter: 143,500, lr:2.500e-05> l_back_rec: 4.4658e+02 l_forw_fit: 5.6198e+02 l_mi: 1.0000e+00 l_h: 7.3838e+03 
26-08-17 07:47:32.170 - INFO: <epoch:  8, iter: 143,600, lr:2.500e-05> l_back_rec: 4.1436e+02 l_forw_fit: 3.7410e+02 l_mi: 1.0000e+00 l_h: 5.3620e+03 
26-08-17 07:48:19.509 - INFO: <epoch:  8, iter: 143,700, lr:2.500e-05> l_back_rec: 4.2081e+02 l_forw_fit: 2.7007e+02 l_mi: 1.0000e+00 l_h: 4.6282e+03 
26-08-17 07:49:06.755 - INFO: <epoch:  8, iter: 143,800, lr:2.500e-05> l_back_rec: 4.6377e+02 l_forw_fit: 5.6494e+02 l_mi: 1.0000e+00 l_h: 6.9391e+03 
26-08-17 07:49:54.510 - INFO: <epoch:  8, iter: 143,900, lr:2.500e-05> l_back_rec: 3.5712e+02 l_forw_fit: 2.3016e+02 l_mi: 1.0000e+00 l_h: 4.4357e+03 
26-08-17 07:50:41.736 - INFO: <epoch:  8, iter: 144,000, lr:2.500e-05> l_back_rec: 3.6197e+02 l_forw_fit: 3.0480e+02 l_mi: 1.0000e+00 l_h: 4.7415e+03 
26-08-17 07:51:18.256 - INFO: # Validation # PSNR_Cover: 5.1342e+01, PSNR_Secret: 4.8103e+01, PSNR_Stego: 4.5310e+01
26-08-17 07:52:05.697 - INFO: <epoch:  8, iter: 144,100, lr:2.500e-05> l_back_rec: 4.5894e+02 l_forw_fit: 4.2344e+02 l_mi: 1.0000e+00 l_h: 6.0491e+03 
26-08-17 07:52:53.035 - INFO: <epoch:  8, iter: 144,200, lr:2.500e-05> l_back_rec: 4.2885e+02 l_forw_fit: 4.6103e+02 l_mi: 1.0000e+00 l_h: 6.4335e+03 
26-08-17 07:53:39.927 - INFO: <epoch:  8, iter: 144,300, lr:2.500e-05> l_back_rec: 4.7261e+02 l_forw_fit: 3.5039e+02 l_mi: 1.0000e+00 l_h: 5.2963e+03 
26-08-17 07:54:27.071 - INFO: <epoch:  8, iter: 144,400, lr:2.500e-05> l_back_rec: 4.2924e+02 l_forw_fit: 4.4074e+02 l_mi: 1.0000e+00 l_h: 5.9955e+03 
26-08-17 07:55:14.277 - INFO: <epoch:  8, iter: 144,500, lr:2.500e-05> l_back_rec: 4.6692e+02 l_forw_fit: 6.2662e+02 l_mi: 1.0000e+00 l_h: 8.3535e+03 
26-08-17 07:56:01.448 - INFO: <epoch:  8, iter: 144,600, lr:2.500e-05> l_back_rec: 5.0588e+02 l_forw_fit: 6.4357e+02 l_mi: 1.0000e+00 l_h: 7.4638e+03 
26-08-17 07:56:48.727 - INFO: <epoch:  8, iter: 144,700, lr:2.500e-05> l_back_rec: 4.4153e+02 l_forw_fit: 3.6623e+02 l_mi: 1.0000e+00 l_h: 6.0987e+03 
26-08-17 07:57:35.880 - INFO: <epoch:  8, iter: 144,800, lr:2.500e-05> l_back_rec: 3.7804e+02 l_forw_fit: 2.6484e+02 l_mi: 1.0000e+00 l_h: 4.4830e+03 
26-08-17 07:58:23.153 - INFO: <epoch:  8, iter: 144,900, lr:2.500e-05> l_back_rec: 4.4865e+02 l_forw_fit: 3.8308e+02 l_mi: 1.0000e+00 l_h: 5.8914e+03 
26-08-17 07:59:11.883 - INFO: <epoch:  8, iter: 145,000, lr:2.500e-05> l_back_rec: 4.0098e+02 l_forw_fit: 4.7960e+02 l_mi: 1.0000e+00 l_h: 6.1650e+03 
26-08-17 07:59:49.574 - INFO: # Validation # PSNR_Cover: 5.1238e+01, PSNR_Secret: 4.8146e+01, PSNR_Stego: 4.5092e+01
26-08-17 07:59:49.574 - INFO: Saving models and training states.
26-08-17 08:00:39.659 - INFO: <epoch:  8, iter: 145,100, lr:2.500e-05> l_back_rec: 4.1045e+02 l_forw_fit: 5.0040e+02 l_mi: 1.0000e+00 l_h: 6.1663e+03 
26-08-17 08:01:30.229 - INFO: <epoch:  8, iter: 145,200, lr:2.500e-05> l_back_rec: 3.9925e+02 l_forw_fit: 3.7863e+02 l_mi: 1.0000e+00 l_h: 5.8642e+03 
26-08-17 08:02:19.793 - INFO: <epoch:  8, iter: 145,300, lr:2.500e-05> l_back_rec: 5.0942e+02 l_forw_fit: 5.8555e+02 l_mi: 1.0000e+00 l_h: 6.6832e+03 
26-08-17 08:04:16.715 - INFO: <epoch:  9, iter: 145,400, lr:2.500e-05> l_back_rec: 4.5930e+02 l_forw_fit: 5.3284e+02 l_mi: 1.0000e+00 l_h: 6.6535e+03 
26-08-17 08:05:06.008 - INFO: <epoch:  9, iter: 145,500, lr:2.500e-05> l_back_rec: 4.2502e+02 l_forw_fit: 4.1922e+02 l_mi: 1.0000e+00 l_h: 5.5328e+03 
26-08-17 08:05:55.657 - INFO: <epoch:  9, iter: 145,600, lr:2.500e-05> l_back_rec: 4.5027e+02 l_forw_fit: 4.3320e+02 l_mi: 1.0000e+00 l_h: 5.7780e+03 
26-08-17 08:06:43.707 - INFO: <epoch:  9, iter: 145,700, lr:2.500e-05> l_back_rec: 4.2561e+02 l_forw_fit: 4.9032e+02 l_mi: 1.0000e+00 l_h: 6.1048e+03 
26-08-17 08:07:32.633 - INFO: <epoch:  9, iter: 145,800, lr:2.500e-05> l_back_rec: 4.5071e+02 l_forw_fit: 5.4541e+02 l_mi: 1.0000e+00 l_h: 6.7584e+03 
26-08-17 08:08:21.689 - INFO: <epoch:  9, iter: 145,900, lr:2.500e-05> l_back_rec: 4.2176e+02 l_forw_fit: 3.9054e+02 l_mi: 1.0000e+00 l_h: 5.4684e+03 
26-08-17 08:09:10.532 - INFO: <epoch:  9, iter: 146,000, lr:2.500e-05> l_back_rec: 4.1396e+02 l_forw_fit: 3.5418e+02 l_mi: 1.0000e+00 l_h: 4.7216e+03 
26-08-17 08:09:47.545 - INFO: # Validation # PSNR_Cover: 5.1338e+01, PSNR_Secret: 4.8189e+01, PSNR_Stego: 4.5281e+01
26-08-17 08:10:36.453 - INFO: <epoch:  9, iter: 146,100, lr:2.500e-05> l_back_rec: 3.8476e+02 l_forw_fit: 3.0168e+02 l_mi: 1.0000e+00 l_h: 4.9550e+03 
26-08-17 08:11:25.746 - INFO: <epoch:  9, iter: 146,200, lr:2.500e-05> l_back_rec: 3.4394e+02 l_forw_fit: 2.4948e+02 l_mi: 1.0000e+00 l_h: 4.4974e+03 
26-08-17 08:12:14.818 - INFO: <epoch:  9, iter: 146,300, lr:2.500e-05> l_back_rec: 4.2757e+02 l_forw_fit: 4.8490e+02 l_mi: 1.0000e+00 l_h: 5.7080e+03 
26-08-17 08:13:03.674 - INFO: <epoch:  9, iter: 146,400, lr:2.500e-05> l_back_rec: 3.9732e+02 l_forw_fit: 3.7013e+02 l_mi: 1.0000e+00 l_h: 5.6824e+03 
26-08-17 08:13:52.662 - INFO: <epoch:  9, iter: 146,500, lr:2.500e-05> l_back_rec: 4.2141e+02 l_forw_fit: 3.1610e+02 l_mi: 1.0000e+00 l_h: 5.0952e+03 
26-08-17 08:14:41.665 - INFO: <epoch:  9, iter: 146,600, lr:2.500e-05> l_back_rec: 4.2260e+02 l_forw_fit: 3.5919e+02 l_mi: 1.0000e+00 l_h: 5.4981e+03 
26-08-17 08:15:30.752 - INFO: <epoch:  9, iter: 146,700, lr:2.500e-05> l_back_rec: 3.8428e+02 l_forw_fit: 3.1367e+02 l_mi: 1.0000e+00 l_h: 5.1140e+03 
26-08-17 08:16:19.830 - INFO: <epoch:  9, iter: 146,800, lr:2.500e-05> l_back_rec: 4.1138e+02 l_forw_fit: 3.8060e+02 l_mi: 1.0000e+00 l_h: 5.5335e+03 
26-08-17 08:17:08.804 - INFO: <epoch:  9, iter: 146,900, lr:2.500e-05> l_back_rec: 3.7255e+02 l_forw_fit: 4.1317e+02 l_mi: 1.0000e+00 l_h: 5.4445e+03 
26-08-17 08:17:57.773 - INFO: <epoch:  9, iter: 147,000, lr:2.500e-05> l_back_rec: 4.5828e+02 l_forw_fit: 6.9921e+02 l_mi: 1.0000e+00 l_h: 7.1519e+03 
26-08-17 08:18:34.993 - INFO: # Validation # PSNR_Cover: 5.1336e+01, PSNR_Secret: 4.8287e+01, PSNR_Stego: 4.5067e+01
26-08-17 08:19:24.027 - INFO: <epoch:  9, iter: 147,100, lr:2.500e-05> l_back_rec: 3.9207e+02 l_forw_fit: 3.2044e+02 l_mi: 1.0000e+00 l_h: 5.2693e+03 
26-08-17 08:20:13.015 - INFO: <epoch:  9, iter: 147,200, lr:2.500e-05> l_back_rec: 4.4108e+02 l_forw_fit: 4.4867e+02 l_mi: 1.0000e+00 l_h: 6.2464e+03 
26-08-17 08:21:03.143 - INFO: <epoch:  9, iter: 147,300, lr:2.500e-05> l_back_rec: 3.9270e+02 l_forw_fit: 4.2889e+02 l_mi: 1.0000e+00 l_h: 6.2607e+03 
26-08-17 08:21:53.307 - INFO: <epoch:  9, iter: 147,400, lr:2.500e-05> l_back_rec: 4.0011e+02 l_forw_fit: 3.6921e+02 l_mi: 1.0000e+00 l_h: 5.4005e+03 
26-08-17 08:22:43.137 - INFO: <epoch:  9, iter: 147,500, lr:2.500e-05> l_back_rec: 4.6097e+02 l_forw_fit: 3.8707e+02 l_mi: 1.0000e+00 l_h: 5.9930e+03 
26-08-17 08:23:32.168 - INFO: <epoch:  9, iter: 147,600, lr:2.500e-05> l_back_rec: 3.8659e+02 l_forw_fit: 2.8034e+02 l_mi: 1.0000e+00 l_h: 4.6206e+03 
26-08-17 08:24:21.238 - INFO: <epoch:  9, iter: 147,700, lr:2.500e-05> l_back_rec: 4.6273e+02 l_forw_fit: 3.6861e+02 l_mi: 1.0000e+00 l_h: 5.6805e+03 
26-08-17 08:25:10.272 - INFO: <epoch:  9, iter: 147,800, lr:2.500e-05> l_back_rec: 4.4038e+02 l_forw_fit: 4.1674e+02 l_mi: 1.0000e+00 l_h: 5.8893e+03 
26-08-17 08:25:59.489 - INFO: <epoch:  9, iter: 147,900, lr:2.500e-05> l_back_rec: 5.1072e+02 l_forw_fit: 5.5661e+02 l_mi: 1.0000e+00 l_h: 7.3398e+03 
26-08-17 08:26:48.836 - INFO: <epoch:  9, iter: 148,000, lr:2.500e-05> l_back_rec: 4.8802e+02 l_forw_fit: 4.4322e+02 l_mi: 1.0000e+00 l_h: 6.0463e+03 
26-08-17 08:27:26.319 - INFO: # Validation # PSNR_Cover: 5.1403e+01, PSNR_Secret: 4.8316e+01, PSNR_Stego: 4.5219e+01
26-08-17 08:28:15.593 - INFO: <epoch:  9, iter: 148,100, lr:2.500e-05> l_back_rec: 4.1751e+02 l_forw_fit: 4.2484e+02 l_mi: 1.0000e+00 l_h: 5.7998e+03 
26-08-17 08:29:04.740 - INFO: <epoch:  9, iter: 148,200, lr:2.500e-05> l_back_rec: 4.3397e+02 l_forw_fit: 3.5931e+02 l_mi: 1.0000e+00 l_h: 5.1456e+03 
26-08-17 08:29:53.842 - INFO: <epoch:  9, iter: 148,300, lr:2.500e-05> l_back_rec: 3.6200e+02 l_forw_fit: 2.7275e+02 l_mi: 1.0000e+00 l_h: 4.6117e+03 
26-08-17 08:30:42.865 - INFO: <epoch:  9, iter: 148,400, lr:2.500e-05> l_back_rec: 4.4013e+02 l_forw_fit: 4.0064e+02 l_mi: 1.0000e+00 l_h: 6.1717e+03 
26-08-17 08:31:32.080 - INFO: <epoch:  9, iter: 148,500, lr:2.500e-05> l_back_rec: 4.2134e+02 l_forw_fit: 3.4186e+02 l_mi: 1.0000e+00 l_h: 5.3908e+03 
26-08-17 08:32:21.217 - INFO: <epoch:  9, iter: 148,600, lr:2.500e-05> l_back_rec: 4.2541e+02 l_forw_fit: 4.5414e+02 l_mi: 1.0000e+00 l_h: 6.7218e+03 
26-08-17 08:33:11.887 - INFO: <epoch:  9, iter: 148,700, lr:2.500e-05> l_back_rec: 3.5681e+02 l_forw_fit: 2.7298e+02 l_mi: 1.0000e+00 l_h: 4.7850e+03 
26-08-17 08:34:02.922 - INFO: <epoch:  9, iter: 148,800, lr:2.500e-05> l_back_rec: 3.6050e+02 l_forw_fit: 2.8861e+02 l_mi: 1.0000e+00 l_h: 4.4698e+03 
26-08-17 08:34:51.907 - INFO: <epoch:  9, iter: 148,900, lr:2.500e-05> l_back_rec: 3.8963e+02 l_forw_fit: 4.3873e+02 l_mi: 1.0000e+00 l_h: 5.6551e+03 
26-08-17 08:35:43.741 - INFO: <epoch:  9, iter: 149,000, lr:2.500e-05> l_back_rec: 4.6320e+02 l_forw_fit: 4.3499e+02 l_mi: 1.0000e+00 l_h: 5.6566e+03 
26-08-17 08:36:22.907 - INFO: # Validation # PSNR_Cover: 5.1283e+01, PSNR_Secret: 4.8250e+01, PSNR_Stego: 4.4975e+01
26-08-17 08:37:13.080 - INFO: <epoch:  9, iter: 149,100, lr:2.500e-05> l_back_rec: 4.4063e+02 l_forw_fit: 4.4428e+02 l_mi: 1.0000e+00 l_h: 6.3117e+03 
26-08-17 08:38:03.938 - INFO: <epoch:  9, iter: 149,200, lr:2.500e-05> l_back_rec: 4.2112e+02 l_forw_fit: 2.7298e+02 l_mi: 1.0000e+00 l_h: 5.0661e+03 
26-08-17 08:38:56.090 - INFO: <epoch:  9, iter: 149,300, lr:2.500e-05> l_back_rec: 3.9262e+02 l_forw_fit: 2.8511e+02 l_mi: 1.0000e+00 l_h: 4.7746e+03 
26-08-17 08:39:48.108 - INFO: <epoch:  9, iter: 149,400, lr:2.500e-05> l_back_rec: 4.3056e+02 l_forw_fit: 3.3712e+02 l_mi: 1.0000e+00 l_h: 5.6874e+03 
26-08-17 08:40:38.754 - INFO: <epoch:  9, iter: 149,500, lr:2.500e-05> l_back_rec: 4.4966e+02 l_forw_fit: 5.1836e+02 l_mi: 1.0000e+00 l_h: 6.9811e+03 
26-08-17 08:41:31.158 - INFO: <epoch:  9, iter: 149,600, lr:2.500e-05> l_back_rec: 4.2757e+02 l_forw_fit: 4.8144e+02 l_mi: 1.0000e+00 l_h: 6.6130e+03 
26-08-17 08:42:22.737 - INFO: <epoch:  9, iter: 149,700, lr:2.500e-05> l_back_rec: 4.4742e+02 l_forw_fit: 4.2799e+02 l_mi: 1.0000e+00 l_h: 4.9035e+03 
26-08-17 08:43:13.484 - INFO: <epoch:  9, iter: 149,800, lr:2.500e-05> l_back_rec: 3.8147e+02 l_forw_fit: 2.8536e+02 l_mi: 1.0000e+00 l_h: 4.9261e+03 
26-08-17 08:44:03.652 - INFO: <epoch:  9, iter: 149,900, lr:2.500e-05> l_back_rec: 3.8613e+02 l_forw_fit: 2.4283e+02 l_mi: 1.0000e+00 l_h: 4.2016e+03 
26-08-17 08:44:54.393 - INFO: <epoch:  9, iter: 150,000, lr:2.500e-05> l_back_rec: 3.8933e+02 l_forw_fit: 3.0532e+02 l_mi: 1.0000e+00 l_h: 4.8769e+03 
26-08-17 08:45:32.713 - INFO: # Validation # PSNR_Cover: 5.1304e+01, PSNR_Secret: 4.8180e+01, PSNR_Stego: 4.5107e+01
26-08-17 08:45:32.714 - INFO: Saving models and training states.
26-08-17 08:46:24.285 - INFO: <epoch:  9, iter: 150,100, lr:2.500e-05> l_back_rec: 3.6183e+02 l_forw_fit: 3.2057e+02 l_mi: 1.0000e+00 l_h: 5.2198e+03 
26-08-17 08:47:15.074 - INFO: <epoch:  9, iter: 150,200, lr:2.500e-05> l_back_rec: 4.3659e+02 l_forw_fit: 4.2505e+02 l_mi: 1.0000e+00 l_h: 5.4168e+03 
26-08-17 08:48:06.286 - INFO: <epoch:  9, iter: 150,300, lr:2.500e-05> l_back_rec: 4.8488e+02 l_forw_fit: 7.0892e+02 l_mi: 1.0000e+00 l_h: 7.9381e+03 
26-08-17 08:48:58.043 - INFO: <epoch:  9, iter: 150,400, lr:2.500e-05> l_back_rec: 4.0686e+02 l_forw_fit: 3.2169e+02 l_mi: 1.0000e+00 l_h: 5.2313e+03 
26-08-17 08:49:49.307 - INFO: <epoch:  9, iter: 150,500, lr:2.500e-05> l_back_rec: 4.1218e+02 l_forw_fit: 3.6230e+02 l_mi: 1.0000e+00 l_h: 5.5453e+03 
26-08-17 08:50:40.120 - INFO: <epoch:  9, iter: 150,600, lr:2.500e-05> l_back_rec: 3.8618e+02 l_forw_fit: 3.3665e+02 l_mi: 1.0000e+00 l_h: 5.3574e+03 
26-08-17 08:51:31.116 - INFO: <epoch:  9, iter: 150,700, lr:2.500e-05> l_back_rec: 4.0006e+02 l_forw_fit: 4.3086e+02 l_mi: 1.0000e+00 l_h: 5.6455e+03 
26-08-17 08:52:22.082 - INFO: <epoch:  9, iter: 150,800, lr:2.500e-05> l_back_rec: 4.0400e+02 l_forw_fit: 3.8961e+02 l_mi: 1.0000e+00 l_h: 5.8654e+03 
26-08-17 08:53:13.392 - INFO: <epoch:  9, iter: 150,900, lr:2.500e-05> l_back_rec: 4.4607e+02 l_forw_fit: 4.5726e+02 l_mi: 1.0000e+00 l_h: 6.3470e+03 
26-08-17 08:54:04.506 - INFO: <epoch:  9, iter: 151,000, lr:2.500e-05> l_back_rec: 3.9914e+02 l_forw_fit: 4.0977e+02 l_mi: 1.0000e+00 l_h: 5.5229e+03 
26-08-17 08:54:43.227 - INFO: # Validation # PSNR_Cover: 5.1362e+01, PSNR_Secret: 4.8183e+01, PSNR_Stego: 4.5339e+01
26-08-17 08:55:34.234 - INFO: <epoch:  9, iter: 151,100, lr:2.500e-05> l_back_rec: 4.3802e+02 l_forw_fit: 4.9072e+02 l_mi: 1.0000e+00 l_h: 6.7349e+03 
26-08-17 08:56:25.164 - INFO: <epoch:  9, iter: 151,200, lr:2.500e-05> l_back_rec: 4.1875e+02 l_forw_fit: 4.1320e+02 l_mi: 1.0000e+00 l_h: 6.0150e+03 
26-08-17 08:57:16.238 - INFO: <epoch:  9, iter: 151,300, lr:2.500e-05> l_back_rec: 5.1341e+02 l_forw_fit: 4.0193e+02 l_mi: 1.0000e+00 l_h: 5.6994e+03 
26-08-17 08:58:07.063 - INFO: <epoch:  9, iter: 151,400, lr:2.500e-05> l_back_rec: 4.3595e+02 l_forw_fit: 5.6051e+02 l_mi: 1.0000e+00 l_h: 6.3355e+03 
26-08-17 08:58:58.222 - INFO: <epoch:  9, iter: 151,500, lr:2.500e-05> l_back_rec: 3.9228e+02 l_forw_fit: 3.5125e+02 l_mi: 1.0000e+00 l_h: 5.1841e+03 
26-08-17 08:59:49.520 - INFO: <epoch:  9, iter: 151,600, lr:2.500e-05> l_back_rec: 3.6957e+02 l_forw_fit: 4.0689e+02 l_mi: 1.0000e+00 l_h: 5.7621e+03 
26-08-17 09:00:40.089 - INFO: <epoch:  9, iter: 151,700, lr:2.500e-05> l_back_rec: 3.9466e+02 l_forw_fit: 3.7917e+02 l_mi: 1.0000e+00 l_h: 5.8809e+03 
26-08-17 09:01:31.017 - INFO: <epoch:  9, iter: 151,800, lr:2.500e-05> l_back_rec: 3.9651e+02 l_forw_fit: 4.1328e+02 l_mi: 1.0000e+00 l_h: 6.0057e+03 
26-08-17 09:02:21.502 - INFO: <epoch:  9, iter: 151,900, lr:2.500e-05> l_back_rec: 5.2406e+02 l_forw_fit: 9.4526e+02 l_mi: 1.0000e+00 l_h: 9.6047e+03 
26-08-17 09:03:09.574 - INFO: <epoch:  9, iter: 152,000, lr:2.500e-05> l_back_rec: 4.2608e+02 l_forw_fit: 4.4105e+02 l_mi: 1.0000e+00 l_h: 5.4405e+03 
26-08-17 09:03:47.390 - INFO: # Validation # PSNR_Cover: 5.1335e+01, PSNR_Secret: 4.8248e+01, PSNR_Stego: 4.5223e+01
26-08-17 09:04:38.018 - INFO: <epoch:  9, iter: 152,100, lr:2.500e-05> l_back_rec: 4.0004e+02 l_forw_fit: 3.0306e+02 l_mi: 1.0000e+00 l_h: 5.0862e+03 
26-08-17 09:05:28.737 - INFO: <epoch:  9, iter: 152,200, lr:2.500e-05> l_back_rec: 4.6599e+02 l_forw_fit: 4.5604e+02 l_mi: 1.0000e+00 l_h: 6.1378e+03 
26-08-17 09:06:19.693 - INFO: <epoch:  9, iter: 152,300, lr:2.500e-05> l_back_rec: 4.3121e+02 l_forw_fit: 4.3841e+02 l_mi: 1.0000e+00 l_h: 6.0286e+03 
26-08-17 09:07:09.489 - INFO: <epoch:  9, iter: 152,400, lr:2.500e-05> l_back_rec: 5.1694e+02 l_forw_fit: 5.2563e+02 l_mi: 1.0000e+00 l_h: 7.1407e+03 
26-08-17 09:07:54.937 - INFO: <epoch:  9, iter: 152,500, lr:2.500e-05> l_back_rec: 3.7973e+02 l_forw_fit: 3.0857e+02 l_mi: 1.0000e+00 l_h: 5.6878e+03 
26-08-17 09:08:40.205 - INFO: <epoch:  9, iter: 152,600, lr:2.500e-05> l_back_rec: 4.8065e+02 l_forw_fit: 5.4999e+02 l_mi: 1.0000e+00 l_h: 6.2125e+03 
26-08-17 09:09:25.886 - INFO: <epoch:  9, iter: 152,700, lr:2.500e-05> l_back_rec: 4.5088e+02 l_forw_fit: 5.4040e+02 l_mi: 1.0000e+00 l_h: 6.5362e+03 
26-08-17 09:10:17.197 - INFO: <epoch:  9, iter: 152,800, lr:2.500e-05> l_back_rec: 4.0823e+02 l_forw_fit: 3.7835e+02 l_mi: 1.0000e+00 l_h: 5.6624e+03 
26-08-17 09:11:08.239 - INFO: <epoch:  9, iter: 152,900, lr:2.500e-05> l_back_rec: 4.0022e+02 l_forw_fit: 3.0245e+02 l_mi: 1.0000e+00 l_h: 4.7631e+03 
26-08-17 09:11:53.969 - INFO: <epoch:  9, iter: 153,000, lr:2.500e-05> l_back_rec: 4.4892e+02 l_forw_fit: 5.8340e+02 l_mi: 1.0000e+00 l_h: 6.6465e+03 
26-08-17 09:12:32.637 - INFO: # Validation # PSNR_Cover: 5.1336e+01, PSNR_Secret: 4.8284e+01, PSNR_Stego: 4.5034e+01
26-08-17 09:13:23.941 - INFO: <epoch:  9, iter: 153,100, lr:2.500e-05> l_back_rec: 4.2825e+02 l_forw_fit: 4.0573e+02 l_mi: 1.0000e+00 l_h: 5.5575e+03 
26-08-17 09:14:14.634 - INFO: <epoch:  9, iter: 153,200, lr:2.500e-05> l_back_rec: 4.3852e+02 l_forw_fit: 4.6787e+02 l_mi: 1.0000e+00 l_h: 5.2631e+03 
26-08-17 09:15:04.518 - INFO: <epoch:  9, iter: 153,300, lr:2.500e-05> l_back_rec: 4.3856e+02 l_forw_fit: 4.4899e+02 l_mi: 1.0000e+00 l_h: 6.3109e+03 
26-08-17 09:15:54.793 - INFO: <epoch:  9, iter: 153,400, lr:2.500e-05> l_back_rec: 4.8836e+02 l_forw_fit: 8.1039e+02 l_mi: 1.0000e+00 l_h: 8.3255e+03 
26-08-17 09:16:46.025 - INFO: <epoch:  9, iter: 153,500, lr:2.500e-05> l_back_rec: 4.5657e+02 l_forw_fit: 4.5161e+02 l_mi: 1.0000e+00 l_h: 6.9704e+03 
26-08-17 09:17:37.624 - INFO: <epoch:  9, iter: 153,600, lr:2.500e-05> l_back_rec: 4.4913e+02 l_forw_fit: 4.9095e+02 l_mi: 1.0000e+00 l_h: 6.9480e+03 
26-08-17 09:18:28.726 - INFO: <epoch:  9, iter: 153,700, lr:2.500e-05> l_back_rec: 4.7335e+02 l_forw_fit: 3.9106e+02 l_mi: 1.0000e+00 l_h: 5.9187e+03 
26-08-17 09:19:18.492 - INFO: <epoch:  9, iter: 153,800, lr:2.500e-05> l_back_rec: 4.3209e+02 l_forw_fit: 4.0287e+02 l_mi: 1.0000e+00 l_h: 5.3675e+03 
26-08-17 09:20:07.802 - INFO: <epoch:  9, iter: 153,900, lr:2.500e-05> l_back_rec: 4.5023e+02 l_forw_fit: 4.4272e+02 l_mi: 1.0000e+00 l_h: 5.4978e+03 
26-08-17 09:20:59.432 - INFO: <epoch:  9, iter: 154,000, lr:2.500e-05> l_back_rec: 4.0321e+02 l_forw_fit: 5.2063e+02 l_mi: 1.0000e+00 l_h: 6.4782e+03 
26-08-17 09:21:38.143 - INFO: # Validation # PSNR_Cover: 5.1383e+01, PSNR_Secret: 4.8242e+01, PSNR_Stego: 4.5287e+01
26-08-17 09:22:29.633 - INFO: <epoch:  9, iter: 154,100, lr:2.500e-05> l_back_rec: 3.7911e+02 l_forw_fit: 4.0076e+02 l_mi: 1.0000e+00 l_h: 5.8759e+03 
26-08-17 09:23:21.800 - INFO: <epoch:  9, iter: 154,200, lr:2.500e-05> l_back_rec: 4.9985e+02 l_forw_fit: 7.7114e+02 l_mi: 1.0000e+00 l_h: 8.0251e+03 
26-08-17 09:24:13.747 - INFO: <epoch:  9, iter: 154,300, lr:2.500e-05> l_back_rec: 4.5332e+02 l_forw_fit: 5.0061e+02 l_mi: 1.0000e+00 l_h: 7.5375e+03 
26-08-17 09:25:04.925 - INFO: <epoch:  9, iter: 154,400, lr:2.500e-05> l_back_rec: 4.8043e+02 l_forw_fit: 5.0737e+02 l_mi: 1.0000e+00 l_h: 6.2861e+03 
26-08-17 09:25:55.603 - INFO: <epoch:  9, iter: 154,500, lr:2.500e-05> l_back_rec: 4.0393e+02 l_forw_fit: 3.8904e+02 l_mi: 1.0000e+00 l_h: 5.9140e+03 
26-08-17 09:26:46.089 - INFO: <epoch:  9, iter: 154,600, lr:2.500e-05> l_back_rec: 3.9786e+02 l_forw_fit: 6.3018e+02 l_mi: 1.0000e+00 l_h: 6.0332e+03 
26-08-17 09:27:37.358 - INFO: <epoch:  9, iter: 154,700, lr:2.500e-05> l_back_rec: 4.4671e+02 l_forw_fit: 4.8612e+02 l_mi: 1.0000e+00 l_h: 5.9834e+03 
26-08-17 09:28:27.901 - INFO: <epoch:  9, iter: 154,800, lr:2.500e-05> l_back_rec: 3.9825e+02 l_forw_fit: 3.4649e+02 l_mi: 1.0000e+00 l_h: 5.1493e+03 
26-08-17 09:29:18.037 - INFO: <epoch:  9, iter: 154,900, lr:2.500e-05> l_back_rec: 3.6841e+02 l_forw_fit: 2.6590e+02 l_mi: 1.0000e+00 l_h: 4.4550e+03 
26-08-17 09:30:08.770 - INFO: <epoch:  9, iter: 155,000, lr:2.500e-05> l_back_rec: 4.0085e+02 l_forw_fit: 2.8016e+02 l_mi: 1.0000e+00 l_h: 4.8032e+03 
26-08-17 09:30:46.937 - INFO: # Validation # PSNR_Cover: 5.1421e+01, PSNR_Secret: 4.8241e+01, PSNR_Stego: 4.5178e+01
26-08-17 09:30:46.938 - INFO: Saving models and training states.
26-08-17 09:31:39.392 - INFO: <epoch:  9, iter: 155,100, lr:2.500e-05> l_back_rec: 4.9215e+02 l_forw_fit: 6.1385e+02 l_mi: 1.0000e+00 l_h: 1.1168e+04 
26-08-17 09:32:31.145 - INFO: <epoch:  9, iter: 155,200, lr:2.500e-05> l_back_rec: 4.0010e+02 l_forw_fit: 3.3292e+02 l_mi: 1.0000e+00 l_h: 5.1850e+03 
26-08-17 09:33:22.824 - INFO: <epoch:  9, iter: 155,300, lr:2.500e-05> l_back_rec: 4.0647e+02 l_forw_fit: 3.7900e+02 l_mi: 1.0000e+00 l_h: 5.8239e+03 
26-08-17 09:34:14.369 - INFO: <epoch:  9, iter: 155,400, lr:2.500e-05> l_back_rec: 4.8259e+02 l_forw_fit: 4.8756e+02 l_mi: 1.0000e+00 l_h: 6.4494e+03 
26-08-17 09:35:05.488 - INFO: <epoch:  9, iter: 155,500, lr:2.500e-05> l_back_rec: 4.6716e+02 l_forw_fit: 5.6895e+02 l_mi: 1.0000e+00 l_h: 7.0925e+03 
26-08-17 09:35:57.017 - INFO: <epoch:  9, iter: 155,600, lr:2.500e-05> l_back_rec: 4.1403e+02 l_forw_fit: 3.7864e+02 l_mi: 1.0000e+00 l_h: 6.0772e+03 
26-08-17 09:36:48.585 - INFO: <epoch:  9, iter: 155,700, lr:2.500e-05> l_back_rec: 3.9321e+02 l_forw_fit: 4.2319e+02 l_mi: 1.0000e+00 l_h: 6.0431e+03 
26-08-17 09:37:39.204 - INFO: <epoch:  9, iter: 155,800, lr:2.500e-05> l_back_rec: 4.1692e+02 l_forw_fit: 6.7585e+02 l_mi: 1.0000e+00 l_h: 6.5358e+03 
26-08-17 09:38:29.978 - INFO: <epoch:  9, iter: 155,900, lr:2.500e-05> l_back_rec: 4.9474e+02 l_forw_fit: 7.0559e+02 l_mi: 1.0000e+00 l_h: 7.7601e+03 
26-08-17 09:39:20.508 - INFO: <epoch:  9, iter: 156,000, lr:2.500e-05> l_back_rec: 4.0692e+02 l_forw_fit: 4.0177e+02 l_mi: 1.0000e+00 l_h: 6.0922e+03 
26-08-17 09:39:58.031 - INFO: # Validation # PSNR_Cover: 5.1457e+01, PSNR_Secret: 4.8248e+01, PSNR_Stego: 4.5350e+01
26-08-17 09:40:48.732 - INFO: <epoch:  9, iter: 156,100, lr:2.500e-05> l_back_rec: 4.6469e+02 l_forw_fit: 4.0304e+02 l_mi: 1.0000e+00 l_h: 5.7905e+03 
26-08-17 09:41:39.354 - INFO: <epoch:  9, iter: 156,200, lr:2.500e-05> l_back_rec: 3.8535e+02 l_forw_fit: 3.5902e+02 l_mi: 1.0000e+00 l_h: 5.5898e+03 
26-08-17 09:42:30.754 - INFO: <epoch:  9, iter: 156,300, lr:2.500e-05> l_back_rec: 4.1722e+02 l_forw_fit: 4.8413e+02 l_mi: 1.0000e+00 l_h: 5.5309e+03 
26-08-17 09:43:22.995 - INFO: <epoch:  9, iter: 156,400, lr:2.500e-05> l_back_rec: 3.9051e+02 l_forw_fit: 4.1726e+02 l_mi: 1.0000e+00 l_h: 5.9933e+03 
26-08-17 09:44:14.764 - INFO: <epoch:  9, iter: 156,500, lr:2.500e-05> l_back_rec: 4.4593e+02 l_forw_fit: 4.1011e+02 l_mi: 1.0000e+00 l_h: 5.4884e+03 
26-08-17 09:45:06.574 - INFO: <epoch:  9, iter: 156,600, lr:2.500e-05> l_back_rec: 4.1365e+02 l_forw_fit: 3.4509e+02 l_mi: 1.0000e+00 l_h: 5.3602e+03 
26-08-17 09:45:57.770 - INFO: <epoch:  9, iter: 156,700, lr:2.500e-05> l_back_rec: 4.1022e+02 l_forw_fit: 4.4258e+02 l_mi: 1.0000e+00 l_h: 5.7531e+03 
26-08-17 09:46:49.186 - INFO: <epoch:  9, iter: 156,800, lr:2.500e-05> l_back_rec: 3.8210e+02 l_forw_fit: 3.8968e+02 l_mi: 1.0000e+00 l_h: 5.6098e+03 
26-08-17 09:47:40.670 - INFO: <epoch:  9, iter: 156,900, lr:2.500e-05> l_back_rec: 4.8722e+02 l_forw_fit: 3.6841e+02 l_mi: 1.0000e+00 l_h: 5.4195e+03 
26-08-17 09:48:32.150 - INFO: <epoch:  9, iter: 157,000, lr:2.500e-05> l_back_rec: 3.9438e+02 l_forw_fit: 3.8706e+02 l_mi: 1.0000e+00 l_h: 5.3526e+03 
26-08-17 09:49:11.215 - INFO: # Validation # PSNR_Cover: 5.1350e+01, PSNR_Secret: 4.8236e+01, PSNR_Stego: 4.5300e+01
26-08-17 09:50:02.824 - INFO: <epoch:  9, iter: 157,100, lr:2.500e-05> l_back_rec: 4.7257e+02 l_forw_fit: 3.2495e+02 l_mi: 1.0000e+00 l_h: 4.9752e+03 
26-08-17 09:50:54.435 - INFO: <epoch:  9, iter: 157,200, lr:2.500e-05> l_back_rec: 4.0133e+02 l_forw_fit: 3.6768e+02 l_mi: 1.0000e+00 l_h: 5.2872e+03 
26-08-17 09:51:45.870 - INFO: <epoch:  9, iter: 157,300, lr:2.500e-05> l_back_rec: 4.1353e+02 l_forw_fit: 3.4760e+02 l_mi: 1.0000e+00 l_h: 4.9142e+03 
26-08-17 09:52:36.262 - INFO: <epoch:  9, iter: 157,400, lr:2.500e-05> l_back_rec: 4.4554e+02 l_forw_fit: 4.4100e+02 l_mi: 1.0000e+00 l_h: 5.8030e+03 
26-08-17 09:53:26.894 - INFO: <epoch:  9, iter: 157,500, lr:2.500e-05> l_back_rec: 4.1764e+02 l_forw_fit: 3.7434e+02 l_mi: 1.0000e+00 l_h: 5.2956e+03 
26-08-17 09:54:18.422 - INFO: <epoch:  9, iter: 157,600, lr:2.500e-05> l_back_rec: 4.4364e+02 l_forw_fit: 4.1753e+02 l_mi: 1.0000e+00 l_h: 5.9804e+03 
26-08-17 09:55:09.103 - INFO: <epoch:  9, iter: 157,700, lr:2.500e-05> l_back_rec: 4.2917e+02 l_forw_fit: 2.6934e+02 l_mi: 1.0000e+00 l_h: 4.5363e+03 
26-08-17 09:55:59.902 - INFO: <epoch:  9, iter: 157,800, lr:2.500e-05> l_back_rec: 4.3971e+02 l_forw_fit: 4.7721e+02 l_mi: 1.0000e+00 l_h: 6.5468e+03 
26-08-17 09:56:51.095 - INFO: <epoch:  9, iter: 157,900, lr:2.500e-05> l_back_rec: 4.6946e+02 l_forw_fit: 7.0803e+02 l_mi: 1.0000e+00 l_h: 8.3482e+03 
26-08-17 09:57:42.165 - INFO: <epoch:  9, iter: 158,000, lr:2.500e-05> l_back_rec: 4.1431e+02 l_forw_fit: 4.4679e+02 l_mi: 1.0000e+00 l_h: 5.4175e+03 
26-08-17 09:58:20.377 - INFO: # Validation # PSNR_Cover: 5.1365e+01, PSNR_Secret: 4.8276e+01, PSNR_Stego: 4.5012e+01
26-08-17 09:59:09.746 - INFO: <epoch:  9, iter: 158,100, lr:2.500e-05> l_back_rec: 3.7274e+02 l_forw_fit: 2.6973e+02 l_mi: 1.0000e+00 l_h: 4.8604e+03 
26-08-17 10:00:00.383 - INFO: <epoch:  9, iter: 158,200, lr:2.500e-05> l_back_rec: 4.8228e+02 l_forw_fit: 5.5930e+02 l_mi: 1.0000e+00 l_h: 6.9875e+03 
26-08-17 10:00:52.228 - INFO: <epoch:  9, iter: 158,300, lr:2.500e-05> l_back_rec: 5.4504e+02 l_forw_fit: 5.8868e+02 l_mi: 1.0000e+00 l_h: 7.1004e+03 
26-08-17 10:01:44.314 - INFO: <epoch:  9, iter: 158,400, lr:2.500e-05> l_back_rec: 4.1378e+02 l_forw_fit: 3.9098e+02 l_mi: 1.0000e+00 l_h: 5.7549e+03 
26-08-17 10:02:36.355 - INFO: <epoch:  9, iter: 158,500, lr:2.500e-05> l_back_rec: 4.2036e+02 l_forw_fit: 4.1606e+02 l_mi: 1.0000e+00 l_h: 5.1333e+03 
26-08-17 10:03:28.935 - INFO: <epoch:  9, iter: 158,600, lr:2.500e-05> l_back_rec: 3.9240e+02 l_forw_fit: 3.1307e+02 l_mi: 1.0000e+00 l_h: 4.7469e+03 
26-08-17 10:04:21.025 - INFO: <epoch:  9, iter: 158,700, lr:2.500e-05> l_back_rec: 4.1653e+02 l_forw_fit: 4.5928e+02 l_mi: 1.0000e+00 l_h: 6.2571e+03 
26-08-17 10:05:12.830 - INFO: <epoch:  9, iter: 158,800, lr:2.500e-05> l_back_rec: 5.0501e+02 l_forw_fit: 4.2621e+02 l_mi: 1.0000e+00 l_h: 6.1966e+03 
26-08-17 10:06:04.306 - INFO: <epoch:  9, iter: 158,900, lr:2.500e-05> l_back_rec: 4.6162e+02 l_forw_fit: 5.9356e+02 l_mi: 1.0000e+00 l_h: 6.1782e+03 
26-08-17 10:06:56.161 - INFO: <epoch:  9, iter: 159,000, lr:2.500e-05> l_back_rec: 4.3216e+02 l_forw_fit: 4.5956e+02 l_mi: 1.0000e+00 l_h: 6.0038e+03 
26-08-17 10:07:35.171 - INFO: # Validation # PSNR_Cover: 5.1435e+01, PSNR_Secret: 4.8364e+01, PSNR_Stego: 4.5305e+01
26-08-17 10:08:26.732 - INFO: <epoch:  9, iter: 159,100, lr:2.500e-05> l_back_rec: 3.9134e+02 l_forw_fit: 3.3609e+02 l_mi: 1.0000e+00 l_h: 5.3522e+03 
26-08-17 10:09:18.976 - INFO: <epoch:  9, iter: 159,200, lr:2.500e-05> l_back_rec: 4.8133e+02 l_forw_fit: 5.4569e+02 l_mi: 1.0000e+00 l_h: 6.9972e+03 
26-08-17 10:10:09.556 - INFO: <epoch:  9, iter: 159,300, lr:2.500e-05> l_back_rec: 3.8780e+02 l_forw_fit: 4.7430e+02 l_mi: 1.0000e+00 l_h: 5.6656e+03 
26-08-17 10:11:00.241 - INFO: <epoch:  9, iter: 159,400, lr:2.500e-05> l_back_rec: 5.8792e+02 l_forw_fit: 7.8267e+02 l_mi: 1.0000e+00 l_h: 6.6618e+03 
26-08-17 10:11:52.088 - INFO: <epoch:  9, iter: 159,500, lr:2.500e-05> l_back_rec: 4.9032e+02 l_forw_fit: 4.4084e+02 l_mi: 1.0000e+00 l_h: 5.9236e+03 
26-08-17 10:12:43.634 - INFO: <epoch:  9, iter: 159,600, lr:2.500e-05> l_back_rec: 5.7323e+02 l_forw_fit: 4.2579e+02 l_mi: 1.0000e+00 l_h: 5.6572e+03 
26-08-17 10:13:35.595 - INFO: <epoch:  9, iter: 159,700, lr:2.500e-05> l_back_rec: 4.5576e+02 l_forw_fit: 4.0387e+02 l_mi: 1.0000e+00 l_h: 5.7222e+03 
26-08-17 10:14:27.592 - INFO: <epoch:  9, iter: 159,800, lr:2.500e-05> l_back_rec: 4.7748e+02 l_forw_fit: 4.9386e+02 l_mi: 1.0000e+00 l_h: 6.9420e+03 
26-08-17 10:15:18.381 - INFO: <epoch:  9, iter: 159,900, lr:2.500e-05> l_back_rec: 4.5963e+02 l_forw_fit: 7.2626e+02 l_mi: 1.0000e+00 l_h: 7.2242e+03 
26-08-17 10:16:09.464 - INFO: <epoch:  9, iter: 160,000, lr:2.500e-05> l_back_rec: 4.3251e+02 l_forw_fit: 4.2963e+02 l_mi: 1.0000e+00 l_h: 5.8878e+03 
26-08-17 10:16:47.581 - INFO: # Validation # PSNR_Cover: 5.1457e+01, PSNR_Secret: 4.8290e+01, PSNR_Stego: 4.5397e+01
26-08-17 10:16:47.581 - INFO: Saving models and training states.
26-08-17 10:17:39.270 - INFO: <epoch:  9, iter: 160,100, lr:2.500e-05> l_back_rec: 4.5843e+02 l_forw_fit: 3.7378e+02 l_mi: 1.0000e+00 l_h: 5.2830e+03 
26-08-17 10:18:31.444 - INFO: <epoch:  9, iter: 160,200, lr:2.500e-05> l_back_rec: 4.3507e+02 l_forw_fit: 5.0536e+02 l_mi: 1.0000e+00 l_h: 6.9866e+03 
26-08-17 10:19:23.080 - INFO: <epoch:  9, iter: 160,300, lr:2.500e-05> l_back_rec: 4.7356e+02 l_forw_fit: 3.9640e+02 l_mi: 1.0000e+00 l_h: 5.6332e+03 
26-08-17 10:20:14.751 - INFO: <epoch:  9, iter: 160,400, lr:2.500e-05> l_back_rec: 3.9585e+02 l_forw_fit: 3.3096e+02 l_mi: 1.0000e+00 l_h: 5.1287e+03 
26-08-17 10:21:05.739 - INFO: <epoch:  9, iter: 160,500, lr:2.500e-05> l_back_rec: 4.2336e+02 l_forw_fit: 3.9396e+02 l_mi: 1.0000e+00 l_h: 5.2771e+03 
26-08-17 10:21:57.583 - INFO: <epoch:  9, iter: 160,600, lr:2.500e-05> l_back_rec: 3.9864e+02 l_forw_fit: 4.2472e+02 l_mi: 1.0000e+00 l_h: 5.2929e+03 
26-08-17 10:22:49.188 - INFO: <epoch:  9, iter: 160,700, lr:2.500e-05> l_back_rec: 4.4940e+02 l_forw_fit: 4.3283e+02 l_mi: 1.0000e+00 l_h: 5.9923e+03 
26-08-17 10:23:40.496 - INFO: <epoch:  9, iter: 160,800, lr:2.500e-05> l_back_rec: 4.2511e+02 l_forw_fit: 2.9625e+02 l_mi: 1.0000e+00 l_h: 4.9711e+03 
26-08-17 10:24:32.131 - INFO: <epoch:  9, iter: 160,900, lr:2.500e-05> l_back_rec: 4.4813e+02 l_forw_fit: 4.9876e+02 l_mi: 1.0000e+00 l_h: 7.0257e+03 
26-08-17 10:25:23.023 - INFO: <epoch:  9, iter: 161,000, lr:2.500e-05> l_back_rec: 3.7330e+02 l_forw_fit: 2.4312e+02 l_mi: 1.0000e+00 l_h: 4.6068e+03 
26-08-17 10:26:01.960 - INFO: # Validation # PSNR_Cover: 5.1336e+01, PSNR_Secret: 4.8184e+01, PSNR_Stego: 4.5314e+01
26-08-17 10:26:53.016 - INFO: <epoch:  9, iter: 161,100, lr:2.500e-05> l_back_rec: 4.8785e+02 l_forw_fit: 6.3634e+02 l_mi: 1.0000e+00 l_h: 7.2235e+03 
26-08-17 10:27:44.258 - INFO: <epoch:  9, iter: 161,200, lr:2.500e-05> l_back_rec: 3.7798e+02 l_forw_fit: 2.8524e+02 l_mi: 1.0000e+00 l_h: 4.5615e+03 
26-08-17 10:28:35.345 - INFO: <epoch:  9, iter: 161,300, lr:2.500e-05> l_back_rec: 4.1514e+02 l_forw_fit: 3.7944e+02 l_mi: 1.0000e+00 l_h: 5.6861e+03 
26-08-17 10:29:26.331 - INFO: <epoch:  9, iter: 161,400, lr:2.500e-05> l_back_rec: 4.9007e+02 l_forw_fit: 5.9477e+02 l_mi: 1.0000e+00 l_h: 7.4128e+03 
26-08-17 10:30:16.324 - INFO: <epoch:  9, iter: 161,500, lr:2.500e-05> l_back_rec: 3.7548e+02 l_forw_fit: 2.7350e+02 l_mi: 1.0000e+00 l_h: 4.8702e+03 
26-08-17 10:32:23.700 - INFO: <epoch: 10, iter: 161,600, lr:2.500e-05> l_back_rec: 5.9795e+02 l_forw_fit: 5.6538e+02 l_mi: 1.0000e+00 l_h: 6.3778e+03 
26-08-17 10:33:16.071 - INFO: <epoch: 10, iter: 161,700, lr:2.500e-05> l_back_rec: 4.1221e+02 l_forw_fit: 3.5080e+02 l_mi: 1.0000e+00 l_h: 5.5762e+03 
26-08-17 10:34:07.614 - INFO: <epoch: 10, iter: 161,800, lr:2.500e-05> l_back_rec: 4.2464e+02 l_forw_fit: 3.5501e+02 l_mi: 1.0000e+00 l_h: 5.7521e+03 
26-08-17 10:34:58.840 - INFO: <epoch: 10, iter: 161,900, lr:2.500e-05> l_back_rec: 4.1450e+02 l_forw_fit: 3.8308e+02 l_mi: 1.0000e+00 l_h: 5.8168e+03 
26-08-17 10:35:50.425 - INFO: <epoch: 10, iter: 162,000, lr:2.500e-05> l_back_rec: 4.9495e+02 l_forw_fit: 4.9451e+02 l_mi: 1.0000e+00 l_h: 6.9356e+03 
26-08-17 10:36:31.479 - INFO: # Validation # PSNR_Cover: 5.1386e+01, PSNR_Secret: 4.8225e+01, PSNR_Stego: 4.5311e+01
26-08-17 10:37:24.429 - INFO: <epoch: 10, iter: 162,100, lr:2.500e-05> l_back_rec: 4.7278e+02 l_forw_fit: 4.6098e+02 l_mi: 1.0000e+00 l_h: 5.8642e+03 
26-08-17 10:38:17.019 - INFO: <epoch: 10, iter: 162,200, lr:2.500e-05> l_back_rec: 3.8411e+02 l_forw_fit: 3.3691e+02 l_mi: 1.0000e+00 l_h: 5.4471e+03 
26-08-17 10:39:09.188 - INFO: <epoch: 10, iter: 162,300, lr:2.500e-05> l_back_rec: 3.9409e+02 l_forw_fit: 4.0373e+02 l_mi: 1.0000e+00 l_h: 5.4925e+03 
26-08-17 10:40:01.398 - INFO: <epoch: 10, iter: 162,400, lr:2.500e-05> l_back_rec: 4.0998e+02 l_forw_fit: 4.6939e+02 l_mi: 1.0000e+00 l_h: 5.8561e+03 
26-08-17 10:40:53.880 - INFO: <epoch: 10, iter: 162,500, lr:2.500e-05> l_back_rec: 4.5396e+02 l_forw_fit: 3.7441e+02 l_mi: 1.0000e+00 l_h: 5.4287e+03 
26-08-17 10:41:46.624 - INFO: <epoch: 10, iter: 162,600, lr:2.500e-05> l_back_rec: 4.3248e+02 l_forw_fit: 3.0766e+02 l_mi: 1.0000e+00 l_h: 8.6175e+03 
26-08-17 10:42:38.619 - INFO: <epoch: 10, iter: 162,700, lr:2.500e-05> l_back_rec: 3.9719e+02 l_forw_fit: 3.1748e+02 l_mi: 1.0000e+00 l_h: 5.2440e+03 
26-08-17 10:43:30.724 - INFO: <epoch: 10, iter: 162,800, lr:2.500e-05> l_back_rec: 3.8384e+02 l_forw_fit: 2.6052e+02 l_mi: 1.0000e+00 l_h: 4.5483e+03 
26-08-17 10:44:22.666 - INFO: <epoch: 10, iter: 162,900, lr:2.500e-05> l_back_rec: 5.6611e+02 l_forw_fit: 1.4533e+03 l_mi: 1.0000e+00 l_h: 2.2564e+04 
26-08-17 10:45:14.371 - INFO: <epoch: 10, iter: 163,000, lr:2.500e-05> l_back_rec: 4.5731e+02 l_forw_fit: 6.8642e+02 l_mi: 1.0000e+00 l_h: 7.0536e+03 
26-08-17 10:45:52.238 - INFO: # Validation # PSNR_Cover: 5.1458e+01, PSNR_Secret: 4.7975e+01, PSNR_Stego: 4.5115e+01
26-08-17 10:46:44.269 - INFO: <epoch: 10, iter: 163,100, lr:2.500e-05> l_back_rec: 3.9384e+02 l_forw_fit: 2.6112e+02 l_mi: 1.0000e+00 l_h: 4.4132e+03 
26-08-17 10:47:34.736 - INFO: <epoch: 10, iter: 163,200, lr:2.500e-05> l_back_rec: 4.1721e+02 l_forw_fit: 4.2729e+02 l_mi: 1.0000e+00 l_h: 6.3469e+03 
26-08-17 10:48:27.307 - INFO: <epoch: 10, iter: 163,300, lr:2.500e-05> l_back_rec: 4.0316e+02 l_forw_fit: 3.1164e+02 l_mi: 1.0000e+00 l_h: 5.6726e+03 
26-08-17 10:49:18.468 - INFO: <epoch: 10, iter: 163,400, lr:2.500e-05> l_back_rec: 4.5989e+02 l_forw_fit: 4.7202e+02 l_mi: 1.0000e+00 l_h: 6.8735e+03 
26-08-17 10:50:07.449 - INFO: <epoch: 10, iter: 163,500, lr:2.500e-05> l_back_rec: 3.7963e+02 l_forw_fit: 3.5795e+02 l_mi: 1.0000e+00 l_h: 5.5568e+03 
26-08-17 10:50:58.028 - INFO: <epoch: 10, iter: 163,600, lr:2.500e-05> l_back_rec: 4.3730e+02 l_forw_fit: 3.2572e+02 l_mi: 1.0000e+00 l_h: 5.9329e+03 
26-08-17 10:51:47.953 - INFO: <epoch: 10, iter: 163,700, lr:2.500e-05> l_back_rec: 5.0627e+02 l_forw_fit: 5.7474e+02 l_mi: 1.0000e+00 l_h: 6.9534e+03 
26-08-17 10:52:40.715 - INFO: <epoch: 10, iter: 163,800, lr:2.500e-05> l_back_rec: 4.0449e+02 l_forw_fit: 4.4112e+02 l_mi: 1.0000e+00 l_h: 5.6007e+03 
26-08-17 10:53:32.558 - INFO: <epoch: 10, iter: 163,900, lr:2.500e-05> l_back_rec: 4.5974e+02 l_forw_fit: 6.3190e+02 l_mi: 1.0000e+00 l_h: 6.6374e+03 
26-08-17 10:54:23.828 - INFO: <epoch: 10, iter: 164,000, lr:2.500e-05> l_back_rec: 4.7557e+02 l_forw_fit: 4.1102e+02 l_mi: 1.0000e+00 l_h: 5.7056e+03 
26-08-17 10:55:01.343 - INFO: # Validation # PSNR_Cover: 5.1510e+01, PSNR_Secret: 4.8195e+01, PSNR_Stego: 4.5352e+01
26-08-17 10:55:51.561 - INFO: <epoch: 10, iter: 164,100, lr:2.500e-05> l_back_rec: 3.7844e+02 l_forw_fit: 3.2835e+02 l_mi: 1.0000e+00 l_h: 4.9892e+03 
26-08-17 10:56:42.146 - INFO: <epoch: 10, iter: 164,200, lr:2.500e-05> l_back_rec: 4.7441e+02 l_forw_fit: 6.9046e+02 l_mi: 1.0000e+00 l_h: 7.2424e+03 
26-08-17 10:57:31.910 - INFO: <epoch: 10, iter: 164,300, lr:2.500e-05> l_back_rec: 3.9469e+02 l_forw_fit: 2.6631e+02 l_mi: 1.0000e+00 l_h: 4.6941e+03 
26-08-17 10:58:21.307 - INFO: <epoch: 10, iter: 164,400, lr:2.500e-05> l_back_rec: 3.6924e+02 l_forw_fit: 2.2735e+02 l_mi: 1.0000e+00 l_h: 4.3730e+03 
26-08-17 10:59:10.728 - INFO: <epoch: 10, iter: 164,500, lr:2.500e-05> l_back_rec: 4.0473e+02 l_forw_fit: 5.1759e+02 l_mi: 1.0000e+00 l_h: 7.9416e+03 
26-08-17 11:00:00.256 - INFO: <epoch: 10, iter: 164,600, lr:2.500e-05> l_back_rec: 4.6505e+02 l_forw_fit: 3.2921e+02 l_mi: 1.0000e+00 l_h: 5.3535e+03 
26-08-17 11:00:49.756 - INFO: <epoch: 10, iter: 164,700, lr:2.500e-05> l_back_rec: 4.6030e+02 l_forw_fit: 4.3545e+02 l_mi: 1.0000e+00 l_h: 5.8427e+03 
26-08-17 11:01:38.975 - INFO: <epoch: 10, iter: 164,800, lr:2.500e-05> l_back_rec: 5.2093e+02 l_forw_fit: 5.6187e+02 l_mi: 1.0000e+00 l_h: 8.1735e+03 
26-08-17 11:02:28.378 - INFO: <epoch: 10, iter: 164,900, lr:2.500e-05> l_back_rec: 3.6681e+02 l_forw_fit: 2.4897e+02 l_mi: 1.0000e+00 l_h: 4.4663e+03 
26-08-17 11:03:17.911 - INFO: <epoch: 10, iter: 165,000, lr:2.500e-05> l_back_rec: 4.0168e+02 l_forw_fit: 5.4861e+02 l_mi: 1.0000e+00 l_h: 6.3962e+03 
26-08-17 11:03:55.746 - INFO: # Validation # PSNR_Cover: 5.1455e+01, PSNR_Secret: 4.8248e+01, PSNR_Stego: 4.5166e+01
26-08-17 11:03:55.747 - INFO: Saving models and training states.
26-08-17 11:04:45.567 - INFO: <epoch: 10, iter: 165,100, lr:2.500e-05> l_back_rec: 4.6334e+02 l_forw_fit: 5.5194e+02 l_mi: 1.0000e+00 l_h: 7.8519e+03 
26-08-17 11:05:35.109 - INFO: <epoch: 10, iter: 165,200, lr:2.500e-05> l_back_rec: 5.5707e+02 l_forw_fit: 4.9527e+02 l_mi: 1.0000e+00 l_h: 5.9364e+03 
26-08-17 11:06:24.577 - INFO: <epoch: 10, iter: 165,300, lr:2.500e-05> l_back_rec: 3.9201e+02 l_forw_fit: 5.2812e+02 l_mi: 1.0000e+00 l_h: 6.9193e+03 
26-08-17 11:07:13.834 - INFO: <epoch: 10, iter: 165,400, lr:2.500e-05> l_back_rec: 4.1394e+02 l_forw_fit: 3.1539e+02 l_mi: 1.0000e+00 l_h: 4.8891e+03 
26-08-17 11:08:03.181 - INFO: <epoch: 10, iter: 165,500, lr:2.500e-05> l_back_rec: 4.5913e+02 l_forw_fit: 5.0881e+02 l_mi: 1.0000e+00 l_h: 6.7286e+03 
26-08-17 11:08:52.499 - INFO: <epoch: 10, iter: 165,600, lr:2.500e-05> l_back_rec: 4.0052e+02 l_forw_fit: 3.6781e+02 l_mi: 1.0000e+00 l_h: 5.4146e+03 
26-08-17 11:09:41.762 - INFO: <epoch: 10, iter: 165,700, lr:2.500e-05> l_back_rec: 4.3967e+02 l_forw_fit: 4.6603e+02 l_mi: 1.0000e+00 l_h: 5.7926e+03 
26-08-17 11:10:31.137 - INFO: <epoch: 10, iter: 165,800, lr:2.500e-05> l_back_rec: 4.2070e+02 l_forw_fit: 3.5961e+02 l_mi: 1.0000e+00 l_h: 5.1873e+03 
26-08-17 11:11:20.454 - INFO: <epoch: 10, iter: 165,900, lr:2.500e-05> l_back_rec: 5.2224e+02 l_forw_fit: 4.6356e+02 l_mi: 1.0000e+00 l_h: 7.5176e+03 
26-08-17 11:12:10.332 - INFO: <epoch: 10, iter: 166,000, lr:2.500e-05> l_back_rec: 5.1521e+02 l_forw_fit: 6.7745e+02 l_mi: 1.0000e+00 l_h: 7.5721e+03 
26-08-17 11:12:47.565 - INFO: # Validation # PSNR_Cover: 5.1381e+01, PSNR_Secret: 4.8210e+01, PSNR_Stego: 4.5257e+01
26-08-17 11:13:37.338 - INFO: <epoch: 10, iter: 166,100, lr:2.500e-05> l_back_rec: 3.9039e+02 l_forw_fit: 2.8413e+02 l_mi: 1.0000e+00 l_h: 4.9676e+03 
26-08-17 11:14:27.153 - INFO: <epoch: 10, iter: 166,200, lr:2.500e-05> l_back_rec: 4.0895e+02 l_forw_fit: 3.4742e+02 l_mi: 1.0000e+00 l_h: 5.9464e+03 
26-08-17 11:15:16.663 - INFO: <epoch: 10, iter: 166,300, lr:2.500e-05> l_back_rec: 4.8254e+02 l_forw_fit: 6.6173e+02 l_mi: 1.0000e+00 l_h: 7.8098e+03 
26-08-17 11:16:06.016 - INFO: <epoch: 10, iter: 166,400, lr:2.500e-05> l_back_rec: 4.6209e+02 l_forw_fit: 6.1363e+02 l_mi: 1.0000e+00 l_h: 6.7560e+03 
26-08-17 11:16:55.440 - INFO: <epoch: 10, iter: 166,500, lr:2.500e-05> l_back_rec: 3.7410e+02 l_forw_fit: 3.3227e+02 l_mi: 1.0000e+00 l_h: 5.3270e+03 
26-08-17 11:17:44.761 - INFO: <epoch: 10, iter: 166,600, lr:2.500e-05> l_back_rec: 4.4691e+02 l_forw_fit: 4.9435e+02 l_mi: 1.0000e+00 l_h: 6.0662e+03 
26-08-17 11:18:34.230 - INFO: <epoch: 10, iter: 166,700, lr:2.500e-05> l_back_rec: 3.7442e+02 l_forw_fit: 3.6479e+02 l_mi: 1.0000e+00 l_h: 5.6989e+03 
26-08-17 11:19:23.712 - INFO: <epoch: 10, iter: 166,800, lr:2.500e-05> l_back_rec: 5.1560e+02 l_forw_fit: 5.8714e+02 l_mi: 1.0000e+00 l_h: 6.8109e+03 
26-08-17 11:20:13.062 - INFO: <epoch: 10, iter: 166,900, lr:2.500e-05> l_back_rec: 4.1540e+02 l_forw_fit: 3.9943e+02 l_mi: 1.0000e+00 l_h: 6.1679e+03 
26-08-17 11:21:02.523 - INFO: <epoch: 10, iter: 167,000, lr:2.500e-05> l_back_rec: 4.1979e+02 l_forw_fit: 3.3264e+02 l_mi: 1.0000e+00 l_h: 5.3167e+03 
26-08-17 11:21:40.442 - INFO: # Validation # PSNR_Cover: 5.1408e+01, PSNR_Secret: 4.8109e+01, PSNR_Stego: 4.5384e+01
26-08-17 11:22:29.766 - INFO: <epoch: 10, iter: 167,100, lr:2.500e-05> l_back_rec: 4.2396e+02 l_forw_fit: 3.4983e+02 l_mi: 1.0000e+00 l_h: 6.1725e+03 
26-08-17 11:23:19.106 - INFO: <epoch: 10, iter: 167,200, lr:2.500e-05> l_back_rec: 4.2658e+02 l_forw_fit: 4.4415e+02 l_mi: 1.0000e+00 l_h: 6.5286e+03 
26-08-17 11:24:08.206 - INFO: <epoch: 10, iter: 167,300, lr:2.500e-05> l_back_rec: 4.0221e+02 l_forw_fit: 3.5458e+02 l_mi: 1.0000e+00 l_h: 5.3176e+03 
26-08-17 11:24:57.581 - INFO: <epoch: 10, iter: 167,400, lr:2.500e-05> l_back_rec: 4.6406e+02 l_forw_fit: 3.7394e+02 l_mi: 1.0000e+00 l_h: 6.0902e+03 
26-08-17 11:25:47.977 - INFO: <epoch: 10, iter: 167,500, lr:2.500e-05> l_back_rec: 3.9059e+02 l_forw_fit: 2.6857e+02 l_mi: 1.0000e+00 l_h: 4.1665e+03 
26-08-17 11:26:36.732 - INFO: <epoch: 10, iter: 167,600, lr:2.500e-05> l_back_rec: 4.0854e+02 l_forw_fit: 3.6138e+02 l_mi: 1.0000e+00 l_h: 6.3035e+03 
26-08-17 11:27:28.534 - INFO: <epoch: 10, iter: 167,700, lr:2.500e-05> l_back_rec: 3.9513e+02 l_forw_fit: 3.2229e+02 l_mi: 1.0000e+00 l_h: 5.1399e+03 
26-08-17 11:28:18.263 - INFO: <epoch: 10, iter: 167,800, lr:2.500e-05> l_back_rec: 4.7224e+02 l_forw_fit: 4.0328e+02 l_mi: 1.0000e+00 l_h: 6.9397e+03 
26-08-17 11:29:09.942 - INFO: <epoch: 10, iter: 167,900, lr:2.500e-05> l_back_rec: 4.0045e+02 l_forw_fit: 3.0611e+02 l_mi: 1.0000e+00 l_h: 4.9381e+03 
26-08-17 11:30:01.472 - INFO: <epoch: 10, iter: 168,000, lr:2.500e-05> l_back_rec: 4.6651e+02 l_forw_fit: 4.7542e+02 l_mi: 1.0000e+00 l_h: 6.4528e+03 
26-08-17 11:30:38.930 - INFO: # Validation # PSNR_Cover: 5.1550e+01, PSNR_Secret: 4.8257e+01, PSNR_Stego: 4.5357e+01
26-08-17 11:31:29.225 - INFO: <epoch: 10, iter: 168,100, lr:2.500e-05> l_back_rec: 4.5831e+02 l_forw_fit: 5.2118e+02 l_mi: 1.0000e+00 l_h: 7.1778e+03 
26-08-17 11:32:20.418 - INFO: <epoch: 10, iter: 168,200, lr:2.500e-05> l_back_rec: 4.5782e+02 l_forw_fit: 5.3428e+02 l_mi: 1.0000e+00 l_h: 6.3407e+03 
26-08-17 11:33:10.723 - INFO: <epoch: 10, iter: 168,300, lr:2.500e-05> l_back_rec: 4.0701e+02 l_forw_fit: 2.5424e+02 l_mi: 1.0000e+00 l_h: 4.4359e+03 
26-08-17 11:34:02.252 - INFO: <epoch: 10, iter: 168,400, lr:2.500e-05> l_back_rec: 4.2296e+02 l_forw_fit: 2.8935e+02 l_mi: 1.0000e+00 l_h: 5.7235e+03 
26-08-17 11:34:53.860 - INFO: <epoch: 10, iter: 168,500, lr:2.500e-05> l_back_rec: 4.4777e+02 l_forw_fit: 3.5839e+02 l_mi: 1.0000e+00 l_h: 5.3485e+03 
26-08-17 11:35:46.388 - INFO: <epoch: 10, iter: 168,600, lr:2.500e-05> l_back_rec: 3.9898e+02 l_forw_fit: 3.1486e+02 l_mi: 1.0000e+00 l_h: 4.6205e+03 
26-08-17 11:36:45.747 - INFO: <epoch: 10, iter: 168,700, lr:2.500e-05> l_back_rec: 4.1230e+02 l_forw_fit: 4.5348e+02 l_mi: 1.0000e+00 l_h: 6.1319e+03 
26-08-17 11:37:43.455 - INFO: <epoch: 10, iter: 168,800, lr:2.500e-05> l_back_rec: 4.3173e+02 l_forw_fit: 5.1866e+02 l_mi: 1.0000e+00 l_h: 6.4236e+03 
26-08-17 11:38:41.110 - INFO: <epoch: 10, iter: 168,900, lr:2.500e-05> l_back_rec: 4.7944e+02 l_forw_fit: 4.9507e+02 l_mi: 1.0000e+00 l_h: 6.3345e+03 
26-08-17 11:39:38.666 - INFO: <epoch: 10, iter: 169,000, lr:2.500e-05> l_back_rec: 4.1200e+02 l_forw_fit: 3.0855e+02 l_mi: 1.0000e+00 l_h: 4.9690e+03 
26-08-17 11:40:20.940 - INFO: # Validation # PSNR_Cover: 5.1273e+01, PSNR_Secret: 4.8198e+01, PSNR_Stego: 4.5220e+01
26-08-17 11:41:18.600 - INFO: <epoch: 10, iter: 169,100, lr:2.500e-05> l_back_rec: 4.8516e+02 l_forw_fit: 5.4976e+02 l_mi: 1.0000e+00 l_h: 6.7439e+03 
26-08-17 11:42:16.151 - INFO: <epoch: 10, iter: 169,200, lr:2.500e-05> l_back_rec: 4.0726e+02 l_forw_fit: 4.4012e+02 l_mi: 1.0000e+00 l_h: 6.1755e+03 
26-08-17 11:43:13.671 - INFO: <epoch: 10, iter: 169,300, lr:2.500e-05> l_back_rec: 3.5514e+02 l_forw_fit: 2.7594e+02 l_mi: 1.0000e+00 l_h: 4.7283e+03 
26-08-17 11:44:11.129 - INFO: <epoch: 10, iter: 169,400, lr:2.500e-05> l_back_rec: 4.4193e+02 l_forw_fit: 4.5579e+02 l_mi: 1.0000e+00 l_h: 6.3597e+03 
26-08-17 11:45:06.996 - INFO: <epoch: 10, iter: 169,500, lr:2.500e-05> l_back_rec: 4.0962e+02 l_forw_fit: 5.1123e+02 l_mi: 1.0000e+00 l_h: 6.2496e+03 
26-08-17 11:46:03.942 - INFO: <epoch: 10, iter: 169,600, lr:2.500e-05> l_back_rec: 5.7625e+02 l_forw_fit: 7.1329e+02 l_mi: 1.0000e+00 l_h: 8.6650e+03 
26-08-17 11:47:00.683 - INFO: <epoch: 10, iter: 169,700, lr:2.500e-05> l_back_rec: 3.7370e+02 l_forw_fit: 3.0396e+02 l_mi: 1.0000e+00 l_h: 4.7560e+03 
26-08-17 11:47:57.329 - INFO: <epoch: 10, iter: 169,800, lr:2.500e-05> l_back_rec: 4.1306e+02 l_forw_fit: 4.1807e+02 l_mi: 1.0000e+00 l_h: 6.2095e+03 
26-08-17 11:48:54.041 - INFO: <epoch: 10, iter: 169,900, lr:2.500e-05> l_back_rec: 4.5308e+02 l_forw_fit: 4.1847e+02 l_mi: 1.0000e+00 l_h: 5.8566e+03 
26-08-17 11:49:50.504 - INFO: <epoch: 10, iter: 170,000, lr:2.500e-05> l_back_rec: 4.1113e+02 l_forw_fit: 2.6040e+02 l_mi: 1.0000e+00 l_h: 4.5046e+03 
26-08-17 11:50:32.659 - INFO: # Validation # PSNR_Cover: 5.1391e+01, PSNR_Secret: 4.8238e+01, PSNR_Stego: 4.5329e+01
26-08-17 11:50:32.659 - INFO: Saving models and training states.
26-08-17 11:51:29.905 - INFO: <epoch: 10, iter: 170,100, lr:2.500e-05> l_back_rec: 3.9901e+02 l_forw_fit: 3.4359e+02 l_mi: 1.0000e+00 l_h: 5.4345e+03 
26-08-17 11:52:26.668 - INFO: <epoch: 10, iter: 170,200, lr:2.500e-05> l_back_rec: 4.5697e+02 l_forw_fit: 3.4968e+02 l_mi: 1.0000e+00 l_h: 5.2250e+03 
26-08-17 11:53:23.273 - INFO: <epoch: 10, iter: 170,300, lr:2.500e-05> l_back_rec: 4.7393e+02 l_forw_fit: 3.4961e+02 l_mi: 1.0000e+00 l_h: 5.0608e+03 
26-08-17 11:54:19.929 - INFO: <epoch: 10, iter: 170,400, lr:2.500e-05> l_back_rec: 4.0204e+02 l_forw_fit: 3.5378e+02 l_mi: 1.0000e+00 l_h: 5.3901e+03 
26-08-17 11:55:16.436 - INFO: <epoch: 10, iter: 170,500, lr:2.500e-05> l_back_rec: 4.8929e+02 l_forw_fit: 4.5936e+02 l_mi: 1.0000e+00 l_h: 6.5038e+03 
26-08-17 11:56:12.911 - INFO: <epoch: 10, iter: 170,600, lr:2.500e-05> l_back_rec: 3.7799e+02 l_forw_fit: 3.4277e+02 l_mi: 1.0000e+00 l_h: 4.7814e+03 
26-08-17 11:57:09.583 - INFO: <epoch: 10, iter: 170,700, lr:2.500e-05> l_back_rec: 4.1727e+02 l_forw_fit: 4.6827e+02 l_mi: 1.0000e+00 l_h: 6.2473e+03 
26-08-17 11:58:06.295 - INFO: <epoch: 10, iter: 170,800, lr:2.500e-05> l_back_rec: 3.5415e+02 l_forw_fit: 2.2213e+02 l_mi: 1.0000e+00 l_h: 4.1239e+03 
26-08-17 11:59:03.667 - INFO: <epoch: 10, iter: 170,900, lr:2.500e-05> l_back_rec: 3.8401e+02 l_forw_fit: 3.8960e+02 l_mi: 1.0000e+00 l_h: 5.4495e+03 
26-08-17 12:00:01.263 - INFO: <epoch: 10, iter: 171,000, lr:2.500e-05> l_back_rec: 3.9327e+02 l_forw_fit: 4.7789e+02 l_mi: 1.0000e+00 l_h: 6.1730e+03 
26-08-17 12:00:43.642 - INFO: # Validation # PSNR_Cover: 5.1444e+01, PSNR_Secret: 4.8414e+01, PSNR_Stego: 4.5146e+01
26-08-17 12:01:39.900 - INFO: <epoch: 10, iter: 171,100, lr:2.500e-05> l_back_rec: 3.9546e+02 l_forw_fit: 3.0806e+02 l_mi: 1.0000e+00 l_h: 4.8938e+03 
26-08-17 12:02:37.360 - INFO: <epoch: 10, iter: 171,200, lr:2.500e-05> l_back_rec: 5.5779e+02 l_forw_fit: 7.9677e+02 l_mi: 1.0000e+00 l_h: 8.4364e+03 
26-08-17 12:03:35.031 - INFO: <epoch: 10, iter: 171,300, lr:2.500e-05> l_back_rec: 4.1079e+02 l_forw_fit: 3.5085e+02 l_mi: 1.0000e+00 l_h: 5.2660e+03 
26-08-17 12:04:32.706 - INFO: <epoch: 10, iter: 171,400, lr:2.500e-05> l_back_rec: 5.1798e+02 l_forw_fit: 5.9595e+02 l_mi: 1.0000e+00 l_h: 7.3196e+03 
26-08-17 12:05:30.447 - INFO: <epoch: 10, iter: 171,500, lr:2.500e-05> l_back_rec: 4.0669e+02 l_forw_fit: 5.7736e+02 l_mi: 1.0000e+00 l_h: 6.7318e+03 
26-08-17 12:06:27.997 - INFO: <epoch: 10, iter: 171,600, lr:2.500e-05> l_back_rec: 4.2564e+02 l_forw_fit: 3.8182e+02 l_mi: 1.0000e+00 l_h: 5.3307e+03 
26-08-17 12:07:25.595 - INFO: <epoch: 10, iter: 171,700, lr:2.500e-05> l_back_rec: 4.8077e+02 l_forw_fit: 5.3769e+02 l_mi: 1.0000e+00 l_h: 6.9508e+03 
26-08-17 12:08:23.190 - INFO: <epoch: 10, iter: 171,800, lr:2.500e-05> l_back_rec: 3.9736e+02 l_forw_fit: 3.6570e+02 l_mi: 1.0000e+00 l_h: 5.8599e+03 
26-08-17 12:09:20.632 - INFO: <epoch: 10, iter: 171,900, lr:2.500e-05> l_back_rec: 4.1726e+02 l_forw_fit: 4.1977e+02 l_mi: 1.0000e+00 l_h: 5.6732e+03 
26-08-17 12:10:17.438 - INFO: <epoch: 10, iter: 172,000, lr:2.500e-05> l_back_rec: 3.7925e+02 l_forw_fit: 2.9793e+02 l_mi: 1.0000e+00 l_h: 5.1210e+03 
26-08-17 12:10:58.983 - INFO: # Validation # PSNR_Cover: 5.1476e+01, PSNR_Secret: 4.8296e+01, PSNR_Stego: 4.5401e+01
26-08-17 12:11:56.738 - INFO: <epoch: 10, iter: 172,100, lr:2.500e-05> l_back_rec: 4.1329e+02 l_forw_fit: 3.6950e+02 l_mi: 1.0000e+00 l_h: 6.4248e+03 
26-08-17 12:12:54.381 - INFO: <epoch: 10, iter: 172,200, lr:2.500e-05> l_back_rec: 3.8817e+02 l_forw_fit: 3.7249e+02 l_mi: 1.0000e+00 l_h: 5.7229e+03 
26-08-17 12:13:51.129 - INFO: <epoch: 10, iter: 172,300, lr:2.500e-05> l_back_rec: 3.8821e+02 l_forw_fit: 3.1161e+02 l_mi: 1.0000e+00 l_h: 4.6057e+03 
26-08-17 12:14:48.193 - INFO: <epoch: 10, iter: 172,400, lr:2.500e-05> l_back_rec: 4.1519e+02 l_forw_fit: 5.2896e+02 l_mi: 1.0000e+00 l_h: 6.1646e+03 
26-08-17 12:15:45.565 - INFO: <epoch: 10, iter: 172,500, lr:2.500e-05> l_back_rec: 4.8536e+02 l_forw_fit: 7.5825e+02 l_mi: 1.0000e+00 l_h: 7.2121e+03 
26-08-17 12:16:43.086 - INFO: <epoch: 10, iter: 172,600, lr:2.500e-05> l_back_rec: 4.1236e+02 l_forw_fit: 2.3262e+02 l_mi: 1.0000e+00 l_h: 4.5195e+03 
26-08-17 12:17:40.567 - INFO: <epoch: 10, iter: 172,700, lr:2.500e-05> l_back_rec: 3.9614e+02 l_forw_fit: 2.5441e+02 l_mi: 1.0000e+00 l_h: 4.5335e+03 
26-08-17 12:18:38.310 - INFO: <epoch: 10, iter: 172,800, lr:2.500e-05> l_back_rec: 4.7473e+02 l_forw_fit: 4.5591e+02 l_mi: 1.0000e+00 l_h: 6.5901e+03 
26-08-17 12:19:33.829 - INFO: <epoch: 10, iter: 172,900, lr:2.500e-05> l_back_rec: 3.5999e+02 l_forw_fit: 2.8978e+02 l_mi: 1.0000e+00 l_h: 4.5766e+03 
26-08-17 12:20:31.862 - INFO: <epoch: 10, iter: 173,000, lr:2.500e-05> l_back_rec: 4.3180e+02 l_forw_fit: 3.6211e+02 l_mi: 1.0000e+00 l_h: 5.4797e+03 
26-08-17 12:21:14.539 - INFO: # Validation # PSNR_Cover: 5.1484e+01, PSNR_Secret: 4.8284e+01, PSNR_Stego: 4.5394e+01
26-08-17 12:22:12.735 - INFO: <epoch: 10, iter: 173,100, lr:2.500e-05> l_back_rec: 4.4354e+02 l_forw_fit: 5.6856e+02 l_mi: 1.0000e+00 l_h: 6.2606e+03 
26-08-17 12:23:09.442 - INFO: <epoch: 10, iter: 173,200, lr:2.500e-05> l_back_rec: 3.5997e+02 l_forw_fit: 3.6871e+02 l_mi: 1.0000e+00 l_h: 5.1070e+03 
26-08-17 12:24:06.253 - INFO: <epoch: 10, iter: 173,300, lr:2.500e-05> l_back_rec: 4.0975e+02 l_forw_fit: 3.2402e+02 l_mi: 1.0000e+00 l_h: 5.3222e+03 
26-08-17 12:25:02.900 - INFO: <epoch: 10, iter: 173,400, lr:2.500e-05> l_back_rec: 4.0986e+02 l_forw_fit: 3.2141e+02 l_mi: 1.0000e+00 l_h: 4.8715e+03 
26-08-17 12:25:59.486 - INFO: <epoch: 10, iter: 173,500, lr:2.500e-05> l_back_rec: 4.5587e+02 l_forw_fit: 4.1728e+02 l_mi: 1.0000e+00 l_h: 6.2434e+03 
26-08-17 12:26:58.031 - INFO: <epoch: 10, iter: 173,600, lr:2.500e-05> l_back_rec: 3.8735e+02 l_forw_fit: 3.4367e+02 l_mi: 1.0000e+00 l_h: 5.2136e+03 
26-08-17 12:27:51.896 - INFO: <epoch: 10, iter: 173,700, lr:2.500e-05> l_back_rec: 3.9567e+02 l_forw_fit: 3.4668e+02 l_mi: 1.0000e+00 l_h: 5.6128e+03 
26-08-17 12:28:49.481 - INFO: <epoch: 10, iter: 173,800, lr:2.500e-05> l_back_rec: 4.2969e+02 l_forw_fit: 3.9951e+02 l_mi: 1.0000e+00 l_h: 5.4997e+03 
26-08-17 12:29:46.196 - INFO: <epoch: 10, iter: 173,900, lr:2.500e-05> l_back_rec: 4.0352e+02 l_forw_fit: 3.4437e+02 l_mi: 1.0000e+00 l_h: 5.0634e+03 
26-08-17 12:30:44.916 - INFO: <epoch: 10, iter: 174,000, lr:2.500e-05> l_back_rec: 5.2146e+02 l_forw_fit: 5.0261e+02 l_mi: 1.0000e+00 l_h: 6.4150e+03 
26-08-17 12:31:26.859 - INFO: # Validation # PSNR_Cover: 5.1523e+01, PSNR_Secret: 4.8298e+01, PSNR_Stego: 4.5497e+01
26-08-17 12:32:25.765 - INFO: <epoch: 10, iter: 174,100, lr:2.500e-05> l_back_rec: 4.5927e+02 l_forw_fit: 4.2920e+02 l_mi: 1.0000e+00 l_h: 6.1796e+03 
26-08-17 12:33:27.319 - INFO: <epoch: 10, iter: 174,200, lr:2.500e-05> l_back_rec: 3.7267e+02 l_forw_fit: 3.1749e+02 l_mi: 1.0000e+00 l_h: 4.6822e+03 
26-08-17 12:34:27.084 - INFO: <epoch: 10, iter: 174,300, lr:2.500e-05> l_back_rec: 4.0962e+02 l_forw_fit: 4.2944e+02 l_mi: 1.0000e+00 l_h: 6.0838e+03 
26-08-17 12:35:25.534 - INFO: <epoch: 10, iter: 174,400, lr:2.500e-05> l_back_rec: 4.7512e+02 l_forw_fit: 6.3701e+02 l_mi: 1.0000e+00 l_h: 7.4959e+03 
26-08-17 12:36:22.818 - INFO: <epoch: 10, iter: 174,500, lr:2.500e-05> l_back_rec: 3.9360e+02 l_forw_fit: 3.4738e+02 l_mi: 1.0000e+00 l_h: 5.2195e+03 
26-08-17 12:37:19.812 - INFO: <epoch: 10, iter: 174,600, lr:2.500e-05> l_back_rec: 3.7996e+02 l_forw_fit: 2.9186e+02 l_mi: 1.0000e+00 l_h: 4.8271e+03 
26-08-17 12:38:16.537 - INFO: <epoch: 10, iter: 174,700, lr:2.500e-05> l_back_rec: 3.9052e+02 l_forw_fit: 3.1716e+02 l_mi: 1.0000e+00 l_h: 5.2390e+03 
26-08-17 12:39:13.332 - INFO: <epoch: 10, iter: 174,800, lr:2.500e-05> l_back_rec: 4.8662e+02 l_forw_fit: 5.1693e+02 l_mi: 1.0000e+00 l_h: 7.0863e+03 
26-08-17 12:40:10.048 - INFO: <epoch: 10, iter: 174,900, lr:2.500e-05> l_back_rec: 3.6285e+02 l_forw_fit: 2.9177e+02 l_mi: 1.0000e+00 l_h: 4.2917e+03 
26-08-17 12:41:06.814 - INFO: <epoch: 10, iter: 175,000, lr:2.500e-05> l_back_rec: 4.8958e+02 l_forw_fit: 6.5722e+02 l_mi: 1.0000e+00 l_h: 8.0339e+03 
26-08-17 12:41:48.126 - INFO: # Validation # PSNR_Cover: 5.1457e+01, PSNR_Secret: 4.8172e+01, PSNR_Stego: 4.5308e+01
26-08-17 12:41:48.126 - INFO: Saving models and training states.
26-08-17 12:42:45.385 - INFO: <epoch: 10, iter: 175,100, lr:2.500e-05> l_back_rec: 4.0372e+02 l_forw_fit: 4.1703e+02 l_mi: 1.0000e+00 l_h: 5.5793e+03 
26-08-17 12:43:42.098 - INFO: <epoch: 10, iter: 175,200, lr:2.500e-05> l_back_rec: 4.6369e+02 l_forw_fit: 6.2376e+02 l_mi: 1.0000e+00 l_h: 7.3919e+03 
26-08-17 12:44:38.777 - INFO: <epoch: 10, iter: 175,300, lr:2.500e-05> l_back_rec: 4.3687e+02 l_forw_fit: 3.8011e+02 l_mi: 1.0000e+00 l_h: 5.2786e+03 
26-08-17 12:45:35.406 - INFO: <epoch: 10, iter: 175,400, lr:2.500e-05> l_back_rec: 4.3475e+02 l_forw_fit: 5.8600e+02 l_mi: 1.0000e+00 l_h: 6.2337e+03 
26-08-17 12:46:31.704 - INFO: <epoch: 10, iter: 175,500, lr:2.500e-05> l_back_rec: 5.0320e+02 l_forw_fit: 3.9869e+02 l_mi: 1.0000e+00 l_h: 5.0651e+03 
26-08-17 12:47:25.588 - INFO: <epoch: 10, iter: 175,600, lr:2.500e-05> l_back_rec: 4.1925e+02 l_forw_fit: 4.0578e+02 l_mi: 1.0000e+00 l_h: 6.1191e+03 
26-08-17 12:48:22.283 - INFO: <epoch: 10, iter: 175,700, lr:2.500e-05> l_back_rec: 4.0329e+02 l_forw_fit: 4.3792e+02 l_mi: 1.0000e+00 l_h: 5.5934e+03 
26-08-17 12:49:18.944 - INFO: <epoch: 10, iter: 175,800, lr:2.500e-05> l_back_rec: 3.8016e+02 l_forw_fit: 3.5043e+02 l_mi: 1.0000e+00 l_h: 5.3701e+03 
26-08-17 12:50:15.661 - INFO: <epoch: 10, iter: 175,900, lr:2.500e-05> l_back_rec: 4.5033e+02 l_forw_fit: 4.5954e+02 l_mi: 1.0000e+00 l_h: 5.6283e+03 
26-08-17 12:51:12.370 - INFO: <epoch: 10, iter: 176,000, lr:2.500e-05> l_back_rec: 3.9335e+02 l_forw_fit: 4.4915e+02 l_mi: 1.0000e+00 l_h: 5.2543e+03 
26-08-17 12:51:53.248 - INFO: # Validation # PSNR_Cover: 5.1514e+01, PSNR_Secret: 4.8190e+01, PSNR_Stego: 4.5447e+01
26-08-17 12:52:49.385 - INFO: <epoch: 10, iter: 176,100, lr:2.500e-05> l_back_rec: 4.0199e+02 l_forw_fit: 6.4896e+02 l_mi: 1.0000e+00 l_h: 6.9128e+03 
26-08-17 12:53:46.085 - INFO: <epoch: 10, iter: 176,200, lr:2.500e-05> l_back_rec: 4.2895e+02 l_forw_fit: 5.0543e+02 l_mi: 1.0000e+00 l_h: 6.4715e+03 
26-08-17 12:54:42.757 - INFO: <epoch: 10, iter: 176,300, lr:2.500e-05> l_back_rec: 4.2250e+02 l_forw_fit: 4.5809e+02 l_mi: 1.0000e+00 l_h: 6.2711e+03 
26-08-17 12:55:39.622 - INFO: <epoch: 10, iter: 176,400, lr:2.500e-05> l_back_rec: 4.3949e+02 l_forw_fit: 4.6868e+02 l_mi: 1.0000e+00 l_h: 6.8215e+03 
26-08-17 12:56:36.503 - INFO: <epoch: 10, iter: 176,500, lr:2.500e-05> l_back_rec: 4.0997e+02 l_forw_fit: 3.9194e+02 l_mi: 1.0000e+00 l_h: 5.0802e+03 
26-08-17 12:57:29.636 - INFO: <epoch: 10, iter: 176,600, lr:2.500e-05> l_back_rec: 4.0917e+02 l_forw_fit: 3.5678e+02 l_mi: 1.0000e+00 l_h: 5.6888e+03 
26-08-17 12:58:24.667 - INFO: <epoch: 10, iter: 176,700, lr:2.500e-05> l_back_rec: 4.2931e+02 l_forw_fit: 4.1252e+02 l_mi: 1.0000e+00 l_h: 5.9592e+03 
26-08-17 12:59:21.440 - INFO: <epoch: 10, iter: 176,800, lr:2.500e-05> l_back_rec: 3.8942e+02 l_forw_fit: 4.6604e+02 l_mi: 1.0000e+00 l_h: 6.3001e+03 
26-08-17 13:00:18.137 - INFO: <epoch: 10, iter: 176,900, lr:2.500e-05> l_back_rec: 6.0584e+02 l_forw_fit: 1.2523e+03 l_mi: 1.0000e+00 l_h: 8.4153e+03 
26-08-17 13:01:14.860 - INFO: <epoch: 10, iter: 177,000, lr:2.500e-05> l_back_rec: 4.2401e+02 l_forw_fit: 4.1651e+02 l_mi: 1.0000e+00 l_h: 5.9552e+03 
26-08-17 13:01:56.061 - INFO: # Validation # PSNR_Cover: 5.1401e+01, PSNR_Secret: 4.8340e+01, PSNR_Stego: 4.5360e+01
26-08-17 13:02:53.119 - INFO: <epoch: 10, iter: 177,100, lr:2.500e-05> l_back_rec: 4.8597e+02 l_forw_fit: 3.9858e+02 l_mi: 1.0000e+00 l_h: 4.9840e+03 
26-08-17 13:03:49.849 - INFO: <epoch: 10, iter: 177,200, lr:2.500e-05> l_back_rec: 6.8677e+02 l_forw_fit: 9.7715e+02 l_mi: 1.0000e+00 l_h: 9.4542e+03 
26-08-17 13:04:46.729 - INFO: <epoch: 10, iter: 177,300, lr:2.500e-05> l_back_rec: 4.4549e+02 l_forw_fit: 5.9224e+02 l_mi: 1.0000e+00 l_h: 6.2378e+03 
26-08-17 13:05:43.523 - INFO: <epoch: 10, iter: 177,400, lr:2.500e-05> l_back_rec: 5.0310e+02 l_forw_fit: 6.2247e+02 l_mi: 1.0000e+00 l_h: 8.9950e+03 
26-08-17 13:06:40.337 - INFO: <epoch: 10, iter: 177,500, lr:2.500e-05> l_back_rec: 4.3291e+02 l_forw_fit: 4.1249e+02 l_mi: 1.0000e+00 l_h: 5.6740e+03 
26-08-17 13:07:37.097 - INFO: <epoch: 10, iter: 177,600, lr:2.500e-05> l_back_rec: 4.2995e+02 l_forw_fit: 2.5842e+02 l_mi: 1.0000e+00 l_h: 4.6578e+03 
26-08-17 13:09:56.633 - INFO: <epoch: 11, iter: 177,700, lr:2.500e-05> l_back_rec: 3.8844e+02 l_forw_fit: 3.3409e+02 l_mi: 1.0000e+00 l_h: 5.2550e+03 
26-08-17 13:10:54.544 - INFO: <epoch: 11, iter: 177,800, lr:2.500e-05> l_back_rec: 3.7746e+02 l_forw_fit: 3.1904e+02 l_mi: 1.0000e+00 l_h: 5.1538e+03 
26-08-17 13:11:53.255 - INFO: <epoch: 11, iter: 177,900, lr:2.500e-05> l_back_rec: 4.1252e+02 l_forw_fit: 3.6734e+02 l_mi: 1.0000e+00 l_h: 5.6445e+03 
26-08-17 13:12:50.798 - INFO: <epoch: 11, iter: 178,000, lr:2.500e-05> l_back_rec: 3.4819e+02 l_forw_fit: 2.7524e+02 l_mi: 1.0000e+00 l_h: 4.7799e+03 
26-08-17 13:13:32.417 - INFO: # Validation # PSNR_Cover: 5.1463e+01, PSNR_Secret: 4.8304e+01, PSNR_Stego: 4.5300e+01
26-08-17 13:14:30.355 - INFO: <epoch: 11, iter: 178,100, lr:2.500e-05> l_back_rec: 4.7193e+02 l_forw_fit: 4.1659e+02 l_mi: 1.0000e+00 l_h: 5.8245e+03 
26-08-17 13:15:25.648 - INFO: <epoch: 11, iter: 178,200, lr:2.500e-05> l_back_rec: 4.9007e+02 l_forw_fit: 6.3400e+02 l_mi: 1.0000e+00 l_h: 8.4200e+03 
26-08-17 13:16:20.462 - INFO: <epoch: 11, iter: 178,300, lr:2.500e-05> l_back_rec: 3.6707e+02 l_forw_fit: 2.7194e+02 l_mi: 1.0000e+00 l_h: 4.5533e+03 
26-08-17 13:17:16.025 - INFO: <epoch: 11, iter: 178,400, lr:2.500e-05> l_back_rec: 4.0061e+02 l_forw_fit: 3.9579e+02 l_mi: 1.0000e+00 l_h: 5.6314e+03 
26-08-17 13:18:11.393 - INFO: <epoch: 11, iter: 178,500, lr:2.500e-05> l_back_rec: 3.9074e+02 l_forw_fit: 3.6829e+02 l_mi: 1.0000e+00 l_h: 5.3700e+03 
26-08-17 13:19:06.872 - INFO: <epoch: 11, iter: 178,600, lr:2.500e-05> l_back_rec: 4.2494e+02 l_forw_fit: 4.1369e+02 l_mi: 1.0000e+00 l_h: 5.5058e+03 
26-08-17 13:20:02.196 - INFO: <epoch: 11, iter: 178,700, lr:2.500e-05> l_back_rec: 5.1369e+02 l_forw_fit: 5.3524e+02 l_mi: 1.0000e+00 l_h: 6.8629e+03 
26-08-17 13:20:57.489 - INFO: <epoch: 11, iter: 178,800, lr:2.500e-05> l_back_rec: 4.1117e+02 l_forw_fit: 3.0113e+02 l_mi: 1.0000e+00 l_h: 4.9440e+03 
26-08-17 13:21:52.610 - INFO: <epoch: 11, iter: 178,900, lr:2.500e-05> l_back_rec: 4.2715e+02 l_forw_fit: 3.3471e+02 l_mi: 1.0000e+00 l_h: 4.9920e+03 
26-08-17 13:22:47.839 - INFO: <epoch: 11, iter: 179,000, lr:2.500e-05> l_back_rec: 4.2649e+02 l_forw_fit: 6.2692e+02 l_mi: 1.0000e+00 l_h: 7.0158e+03 
26-08-17 13:23:29.895 - INFO: # Validation # PSNR_Cover: 5.1532e+01, PSNR_Secret: 4.8245e+01, PSNR_Stego: 4.5391e+01
26-08-17 13:24:27.029 - INFO: <epoch: 11, iter: 179,100, lr:2.500e-05> l_back_rec: 3.7495e+02 l_forw_fit: 2.1616e+02 l_mi: 1.0000e+00 l_h: 4.2138e+03 
26-08-17 13:25:22.577 - INFO: <epoch: 11, iter: 179,200, lr:2.500e-05> l_back_rec: 4.1387e+02 l_forw_fit: 4.0629e+02 l_mi: 1.0000e+00 l_h: 5.8450e+03 
26-08-17 13:26:15.931 - INFO: <epoch: 11, iter: 179,300, lr:2.500e-05> l_back_rec: 4.0475e+02 l_forw_fit: 3.2572e+02 l_mi: 1.0000e+00 l_h: 5.4880e+03 
26-08-17 13:27:10.444 - INFO: <epoch: 11, iter: 179,400, lr:2.500e-05> l_back_rec: 4.7672e+02 l_forw_fit: 6.3008e+02 l_mi: 1.0000e+00 l_h: 7.4008e+03 
26-08-17 13:28:05.477 - INFO: <epoch: 11, iter: 179,500, lr:2.500e-05> l_back_rec: 4.2727e+02 l_forw_fit: 3.8043e+02 l_mi: 1.0000e+00 l_h: 5.4289e+03 
26-08-17 13:29:00.463 - INFO: <epoch: 11, iter: 179,600, lr:2.500e-05> l_back_rec: 3.9667e+02 l_forw_fit: 3.9215e+02 l_mi: 1.0000e+00 l_h: 5.7413e+03 
26-08-17 13:29:55.399 - INFO: <epoch: 11, iter: 179,700, lr:2.500e-05> l_back_rec: 4.0717e+02 l_forw_fit: 4.6484e+02 l_mi: 1.0000e+00 l_h: 6.3676e+03 
26-08-17 13:30:50.419 - INFO: <epoch: 11, iter: 179,800, lr:2.500e-05> l_back_rec: 3.6494e+02 l_forw_fit: 2.6934e+02 l_mi: 1.0000e+00 l_h: 4.6457e+03 
26-08-17 13:31:45.274 - INFO: <epoch: 11, iter: 179,900, lr:2.500e-05> l_back_rec: 4.4763e+02 l_forw_fit: 4.1692e+02 l_mi: 1.0000e+00 l_h: 5.8585e+03 
26-08-17 13:32:40.498 - INFO: <epoch: 11, iter: 180,000, lr:1.250e-05> l_back_rec: 4.3881e+02 l_forw_fit: 4.9161e+02 l_mi: 1.0000e+00 l_h: 6.2287e+03 
26-08-17 13:33:20.316 - INFO: # Validation # PSNR_Cover: 5.1439e+01, PSNR_Secret: 4.8358e+01, PSNR_Stego: 4.5133e+01
26-08-17 13:33:20.317 - INFO: Saving models and training states.
26-08-17 13:34:15.855 - INFO: <epoch: 11, iter: 180,100, lr:1.250e-05> l_back_rec: 4.0201e+02 l_forw_fit: 4.4349e+02 l_mi: 1.0000e+00 l_h: 6.1641e+03 
26-08-17 13:35:10.944 - INFO: <epoch: 11, iter: 180,200, lr:1.250e-05> l_back_rec: 3.5898e+02 l_forw_fit: 3.2998e+02 l_mi: 1.0000e+00 l_h: 4.6890e+03 
26-08-17 13:36:06.045 - INFO: <epoch: 11, iter: 180,300, lr:1.250e-05> l_back_rec: 4.6781e+02 l_forw_fit: 5.0822e+02 l_mi: 1.0000e+00 l_h: 6.7816e+03 
26-08-17 13:37:01.388 - INFO: <epoch: 11, iter: 180,400, lr:1.250e-05> l_back_rec: 3.3081e+02 l_forw_fit: 2.3194e+02 l_mi: 1.0000e+00 l_h: 4.4531e+03 
26-08-17 13:37:56.531 - INFO: <epoch: 11, iter: 180,500, lr:1.250e-05> l_back_rec: 3.5111e+02 l_forw_fit: 3.3149e+02 l_mi: 1.0000e+00 l_h: 5.0957e+03 
26-08-17 13:38:51.572 - INFO: <epoch: 11, iter: 180,600, lr:1.250e-05> l_back_rec: 5.0456e+02 l_forw_fit: 5.7210e+02 l_mi: 1.0000e+00 l_h: 6.4620e+03 
26-08-17 13:39:46.441 - INFO: <epoch: 11, iter: 180,700, lr:1.250e-05> l_back_rec: 4.4870e+02 l_forw_fit: 4.0598e+02 l_mi: 1.0000e+00 l_h: 5.7711e+03 
26-08-17 13:40:41.448 - INFO: <epoch: 11, iter: 180,800, lr:1.250e-05> l_back_rec: 3.9031e+02 l_forw_fit: 3.8723e+02 l_mi: 1.0000e+00 l_h: 5.1920e+03 
26-08-17 13:41:36.607 - INFO: <epoch: 11, iter: 180,900, lr:1.250e-05> l_back_rec: 3.9467e+02 l_forw_fit: 3.3386e+02 l_mi: 1.0000e+00 l_h: 5.3223e+03 
26-08-17 13:42:31.668 - INFO: <epoch: 11, iter: 181,000, lr:1.250e-05> l_back_rec: 3.5237e+02 l_forw_fit: 3.2416e+02 l_mi: 1.0000e+00 l_h: 4.7217e+03 
26-08-17 13:43:11.434 - INFO: # Validation # PSNR_Cover: 5.1745e+01, PSNR_Secret: 4.8566e+01, PSNR_Stego: 4.5476e+01
26-08-17 13:44:06.487 - INFO: <epoch: 11, iter: 181,100, lr:1.250e-05> l_back_rec: 4.6902e+02 l_forw_fit: 4.7338e+02 l_mi: 1.0000e+00 l_h: 6.4399e+03 
26-08-17 13:45:01.592 - INFO: <epoch: 11, iter: 181,200, lr:1.250e-05> l_back_rec: 3.5935e+02 l_forw_fit: 3.1291e+02 l_mi: 1.0000e+00 l_h: 5.1226e+03 
26-08-17 13:45:56.535 - INFO: <epoch: 11, iter: 181,300, lr:1.250e-05> l_back_rec: 3.6410e+02 l_forw_fit: 3.1656e+02 l_mi: 1.0000e+00 l_h: 4.9402e+03 
26-08-17 13:46:51.927 - INFO: <epoch: 11, iter: 181,400, lr:1.250e-05> l_back_rec: 4.0975e+02 l_forw_fit: 3.3808e+02 l_mi: 1.0000e+00 l_h: 5.3749e+03 
26-08-17 13:47:46.822 - INFO: <epoch: 11, iter: 181,500, lr:1.250e-05> l_back_rec: 4.5618e+02 l_forw_fit: 4.0613e+02 l_mi: 1.0000e+00 l_h: 7.0339e+03 
26-08-17 13:48:42.567 - INFO: <epoch: 11, iter: 181,600, lr:1.250e-05> l_back_rec: 4.3926e+02 l_forw_fit: 3.8609e+02 l_mi: 1.0000e+00 l_h: 5.5385e+03 
26-08-17 13:49:37.668 - INFO: <epoch: 11, iter: 181,700, lr:1.250e-05> l_back_rec: 4.2019e+02 l_forw_fit: 4.7276e+02 l_mi: 1.0000e+00 l_h: 6.2617e+03 
26-08-17 13:50:32.753 - INFO: <epoch: 11, iter: 181,800, lr:1.250e-05> l_back_rec: 4.6067e+02 l_forw_fit: 5.0356e+02 l_mi: 1.0000e+00 l_h: 6.2294e+03 
26-08-17 13:51:27.832 - INFO: <epoch: 11, iter: 181,900, lr:1.250e-05> l_back_rec: 3.9050e+02 l_forw_fit: 4.9617e+02 l_mi: 1.0000e+00 l_h: 7.2671e+03 
26-08-17 13:52:23.101 - INFO: <epoch: 11, iter: 182,000, lr:1.250e-05> l_back_rec: 4.2093e+02 l_forw_fit: 3.7130e+02 l_mi: 1.0000e+00 l_h: 5.4809e+03 
26-08-17 13:53:11.783 - INFO: # Validation # PSNR_Cover: 5.1772e+01, PSNR_Secret: 4.8626e+01, PSNR_Stego: 4.5524e+01
26-08-17 13:54:06.933 - INFO: <epoch: 11, iter: 182,100, lr:1.250e-05> l_back_rec: 4.0244e+02 l_forw_fit: 3.1100e+02 l_mi: 1.0000e+00 l_h: 4.7683e+03 
26-08-17 13:55:02.008 - INFO: <epoch: 11, iter: 182,200, lr:1.250e-05> l_back_rec: 4.0670e+02 l_forw_fit: 3.0385e+02 l_mi: 1.0000e+00 l_h: 4.8810e+03 
26-08-17 13:55:57.095 - INFO: <epoch: 11, iter: 182,300, lr:1.250e-05> l_back_rec: 3.5895e+02 l_forw_fit: 3.7363e+02 l_mi: 1.0000e+00 l_h: 5.6098e+03 
26-08-17 13:56:52.212 - INFO: <epoch: 11, iter: 182,400, lr:1.250e-05> l_back_rec: 4.1024e+02 l_forw_fit: 3.2654e+02 l_mi: 1.0000e+00 l_h: 5.0857e+03 
26-08-17 13:57:47.280 - INFO: <epoch: 11, iter: 182,500, lr:1.250e-05> l_back_rec: 4.5933e+02 l_forw_fit: 4.6553e+02 l_mi: 1.0000e+00 l_h: 6.2888e+03 
26-08-17 13:58:42.191 - INFO: <epoch: 11, iter: 182,600, lr:1.250e-05> l_back_rec: 4.1164e+02 l_forw_fit: 4.2688e+02 l_mi: 1.0000e+00 l_h: 5.4484e+03 
26-08-17 13:59:37.267 - INFO: <epoch: 11, iter: 182,700, lr:1.250e-05> l_back_rec: 3.8575e+02 l_forw_fit: 3.1295e+02 l_mi: 1.0000e+00 l_h: 5.1809e+03 
26-08-17 14:00:32.286 - INFO: <epoch: 11, iter: 182,800, lr:1.250e-05> l_back_rec: 4.1566e+02 l_forw_fit: 2.4586e+02 l_mi: 1.0000e+00 l_h: 4.6048e+03 
26-08-17 14:01:27.268 - INFO: <epoch: 11, iter: 182,900, lr:1.250e-05> l_back_rec: 4.2442e+02 l_forw_fit: 3.6805e+02 l_mi: 1.0000e+00 l_h: 5.2326e+03 
26-08-17 14:02:22.317 - INFO: <epoch: 11, iter: 183,000, lr:1.250e-05> l_back_rec: 4.4790e+02 l_forw_fit: 4.8821e+02 l_mi: 1.0000e+00 l_h: 6.7078e+03 
26-08-17 14:03:02.325 - INFO: # Validation # PSNR_Cover: 5.1784e+01, PSNR_Secret: 4.8627e+01, PSNR_Stego: 4.5584e+01
26-08-17 14:03:57.241 - INFO: <epoch: 11, iter: 183,100, lr:1.250e-05> l_back_rec: 3.8876e+02 l_forw_fit: 2.9453e+02 l_mi: 1.0000e+00 l_h: 4.8048e+03 
26-08-17 14:04:52.283 - INFO: <epoch: 11, iter: 183,200, lr:1.250e-05> l_back_rec: 4.0937e+02 l_forw_fit: 3.6708e+02 l_mi: 1.0000e+00 l_h: 5.5272e+03 
26-08-17 14:05:47.205 - INFO: <epoch: 11, iter: 183,300, lr:1.250e-05> l_back_rec: 3.7984e+02 l_forw_fit: 2.9316e+02 l_mi: 1.0000e+00 l_h: 4.7043e+03 
26-08-17 14:06:42.101 - INFO: <epoch: 11, iter: 183,400, lr:1.250e-05> l_back_rec: 4.3855e+02 l_forw_fit: 3.8651e+02 l_mi: 1.0000e+00 l_h: 5.8664e+03 
26-08-17 14:07:37.186 - INFO: <epoch: 11, iter: 183,500, lr:1.250e-05> l_back_rec: 4.3108e+02 l_forw_fit: 4.3491e+02 l_mi: 1.0000e+00 l_h: 6.2114e+03 
26-08-17 14:08:32.280 - INFO: <epoch: 11, iter: 183,600, lr:1.250e-05> l_back_rec: 4.0646e+02 l_forw_fit: 4.5604e+02 l_mi: 1.0000e+00 l_h: 6.4776e+03 
26-08-17 14:09:27.297 - INFO: <epoch: 11, iter: 183,700, lr:1.250e-05> l_back_rec: 3.5717e+02 l_forw_fit: 3.3557e+02 l_mi: 1.0000e+00 l_h: 5.3583e+03 
26-08-17 14:10:22.465 - INFO: <epoch: 11, iter: 183,800, lr:1.250e-05> l_back_rec: 4.1930e+02 l_forw_fit: 3.9485e+02 l_mi: 1.0000e+00 l_h: 5.5472e+03 
26-08-17 14:11:17.549 - INFO: <epoch: 11, iter: 183,900, lr:1.250e-05> l_back_rec: 4.1899e+02 l_forw_fit: 3.7137e+02 l_mi: 1.0000e+00 l_h: 5.6618e+03 
26-08-17 14:12:12.662 - INFO: <epoch: 11, iter: 184,000, lr:1.250e-05> l_back_rec: 4.6203e+02 l_forw_fit: 5.2611e+02 l_mi: 1.0000e+00 l_h: 6.1844e+03 
26-08-17 14:12:52.794 - INFO: # Validation # PSNR_Cover: 5.1761e+01, PSNR_Secret: 4.8619e+01, PSNR_Stego: 4.5489e+01
26-08-17 14:13:47.639 - INFO: <epoch: 11, iter: 184,100, lr:1.250e-05> l_back_rec: 4.2753e+02 l_forw_fit: 3.5777e+02 l_mi: 1.0000e+00 l_h: 5.8398e+03 
26-08-17 14:14:42.566 - INFO: <epoch: 11, iter: 184,200, lr:1.250e-05> l_back_rec: 4.5078e+02 l_forw_fit: 4.7315e+02 l_mi: 1.0000e+00 l_h: 6.7282e+03 
26-08-17 14:15:37.610 - INFO: <epoch: 11, iter: 184,300, lr:1.250e-05> l_back_rec: 4.3363e+02 l_forw_fit: 5.6308e+02 l_mi: 1.0000e+00 l_h: 6.9893e+03 
26-08-17 14:16:32.676 - INFO: <epoch: 11, iter: 184,400, lr:1.250e-05> l_back_rec: 4.0561e+02 l_forw_fit: 2.7694e+02 l_mi: 1.0000e+00 l_h: 4.4329e+03 
26-08-17 14:17:27.687 - INFO: <epoch: 11, iter: 184,500, lr:1.250e-05> l_back_rec: 4.4233e+02 l_forw_fit: 4.9683e+02 l_mi: 1.0000e+00 l_h: 6.8790e+03 
26-08-17 14:18:22.811 - INFO: <epoch: 11, iter: 184,600, lr:1.250e-05> l_back_rec: 3.7555e+02 l_forw_fit: 2.7264e+02 l_mi: 1.0000e+00 l_h: 4.5194e+03 
26-08-17 14:19:17.661 - INFO: <epoch: 11, iter: 184,700, lr:1.250e-05> l_back_rec: 4.9441e+02 l_forw_fit: 5.0151e+02 l_mi: 1.0000e+00 l_h: 7.0722e+03 
26-08-17 14:20:12.588 - INFO: <epoch: 11, iter: 184,800, lr:1.250e-05> l_back_rec: 4.5393e+02 l_forw_fit: 5.5464e+02 l_mi: 1.0000e+00 l_h: 6.7345e+03 
26-08-17 14:21:07.624 - INFO: <epoch: 11, iter: 184,900, lr:1.250e-05> l_back_rec: 4.1515e+02 l_forw_fit: 4.4793e+02 l_mi: 1.0000e+00 l_h: 5.9868e+03 
26-08-17 14:22:02.711 - INFO: <epoch: 11, iter: 185,000, lr:1.250e-05> l_back_rec: 3.4831e+02 l_forw_fit: 2.4841e+02 l_mi: 1.0000e+00 l_h: 4.3391e+03 
26-08-17 14:22:42.867 - INFO: # Validation # PSNR_Cover: 5.1783e+01, PSNR_Secret: 4.8590e+01, PSNR_Stego: 4.5590e+01
26-08-17 14:22:42.868 - INFO: Saving models and training states.
26-08-17 14:23:38.449 - INFO: <epoch: 11, iter: 185,100, lr:1.250e-05> l_back_rec: 4.0991e+02 l_forw_fit: 3.6465e+02 l_mi: 1.0000e+00 l_h: 5.8749e+03 
26-08-17 14:24:33.448 - INFO: <epoch: 11, iter: 185,200, lr:1.250e-05> l_back_rec: 4.5028e+02 l_forw_fit: 4.9578e+02 l_mi: 1.0000e+00 l_h: 5.6835e+03 
26-08-17 14:25:28.545 - INFO: <epoch: 11, iter: 185,300, lr:1.250e-05> l_back_rec: 5.7510e+02 l_forw_fit: 1.0690e+03 l_mi: 1.0000e+00 l_h: 9.9563e+03 
26-08-17 14:26:23.575 - INFO: <epoch: 11, iter: 185,400, lr:1.250e-05> l_back_rec: 4.3722e+02 l_forw_fit: 3.7534e+02 l_mi: 1.0000e+00 l_h: 5.8843e+03 
26-08-17 14:27:18.462 - INFO: <epoch: 11, iter: 185,500, lr:1.250e-05> l_back_rec: 4.4148e+02 l_forw_fit: 5.3873e+02 l_mi: 1.0000e+00 l_h: 6.7277e+03 
26-08-17 14:28:13.554 - INFO: <epoch: 11, iter: 185,600, lr:1.250e-05> l_back_rec: 4.3311e+02 l_forw_fit: 4.3285e+02 l_mi: 1.0000e+00 l_h: 6.1649e+03 
26-08-17 14:29:08.618 - INFO: <epoch: 11, iter: 185,700, lr:1.250e-05> l_back_rec: 4.8353e+02 l_forw_fit: 5.1350e+02 l_mi: 1.0000e+00 l_h: 7.0210e+03 
26-08-17 14:30:03.777 - INFO: <epoch: 11, iter: 185,800, lr:1.250e-05> l_back_rec: 3.4789e+02 l_forw_fit: 2.0451e+02 l_mi: 1.0000e+00 l_h: 3.9697e+03 
26-08-17 14:30:58.973 - INFO: <epoch: 11, iter: 185,900, lr:1.250e-05> l_back_rec: 4.0152e+02 l_forw_fit: 3.2657e+02 l_mi: 1.0000e+00 l_h: 4.5978e+03 
26-08-17 14:31:54.063 - INFO: <epoch: 11, iter: 186,000, lr:1.250e-05> l_back_rec: 3.5422e+02 l_forw_fit: 3.4831e+02 l_mi: 1.0000e+00 l_h: 5.2162e+03 
26-08-17 14:32:34.005 - INFO: # Validation # PSNR_Cover: 5.1728e+01, PSNR_Secret: 4.8616e+01, PSNR_Stego: 4.5474e+01
26-08-17 14:33:29.127 - INFO: <epoch: 11, iter: 186,100, lr:1.250e-05> l_back_rec: 4.2209e+02 l_forw_fit: 3.7597e+02 l_mi: 1.0000e+00 l_h: 5.9944e+03 
26-08-17 14:34:24.230 - INFO: <epoch: 11, iter: 186,200, lr:1.250e-05> l_back_rec: 4.2470e+02 l_forw_fit: 3.4234e+02 l_mi: 1.0000e+00 l_h: 5.4180e+03 
26-08-17 14:35:19.215 - INFO: <epoch: 11, iter: 186,300, lr:1.250e-05> l_back_rec: 4.5498e+02 l_forw_fit: 4.5279e+02 l_mi: 1.0000e+00 l_h: 6.2535e+03 
26-08-17 14:36:14.269 - INFO: <epoch: 11, iter: 186,400, lr:1.250e-05> l_back_rec: 4.9848e+02 l_forw_fit: 4.3022e+02 l_mi: 1.0000e+00 l_h: 5.7820e+03 
26-08-17 14:37:09.594 - INFO: <epoch: 11, iter: 186,500, lr:1.250e-05> l_back_rec: 3.7853e+02 l_forw_fit: 3.1709e+02 l_mi: 1.0000e+00 l_h: 4.9201e+03 
26-08-17 14:38:05.037 - INFO: <epoch: 11, iter: 186,600, lr:1.250e-05> l_back_rec: 3.6621e+02 l_forw_fit: 3.5442e+02 l_mi: 1.0000e+00 l_h: 5.1962e+03 
26-08-17 14:39:00.190 - INFO: <epoch: 11, iter: 186,700, lr:1.250e-05> l_back_rec: 3.8679e+02 l_forw_fit: 3.7729e+02 l_mi: 1.0000e+00 l_h: 5.6490e+03 
26-08-17 14:39:55.231 - INFO: <epoch: 11, iter: 186,800, lr:1.250e-05> l_back_rec: 3.7648e+02 l_forw_fit: 4.5219e+02 l_mi: 1.0000e+00 l_h: 5.1018e+03 
26-08-17 14:40:50.316 - INFO: <epoch: 11, iter: 186,900, lr:1.250e-05> l_back_rec: 5.9172e+02 l_forw_fit: 4.8511e+02 l_mi: 1.0000e+00 l_h: 5.3903e+03 
26-08-17 14:41:45.381 - INFO: <epoch: 11, iter: 187,000, lr:1.250e-05> l_back_rec: 4.1379e+02 l_forw_fit: 5.6061e+02 l_mi: 1.0000e+00 l_h: 6.2056e+03 
26-08-17 14:42:25.702 - INFO: # Validation # PSNR_Cover: 5.1745e+01, PSNR_Secret: 4.8549e+01, PSNR_Stego: 4.5563e+01
26-08-17 14:43:20.841 - INFO: <epoch: 11, iter: 187,100, lr:1.250e-05> l_back_rec: 3.8118e+02 l_forw_fit: 3.4762e+02 l_mi: 1.0000e+00 l_h: 5.4438e+03 
26-08-17 14:44:15.988 - INFO: <epoch: 11, iter: 187,200, lr:1.250e-05> l_back_rec: 3.7862e+02 l_forw_fit: 2.6118e+02 l_mi: 1.0000e+00 l_h: 4.6141e+03 
26-08-17 14:45:11.019 - INFO: <epoch: 11, iter: 187,300, lr:1.250e-05> l_back_rec: 3.8644e+02 l_forw_fit: 3.6664e+02 l_mi: 1.0000e+00 l_h: 5.5350e+03 
26-08-17 14:46:06.044 - INFO: <epoch: 11, iter: 187,400, lr:1.250e-05> l_back_rec: 3.6414e+02 l_forw_fit: 3.5286e+02 l_mi: 1.0000e+00 l_h: 4.8878e+03 
26-08-17 14:47:01.223 - INFO: <epoch: 11, iter: 187,500, lr:1.250e-05> l_back_rec: 4.3172e+02 l_forw_fit: 3.2914e+02 l_mi: 1.0000e+00 l_h: 5.0780e+03 
26-08-17 14:47:56.253 - INFO: <epoch: 11, iter: 187,600, lr:1.250e-05> l_back_rec: 3.8113e+02 l_forw_fit: 2.9306e+02 l_mi: 1.0000e+00 l_h: 4.7613e+03 
26-08-17 14:48:51.290 - INFO: <epoch: 11, iter: 187,700, lr:1.250e-05> l_back_rec: 4.2949e+02 l_forw_fit: 3.9016e+02 l_mi: 1.0000e+00 l_h: 5.9209e+03 
26-08-17 14:49:46.291 - INFO: <epoch: 11, iter: 187,800, lr:1.250e-05> l_back_rec: 3.9155e+02 l_forw_fit: 3.1328e+02 l_mi: 1.0000e+00 l_h: 5.0595e+03 
26-08-17 14:50:41.366 - INFO: <epoch: 11, iter: 187,900, lr:1.250e-05> l_back_rec: 4.4344e+02 l_forw_fit: 4.1748e+02 l_mi: 1.0000e+00 l_h: 6.0236e+03 
26-08-17 14:51:36.404 - INFO: <epoch: 11, iter: 188,000, lr:1.250e-05> l_back_rec: 3.6367e+02 l_forw_fit: 2.4917e+02 l_mi: 1.0000e+00 l_h: 4.5520e+03 
26-08-17 14:52:16.302 - INFO: # Validation # PSNR_Cover: 5.1742e+01, PSNR_Secret: 4.8610e+01, PSNR_Stego: 4.5573e+01
26-08-17 14:53:11.230 - INFO: <epoch: 11, iter: 188,100, lr:1.250e-05> l_back_rec: 4.4687e+02 l_forw_fit: 5.2817e+02 l_mi: 1.0000e+00 l_h: 6.3507e+03 
26-08-17 14:54:06.285 - INFO: <epoch: 11, iter: 188,200, lr:1.250e-05> l_back_rec: 3.6705e+02 l_forw_fit: 2.3459e+02 l_mi: 1.0000e+00 l_h: 3.9689e+03 
26-08-17 14:55:01.258 - INFO: <epoch: 11, iter: 188,300, lr:1.250e-05> l_back_rec: 3.7927e+02 l_forw_fit: 3.5650e+02 l_mi: 1.0000e+00 l_h: 5.2558e+03 
26-08-17 14:55:56.262 - INFO: <epoch: 11, iter: 188,400, lr:1.250e-05> l_back_rec: 4.3324e+02 l_forw_fit: 3.8171e+02 l_mi: 1.0000e+00 l_h: 5.6488e+03 
26-08-17 14:56:51.325 - INFO: <epoch: 11, iter: 188,500, lr:1.250e-05> l_back_rec: 3.5698e+02 l_forw_fit: 3.1082e+02 l_mi: 1.0000e+00 l_h: 4.9064e+03 
26-08-17 14:57:46.264 - INFO: <epoch: 11, iter: 188,600, lr:1.250e-05> l_back_rec: 5.1289e+02 l_forw_fit: 7.6441e+02 l_mi: 1.0000e+00 l_h: 8.6451e+03 
26-08-17 14:58:41.289 - INFO: <epoch: 11, iter: 188,700, lr:1.250e-05> l_back_rec: 3.3410e+02 l_forw_fit: 3.0495e+02 l_mi: 1.0000e+00 l_h: 4.7444e+03 
26-08-17 14:59:36.329 - INFO: <epoch: 11, iter: 188,800, lr:1.250e-05> l_back_rec: 3.6172e+02 l_forw_fit: 3.6767e+02 l_mi: 1.0000e+00 l_h: 5.6149e+03 
26-08-17 15:00:31.316 - INFO: <epoch: 11, iter: 188,900, lr:1.250e-05> l_back_rec: 3.6943e+02 l_forw_fit: 2.6122e+02 l_mi: 1.0000e+00 l_h: 4.4108e+03 
26-08-17 15:01:26.334 - INFO: <epoch: 11, iter: 189,000, lr:1.250e-05> l_back_rec: 4.1961e+02 l_forw_fit: 5.4706e+02 l_mi: 1.0000e+00 l_h: 7.0039e+03 
26-08-17 15:02:06.535 - INFO: # Validation # PSNR_Cover: 5.1777e+01, PSNR_Secret: 4.8606e+01, PSNR_Stego: 4.5554e+01
26-08-17 15:03:02.938 - INFO: <epoch: 11, iter: 189,100, lr:1.250e-05> l_back_rec: 3.4786e+02 l_forw_fit: 2.6009e+02 l_mi: 1.0000e+00 l_h: 4.4097e+03 
26-08-17 15:03:56.537 - INFO: <epoch: 11, iter: 189,200, lr:1.250e-05> l_back_rec: 3.8497e+02 l_forw_fit: 3.6049e+02 l_mi: 1.0000e+00 l_h: 5.7002e+03 
26-08-17 15:04:52.938 - INFO: <epoch: 11, iter: 189,300, lr:1.250e-05> l_back_rec: 4.6486e+02 l_forw_fit: 5.4410e+02 l_mi: 1.0000e+00 l_h: 6.5690e+03 
26-08-17 15:05:48.366 - INFO: <epoch: 11, iter: 189,400, lr:1.250e-05> l_back_rec: 4.1019e+02 l_forw_fit: 4.5441e+02 l_mi: 1.0000e+00 l_h: 6.3798e+03 
26-08-17 15:06:43.323 - INFO: <epoch: 11, iter: 189,500, lr:1.250e-05> l_back_rec: 4.4113e+02 l_forw_fit: 4.3023e+02 l_mi: 1.0000e+00 l_h: 6.1813e+03 
26-08-17 15:07:38.419 - INFO: <epoch: 11, iter: 189,600, lr:1.250e-05> l_back_rec: 3.8533e+02 l_forw_fit: 3.8628e+02 l_mi: 1.0000e+00 l_h: 5.4470e+03 
26-08-17 15:08:33.641 - INFO: <epoch: 11, iter: 189,700, lr:1.250e-05> l_back_rec: 3.8714e+02 l_forw_fit: 3.2803e+02 l_mi: 1.0000e+00 l_h: 5.1085e+03 
26-08-17 15:09:28.743 - INFO: <epoch: 11, iter: 189,800, lr:1.250e-05> l_back_rec: 4.3353e+02 l_forw_fit: 4.7621e+02 l_mi: 1.0000e+00 l_h: 7.5309e+03 
26-08-17 15:10:23.800 - INFO: <epoch: 11, iter: 189,900, lr:1.250e-05> l_back_rec: 3.4198e+02 l_forw_fit: 2.5876e+02 l_mi: 1.0000e+00 l_h: 4.5545e+03 
26-08-17 15:11:18.709 - INFO: <epoch: 11, iter: 190,000, lr:1.250e-05> l_back_rec: 3.6642e+02 l_forw_fit: 2.7506e+02 l_mi: 1.0000e+00 l_h: 4.4824e+03 
26-08-17 15:11:58.624 - INFO: # Validation # PSNR_Cover: 5.1738e+01, PSNR_Secret: 4.8513e+01, PSNR_Stego: 4.5531e+01
26-08-17 15:11:58.624 - INFO: Saving models and training states.
26-08-17 15:12:54.379 - INFO: <epoch: 11, iter: 190,100, lr:1.250e-05> l_back_rec: 4.3683e+02 l_forw_fit: 3.9298e+02 l_mi: 1.0000e+00 l_h: 5.5690e+03 
26-08-17 15:13:49.426 - INFO: <epoch: 11, iter: 190,200, lr:1.250e-05> l_back_rec: 4.0174e+02 l_forw_fit: 4.5724e+02 l_mi: 1.0000e+00 l_h: 5.3133e+03 
26-08-17 15:14:44.503 - INFO: <epoch: 11, iter: 190,300, lr:1.250e-05> l_back_rec: 4.4915e+02 l_forw_fit: 1.0502e+03 l_mi: 1.0000e+00 l_h: 8.6971e+03 
26-08-17 15:15:39.501 - INFO: <epoch: 11, iter: 190,400, lr:1.250e-05> l_back_rec: 4.0841e+02 l_forw_fit: 2.6601e+02 l_mi: 1.0000e+00 l_h: 4.5511e+03 
26-08-17 15:16:34.719 - INFO: <epoch: 11, iter: 190,500, lr:1.250e-05> l_back_rec: 3.9053e+02 l_forw_fit: 3.0786e+02 l_mi: 1.0000e+00 l_h: 4.9370e+03 
26-08-17 15:17:29.704 - INFO: <epoch: 11, iter: 190,600, lr:1.250e-05> l_back_rec: 3.8762e+02 l_forw_fit: 3.2053e+02 l_mi: 1.0000e+00 l_h: 5.3261e+03 
26-08-17 15:18:24.867 - INFO: <epoch: 11, iter: 190,700, lr:1.250e-05> l_back_rec: 3.9927e+02 l_forw_fit: 3.3303e+02 l_mi: 1.0000e+00 l_h: 5.2219e+03 
26-08-17 15:19:19.891 - INFO: <epoch: 11, iter: 190,800, lr:1.250e-05> l_back_rec: 4.1742e+02 l_forw_fit: 4.2401e+02 l_mi: 1.0000e+00 l_h: 6.3020e+03 
26-08-17 15:20:14.882 - INFO: <epoch: 11, iter: 190,900, lr:1.250e-05> l_back_rec: 4.1449e+02 l_forw_fit: 4.2924e+02 l_mi: 1.0000e+00 l_h: 5.9746e+03 
26-08-17 15:21:09.919 - INFO: <epoch: 11, iter: 191,000, lr:1.250e-05> l_back_rec: 3.9142e+02 l_forw_fit: 3.4820e+02 l_mi: 1.0000e+00 l_h: 5.6584e+03 
26-08-17 15:21:50.281 - INFO: # Validation # PSNR_Cover: 5.1781e+01, PSNR_Secret: 4.8557e+01, PSNR_Stego: 4.5678e+01
26-08-17 15:22:45.139 - INFO: <epoch: 11, iter: 191,100, lr:1.250e-05> l_back_rec: 3.8409e+02 l_forw_fit: 3.5637e+02 l_mi: 1.0000e+00 l_h: 4.9661e+03 
26-08-17 15:23:40.272 - INFO: <epoch: 11, iter: 191,200, lr:1.250e-05> l_back_rec: 3.8028e+02 l_forw_fit: 3.1766e+02 l_mi: 1.0000e+00 l_h: 5.2759e+03 
26-08-17 15:24:35.295 - INFO: <epoch: 11, iter: 191,300, lr:1.250e-05> l_back_rec: 4.2144e+02 l_forw_fit: 4.1153e+02 l_mi: 1.0000e+00 l_h: 5.9757e+03 
26-08-17 15:25:30.640 - INFO: <epoch: 11, iter: 191,400, lr:1.250e-05> l_back_rec: 4.3375e+02 l_forw_fit: 5.0023e+02 l_mi: 1.0000e+00 l_h: 5.9739e+03 
26-08-17 15:26:25.808 - INFO: <epoch: 11, iter: 191,500, lr:1.250e-05> l_back_rec: 4.1512e+02 l_forw_fit: 3.7713e+02 l_mi: 1.0000e+00 l_h: 6.3109e+03 
26-08-17 15:27:20.971 - INFO: <epoch: 11, iter: 191,600, lr:1.250e-05> l_back_rec: 3.7151e+02 l_forw_fit: 2.4998e+02 l_mi: 1.0000e+00 l_h: 4.4244e+03 
26-08-17 15:28:16.084 - INFO: <epoch: 11, iter: 191,700, lr:1.250e-05> l_back_rec: 3.9693e+02 l_forw_fit: 3.6003e+02 l_mi: 1.0000e+00 l_h: 5.4529e+03 
26-08-17 15:29:11.110 - INFO: <epoch: 11, iter: 191,800, lr:1.250e-05> l_back_rec: 4.0081e+02 l_forw_fit: 2.7578e+02 l_mi: 1.0000e+00 l_h: 4.5984e+03 
26-08-17 15:30:06.177 - INFO: <epoch: 11, iter: 191,900, lr:1.250e-05> l_back_rec: 3.9872e+02 l_forw_fit: 4.7547e+02 l_mi: 1.0000e+00 l_h: 5.8732e+03 
26-08-17 15:31:01.765 - INFO: <epoch: 11, iter: 192,000, lr:1.250e-05> l_back_rec: 4.2762e+02 l_forw_fit: 3.9347e+02 l_mi: 1.0000e+00 l_h: 5.6886e+03 
26-08-17 15:31:42.812 - INFO: # Validation # PSNR_Cover: 5.1615e+01, PSNR_Secret: 4.8493e+01, PSNR_Stego: 4.5437e+01
26-08-17 15:32:39.997 - INFO: <epoch: 11, iter: 192,100, lr:1.250e-05> l_back_rec: 4.1033e+02 l_forw_fit: 4.1125e+02 l_mi: 1.0000e+00 l_h: 6.0861e+03 
26-08-17 15:33:36.059 - INFO: <epoch: 11, iter: 192,200, lr:1.250e-05> l_back_rec: 4.6698e+02 l_forw_fit: 6.0221e+02 l_mi: 1.0000e+00 l_h: 6.8149e+03 
26-08-17 15:34:31.459 - INFO: <epoch: 11, iter: 192,300, lr:1.250e-05> l_back_rec: 3.9321e+02 l_forw_fit: 2.6602e+02 l_mi: 1.0000e+00 l_h: 4.4030e+03 
26-08-17 15:35:26.990 - INFO: <epoch: 11, iter: 192,400, lr:1.250e-05> l_back_rec: 4.1255e+02 l_forw_fit: 3.5462e+02 l_mi: 1.0000e+00 l_h: 5.5403e+03 
26-08-17 15:36:22.356 - INFO: <epoch: 11, iter: 192,500, lr:1.250e-05> l_back_rec: 3.4275e+02 l_forw_fit: 1.5476e+02 l_mi: 1.0000e+00 l_h: 3.5839e+03 
26-08-17 15:37:17.896 - INFO: <epoch: 11, iter: 192,600, lr:1.250e-05> l_back_rec: 3.5003e+02 l_forw_fit: 2.4747e+02 l_mi: 1.0000e+00 l_h: 4.2193e+03 
26-08-17 15:38:13.188 - INFO: <epoch: 11, iter: 192,700, lr:1.250e-05> l_back_rec: 4.6291e+02 l_forw_fit: 5.3212e+02 l_mi: 1.0000e+00 l_h: 6.3833e+03 
26-08-17 15:39:08.607 - INFO: <epoch: 11, iter: 192,800, lr:1.250e-05> l_back_rec: 3.9943e+02 l_forw_fit: 3.0821e+02 l_mi: 1.0000e+00 l_h: 4.8331e+03 
26-08-17 15:40:04.031 - INFO: <epoch: 11, iter: 192,900, lr:1.250e-05> l_back_rec: 4.3358e+02 l_forw_fit: 5.9666e+02 l_mi: 1.0000e+00 l_h: 7.3866e+03 
26-08-17 15:40:59.326 - INFO: <epoch: 11, iter: 193,000, lr:1.250e-05> l_back_rec: 3.7385e+02 l_forw_fit: 3.0025e+02 l_mi: 1.0000e+00 l_h: 5.1462e+03 
26-08-17 15:41:39.317 - INFO: # Validation # PSNR_Cover: 5.1674e+01, PSNR_Secret: 4.8597e+01, PSNR_Stego: 4.5577e+01
26-08-17 15:42:34.668 - INFO: <epoch: 11, iter: 193,100, lr:1.250e-05> l_back_rec: 4.5977e+02 l_forw_fit: 4.3039e+02 l_mi: 1.0000e+00 l_h: 6.5589e+03 
26-08-17 15:43:30.005 - INFO: <epoch: 11, iter: 193,200, lr:1.250e-05> l_back_rec: 4.6086e+02 l_forw_fit: 6.5962e+02 l_mi: 1.0000e+00 l_h: 7.7183e+03 
26-08-17 15:44:25.407 - INFO: <epoch: 11, iter: 193,300, lr:1.250e-05> l_back_rec: 3.5712e+02 l_forw_fit: 3.2165e+02 l_mi: 1.0000e+00 l_h: 4.9482e+03 
26-08-17 15:45:20.664 - INFO: <epoch: 11, iter: 193,400, lr:1.250e-05> l_back_rec: 4.4398e+02 l_forw_fit: 4.2518e+02 l_mi: 1.0000e+00 l_h: 5.9558e+03 
26-08-17 15:46:16.029 - INFO: <epoch: 11, iter: 193,500, lr:1.250e-05> l_back_rec: 4.0372e+02 l_forw_fit: 4.6761e+02 l_mi: 1.0000e+00 l_h: 5.9002e+03 
26-08-17 15:47:11.324 - INFO: <epoch: 11, iter: 193,600, lr:1.250e-05> l_back_rec: 4.0201e+02 l_forw_fit: 2.9995e+02 l_mi: 1.0000e+00 l_h: 4.8769e+03 
26-08-17 15:48:05.371 - INFO: <epoch: 11, iter: 193,700, lr:1.250e-05> l_back_rec: 3.9457e+02 l_forw_fit: 5.5435e+02 l_mi: 1.0000e+00 l_h: 5.9888e+03 
26-08-17 15:49:02.771 - INFO: <epoch: 11, iter: 193,800, lr:1.250e-05> l_back_rec: 3.9862e+02 l_forw_fit: 4.5695e+02 l_mi: 1.0000e+00 l_h: 5.9658e+03 
26-08-17 15:51:32.719 - INFO: <epoch: 12, iter: 193,900, lr:1.250e-05> l_back_rec: 3.8435e+02 l_forw_fit: 3.7617e+02 l_mi: 1.0000e+00 l_h: 4.9963e+03 
26-08-17 15:52:32.618 - INFO: <epoch: 12, iter: 194,000, lr:1.250e-05> l_back_rec: 3.8620e+02 l_forw_fit: 3.6232e+02 l_mi: 1.0000e+00 l_h: 5.0530e+03 
26-08-17 15:53:15.751 - INFO: # Validation # PSNR_Cover: 5.1803e+01, PSNR_Secret: 4.8672e+01, PSNR_Stego: 4.5463e+01
26-08-17 15:54:15.979 - INFO: <epoch: 12, iter: 194,100, lr:1.250e-05> l_back_rec: 3.3779e+02 l_forw_fit: 1.8390e+02 l_mi: 1.0000e+00 l_h: 3.9660e+03 
26-08-17 15:55:15.733 - INFO: <epoch: 12, iter: 194,200, lr:1.250e-05> l_back_rec: 4.4290e+02 l_forw_fit: 2.5060e+02 l_mi: 1.0000e+00 l_h: 4.0999e+03 
26-08-17 15:56:15.011 - INFO: <epoch: 12, iter: 194,300, lr:1.250e-05> l_back_rec: 4.0230e+02 l_forw_fit: 3.2155e+02 l_mi: 1.0000e+00 l_h: 4.7941e+03 
26-08-17 15:57:14.216 - INFO: <epoch: 12, iter: 194,400, lr:1.250e-05> l_back_rec: 3.7622e+02 l_forw_fit: 3.5618e+02 l_mi: 1.0000e+00 l_h: 5.3512e+03 
26-08-17 15:58:13.246 - INFO: <epoch: 12, iter: 194,500, lr:1.250e-05> l_back_rec: 3.7924e+02 l_forw_fit: 3.3670e+02 l_mi: 1.0000e+00 l_h: 5.5808e+03 
26-08-17 15:59:12.433 - INFO: <epoch: 12, iter: 194,600, lr:1.250e-05> l_back_rec: 3.8364e+02 l_forw_fit: 2.6229e+02 l_mi: 1.0000e+00 l_h: 4.2541e+03 
26-08-17 16:00:12.340 - INFO: <epoch: 12, iter: 194,700, lr:1.250e-05> l_back_rec: 4.1724e+02 l_forw_fit: 4.3083e+02 l_mi: 1.0000e+00 l_h: 5.8587e+03 
26-08-17 16:01:11.506 - INFO: <epoch: 12, iter: 194,800, lr:1.250e-05> l_back_rec: 3.7918e+02 l_forw_fit: 2.3892e+02 l_mi: 1.0000e+00 l_h: 4.3896e+03 
26-08-17 16:02:08.320 - INFO: <epoch: 12, iter: 194,900, lr:1.250e-05> l_back_rec: 3.7716e+02 l_forw_fit: 3.9902e+02 l_mi: 1.0000e+00 l_h: 5.6143e+03 
26-08-17 16:03:05.102 - INFO: <epoch: 12, iter: 195,000, lr:1.250e-05> l_back_rec: 4.1766e+02 l_forw_fit: 4.1286e+02 l_mi: 1.0000e+00 l_h: 5.9984e+03 
26-08-17 16:03:46.361 - INFO: # Validation # PSNR_Cover: 5.1759e+01, PSNR_Secret: 4.8618e+01, PSNR_Stego: 4.5516e+01
26-08-17 16:03:46.362 - INFO: Saving models and training states.
26-08-17 16:04:44.289 - INFO: <epoch: 12, iter: 195,100, lr:1.250e-05> l_back_rec: 4.7032e+02 l_forw_fit: 5.7123e+02 l_mi: 1.0000e+00 l_h: 7.9655e+03 
26-08-17 16:05:39.930 - INFO: <epoch: 12, iter: 195,200, lr:1.250e-05> l_back_rec: 3.8966e+02 l_forw_fit: 4.3178e+02 l_mi: 1.0000e+00 l_h: 5.8319e+03 
26-08-17 16:06:36.511 - INFO: <epoch: 12, iter: 195,300, lr:1.250e-05> l_back_rec: 4.2013e+02 l_forw_fit: 3.6679e+02 l_mi: 1.0000e+00 l_h: 5.6054e+03 
26-08-17 16:07:33.477 - INFO: <epoch: 12, iter: 195,400, lr:1.250e-05> l_back_rec: 3.9776e+02 l_forw_fit: 2.6089e+02 l_mi: 1.0000e+00 l_h: 4.5163e+03 
26-08-17 16:08:30.165 - INFO: <epoch: 12, iter: 195,500, lr:1.250e-05> l_back_rec: 3.7511e+02 l_forw_fit: 3.1984e+02 l_mi: 1.0000e+00 l_h: 4.9577e+03 
26-08-17 16:09:27.087 - INFO: <epoch: 12, iter: 195,600, lr:1.250e-05> l_back_rec: 4.0673e+02 l_forw_fit: 2.9987e+02 l_mi: 1.0000e+00 l_h: 5.1844e+03 
26-08-17 16:10:23.783 - INFO: <epoch: 12, iter: 195,700, lr:1.250e-05> l_back_rec: 4.1235e+02 l_forw_fit: 4.8798e+02 l_mi: 1.0000e+00 l_h: 5.5693e+03 
26-08-17 16:11:20.731 - INFO: <epoch: 12, iter: 195,800, lr:1.250e-05> l_back_rec: 3.4853e+02 l_forw_fit: 2.8840e+02 l_mi: 1.0000e+00 l_h: 4.9332e+03 
26-08-17 16:12:17.753 - INFO: <epoch: 12, iter: 195,900, lr:1.250e-05> l_back_rec: 4.1735e+02 l_forw_fit: 4.7166e+02 l_mi: 1.0000e+00 l_h: 6.0000e+03 
26-08-17 16:13:14.525 - INFO: <epoch: 12, iter: 196,000, lr:1.250e-05> l_back_rec: 4.6375e+02 l_forw_fit: 6.0369e+02 l_mi: 1.0000e+00 l_h: 7.1559e+03 
26-08-17 16:13:55.401 - INFO: # Validation # PSNR_Cover: 5.1674e+01, PSNR_Secret: 4.8564e+01, PSNR_Stego: 4.5490e+01
26-08-17 16:14:51.533 - INFO: <epoch: 12, iter: 196,100, lr:1.250e-05> l_back_rec: 4.0533e+02 l_forw_fit: 3.4428e+02 l_mi: 1.0000e+00 l_h: 5.5924e+03 
26-08-17 16:15:47.462 - INFO: <epoch: 12, iter: 196,200, lr:1.250e-05> l_back_rec: 4.0733e+02 l_forw_fit: 3.5691e+02 l_mi: 1.0000e+00 l_h: 5.6283e+03 
26-08-17 16:16:43.603 - INFO: <epoch: 12, iter: 196,300, lr:1.250e-05> l_back_rec: 3.6846e+02 l_forw_fit: 3.0692e+02 l_mi: 1.0000e+00 l_h: 4.8540e+03 
26-08-17 16:17:38.988 - INFO: <epoch: 12, iter: 196,400, lr:1.250e-05> l_back_rec: 3.7999e+02 l_forw_fit: 2.5264e+02 l_mi: 1.0000e+00 l_h: 4.5540e+03 
26-08-17 16:18:34.180 - INFO: <epoch: 12, iter: 196,500, lr:1.250e-05> l_back_rec: 4.1702e+02 l_forw_fit: 3.9280e+02 l_mi: 1.0000e+00 l_h: 5.7058e+03 
26-08-17 16:19:30.402 - INFO: <epoch: 12, iter: 196,600, lr:1.250e-05> l_back_rec: 5.5408e+02 l_forw_fit: 4.2852e+02 l_mi: 1.0000e+00 l_h: 5.1265e+03 
26-08-17 16:20:27.217 - INFO: <epoch: 12, iter: 196,700, lr:1.250e-05> l_back_rec: 5.1595e+02 l_forw_fit: 4.7404e+02 l_mi: 1.0000e+00 l_h: 5.9829e+03 
26-08-17 16:21:23.770 - INFO: <epoch: 12, iter: 196,800, lr:1.250e-05> l_back_rec: 3.7177e+02 l_forw_fit: 3.0765e+02 l_mi: 1.0000e+00 l_h: 5.0452e+03 
26-08-17 16:22:20.787 - INFO: <epoch: 12, iter: 196,900, lr:1.250e-05> l_back_rec: 3.8017e+02 l_forw_fit: 3.5940e+02 l_mi: 1.0000e+00 l_h: 5.6786e+03 
26-08-17 16:23:18.007 - INFO: <epoch: 12, iter: 197,000, lr:1.250e-05> l_back_rec: 4.0018e+02 l_forw_fit: 5.3080e+02 l_mi: 1.0000e+00 l_h: 6.4094e+03 
26-08-17 16:24:01.025 - INFO: # Validation # PSNR_Cover: 5.1712e+01, PSNR_Secret: 4.8619e+01, PSNR_Stego: 4.5564e+01
26-08-17 16:24:57.296 - INFO: <epoch: 12, iter: 197,100, lr:1.250e-05> l_back_rec: 3.7266e+02 l_forw_fit: 3.7421e+02 l_mi: 1.0000e+00 l_h: 5.4946e+03 
26-08-17 16:25:54.229 - INFO: <epoch: 12, iter: 197,200, lr:1.250e-05> l_back_rec: 4.5517e+02 l_forw_fit: 4.6709e+02 l_mi: 1.0000e+00 l_h: 6.5291e+03 
26-08-17 16:26:51.258 - INFO: <epoch: 12, iter: 197,300, lr:1.250e-05> l_back_rec: 3.9697e+02 l_forw_fit: 3.9133e+02 l_mi: 1.0000e+00 l_h: 5.6475e+03 
26-08-17 16:27:47.243 - INFO: <epoch: 12, iter: 197,400, lr:1.250e-05> l_back_rec: 4.2074e+02 l_forw_fit: 4.4432e+02 l_mi: 1.0000e+00 l_h: 6.4390e+03 
26-08-17 16:28:43.266 - INFO: <epoch: 12, iter: 197,500, lr:1.250e-05> l_back_rec: 3.8444e+02 l_forw_fit: 3.4476e+02 l_mi: 1.0000e+00 l_h: 5.1903e+03 
26-08-17 16:29:39.223 - INFO: <epoch: 12, iter: 197,600, lr:1.250e-05> l_back_rec: 4.1045e+02 l_forw_fit: 4.1624e+02 l_mi: 1.0000e+00 l_h: 5.9013e+03 
26-08-17 16:30:35.797 - INFO: <epoch: 12, iter: 197,700, lr:1.250e-05> l_back_rec: 4.0296e+02 l_forw_fit: 3.7160e+02 l_mi: 1.0000e+00 l_h: 5.6413e+03 
26-08-17 16:31:32.523 - INFO: <epoch: 12, iter: 197,800, lr:1.250e-05> l_back_rec: 4.8060e+02 l_forw_fit: 5.4327e+02 l_mi: 1.0000e+00 l_h: 8.0025e+03 
26-08-17 16:32:29.303 - INFO: <epoch: 12, iter: 197,900, lr:1.250e-05> l_back_rec: 4.4237e+02 l_forw_fit: 3.6296e+02 l_mi: 1.0000e+00 l_h: 5.2839e+03 
26-08-17 16:33:26.130 - INFO: <epoch: 12, iter: 198,000, lr:1.250e-05> l_back_rec: 4.2161e+02 l_forw_fit: 4.3382e+02 l_mi: 1.0000e+00 l_h: 6.3038e+03 
26-08-17 16:34:07.359 - INFO: # Validation # PSNR_Cover: 5.1792e+01, PSNR_Secret: 4.8451e+01, PSNR_Stego: 4.5659e+01
26-08-17 16:35:04.057 - INFO: <epoch: 12, iter: 198,100, lr:1.250e-05> l_back_rec: 4.2938e+02 l_forw_fit: 6.6107e+02 l_mi: 1.0000e+00 l_h: 6.4344e+03 
26-08-17 16:36:00.566 - INFO: <epoch: 12, iter: 198,200, lr:1.250e-05> l_back_rec: 4.1925e+02 l_forw_fit: 3.6232e+02 l_mi: 1.0000e+00 l_h: 5.6155e+03 
26-08-17 16:36:57.365 - INFO: <epoch: 12, iter: 198,300, lr:1.250e-05> l_back_rec: 4.4916e+02 l_forw_fit: 3.5770e+02 l_mi: 1.0000e+00 l_h: 5.3740e+03 
26-08-17 16:37:53.784 - INFO: <epoch: 12, iter: 198,400, lr:1.250e-05> l_back_rec: 3.7850e+02 l_forw_fit: 4.2893e+02 l_mi: 1.0000e+00 l_h: 5.3479e+03 
26-08-17 16:38:46.462 - INFO: <epoch: 12, iter: 198,500, lr:1.250e-05> l_back_rec: 4.0529e+02 l_forw_fit: 4.2818e+02 l_mi: 1.0000e+00 l_h: 6.3772e+03 
26-08-17 16:39:43.562 - INFO: <epoch: 12, iter: 198,600, lr:1.250e-05> l_back_rec: 3.9357e+02 l_forw_fit: 2.6054e+02 l_mi: 1.0000e+00 l_h: 4.6097e+03 
26-08-17 16:40:40.189 - INFO: <epoch: 12, iter: 198,700, lr:1.250e-05> l_back_rec: 4.6862e+02 l_forw_fit: 5.3072e+02 l_mi: 1.0000e+00 l_h: 7.1514e+03 
26-08-17 16:41:37.092 - INFO: <epoch: 12, iter: 198,800, lr:1.250e-05> l_back_rec: 4.5773e+02 l_forw_fit: 5.3266e+02 l_mi: 1.0000e+00 l_h: 6.8461e+03 
26-08-17 16:42:34.109 - INFO: <epoch: 12, iter: 198,900, lr:1.250e-05> l_back_rec: 4.5679e+02 l_forw_fit: 3.7400e+02 l_mi: 1.0000e+00 l_h: 5.3151e+03 
26-08-17 16:43:30.811 - INFO: <epoch: 12, iter: 199,000, lr:1.250e-05> l_back_rec: 3.8178e+02 l_forw_fit: 4.2662e+02 l_mi: 1.0000e+00 l_h: 5.2121e+03 
26-08-17 16:44:11.559 - INFO: # Validation # PSNR_Cover: 5.1776e+01, PSNR_Secret: 4.8639e+01, PSNR_Stego: 4.5463e+01
26-08-17 16:45:05.361 - INFO: <epoch: 12, iter: 199,100, lr:1.250e-05> l_back_rec: 3.8671e+02 l_forw_fit: 3.5129e+02 l_mi: 1.0000e+00 l_h: 5.4829e+03 
26-08-17 16:46:01.929 - INFO: <epoch: 12, iter: 199,200, lr:1.250e-05> l_back_rec: 4.0189e+02 l_forw_fit: 4.3956e+02 l_mi: 1.0000e+00 l_h: 6.4964e+03 
26-08-17 16:46:58.306 - INFO: <epoch: 12, iter: 199,300, lr:1.250e-05> l_back_rec: 3.8418e+02 l_forw_fit: 3.5925e+02 l_mi: 1.0000e+00 l_h: 5.4101e+03 
26-08-17 16:47:54.986 - INFO: <epoch: 12, iter: 199,400, lr:1.250e-05> l_back_rec: 3.9626e+02 l_forw_fit: 4.4185e+02 l_mi: 1.0000e+00 l_h: 6.8441e+03 
26-08-17 16:48:51.484 - INFO: <epoch: 12, iter: 199,500, lr:1.250e-05> l_back_rec: 3.9154e+02 l_forw_fit: 2.8539e+02 l_mi: 1.0000e+00 l_h: 4.8157e+03 
26-08-17 16:49:47.800 - INFO: <epoch: 12, iter: 199,600, lr:1.250e-05> l_back_rec: 4.0581e+02 l_forw_fit: 3.7745e+02 l_mi: 1.0000e+00 l_h: 5.5614e+03 
26-08-17 16:50:44.048 - INFO: <epoch: 12, iter: 199,700, lr:1.250e-05> l_back_rec: 4.3966e+02 l_forw_fit: 4.7621e+02 l_mi: 1.0000e+00 l_h: 5.5820e+03 
26-08-17 16:51:40.628 - INFO: <epoch: 12, iter: 199,800, lr:1.250e-05> l_back_rec: 3.6792e+02 l_forw_fit: 3.3566e+02 l_mi: 1.0000e+00 l_h: 4.9907e+03 
26-08-17 16:52:37.100 - INFO: <epoch: 12, iter: 199,900, lr:1.250e-05> l_back_rec: 4.8709e+02 l_forw_fit: 4.6150e+02 l_mi: 1.0000e+00 l_h: 6.5353e+03 
26-08-17 16:53:33.762 - INFO: <epoch: 12, iter: 200,000, lr:1.250e-05> l_back_rec: 4.4042e+02 l_forw_fit: 3.5936e+02 l_mi: 1.0000e+00 l_h: 5.4809e+03 
26-08-17 16:54:15.709 - INFO: # Validation # PSNR_Cover: 5.1848e+01, PSNR_Secret: 4.8549e+01, PSNR_Stego: 4.5605e+01
26-08-17 16:54:15.710 - INFO: Saving models and training states.
26-08-17 16:55:12.906 - INFO: <epoch: 12, iter: 200,100, lr:1.250e-05> l_back_rec: 3.8485e+02 l_forw_fit: 3.8489e+02 l_mi: 1.0000e+00 l_h: 5.6020e+03 
26-08-17 16:56:09.614 - INFO: <epoch: 12, iter: 200,200, lr:1.250e-05> l_back_rec: 3.8081e+02 l_forw_fit: 2.5788e+02 l_mi: 1.0000e+00 l_h: 4.6248e+03 
26-08-17 16:57:06.598 - INFO: <epoch: 12, iter: 200,300, lr:1.250e-05> l_back_rec: 3.8987e+02 l_forw_fit: 3.2059e+02 l_mi: 1.0000e+00 l_h: 5.1685e+03 
26-08-17 16:58:03.722 - INFO: <epoch: 12, iter: 200,400, lr:1.250e-05> l_back_rec: 4.1698e+02 l_forw_fit: 3.7739e+02 l_mi: 1.0000e+00 l_h: 5.5211e+03 
26-08-17 16:59:00.861 - INFO: <epoch: 12, iter: 200,500, lr:1.250e-05> l_back_rec: 4.3138e+02 l_forw_fit: 4.2037e+02 l_mi: 1.0000e+00 l_h: 5.4231e+03 
26-08-17 16:59:57.469 - INFO: <epoch: 12, iter: 200,600, lr:1.250e-05> l_back_rec: 4.1125e+02 l_forw_fit: 3.5644e+02 l_mi: 1.0000e+00 l_h: 5.8223e+03 
26-08-17 17:00:54.447 - INFO: <epoch: 12, iter: 200,700, lr:1.250e-05> l_back_rec: 4.2163e+02 l_forw_fit: 3.7367e+02 l_mi: 1.0000e+00 l_h: 5.3295e+03 
26-08-17 17:01:50.877 - INFO: <epoch: 12, iter: 200,800, lr:1.250e-05> l_back_rec: 4.0770e+02 l_forw_fit: 3.5355e+02 l_mi: 1.0000e+00 l_h: 4.9421e+03 
26-08-17 17:02:47.174 - INFO: <epoch: 12, iter: 200,900, lr:1.250e-05> l_back_rec: 3.7830e+02 l_forw_fit: 3.1743e+02 l_mi: 1.0000e+00 l_h: 5.0131e+03 
26-08-17 17:03:41.848 - INFO: <epoch: 12, iter: 201,000, lr:1.250e-05> l_back_rec: 4.1877e+02 l_forw_fit: 3.4366e+02 l_mi: 1.0000e+00 l_h: 5.0548e+03 
26-08-17 17:04:22.545 - INFO: # Validation # PSNR_Cover: 5.1752e+01, PSNR_Secret: 4.8696e+01, PSNR_Stego: 4.5460e+01
26-08-17 17:05:18.397 - INFO: <epoch: 12, iter: 201,100, lr:1.250e-05> l_back_rec: 4.1005e+02 l_forw_fit: 2.7995e+02 l_mi: 1.0000e+00 l_h: 4.7828e+03 
26-08-17 17:06:14.725 - INFO: <epoch: 12, iter: 201,200, lr:1.250e-05> l_back_rec: 3.9984e+02 l_forw_fit: 4.2438e+02 l_mi: 1.0000e+00 l_h: 5.7102e+03 
26-08-17 17:07:11.413 - INFO: <epoch: 12, iter: 201,300, lr:1.250e-05> l_back_rec: 3.4191e+02 l_forw_fit: 2.1138e+02 l_mi: 1.0000e+00 l_h: 4.1075e+03 
26-08-17 17:08:07.635 - INFO: <epoch: 12, iter: 201,400, lr:1.250e-05> l_back_rec: 4.0405e+02 l_forw_fit: 3.8516e+02 l_mi: 1.0000e+00 l_h: 5.7766e+03 
26-08-17 17:09:04.182 - INFO: <epoch: 12, iter: 201,500, lr:1.250e-05> l_back_rec: 3.2500e+02 l_forw_fit: 2.1950e+02 l_mi: 1.0000e+00 l_h: 4.1361e+03 
26-08-17 17:10:01.062 - INFO: <epoch: 12, iter: 201,600, lr:1.250e-05> l_back_rec: 4.1212e+02 l_forw_fit: 4.0256e+02 l_mi: 1.0000e+00 l_h: 5.9047e+03 
26-08-17 17:10:59.685 - INFO: <epoch: 12, iter: 201,700, lr:1.250e-05> l_back_rec: 4.7102e+02 l_forw_fit: 4.9764e+02 l_mi: 1.0000e+00 l_h: 6.3683e+03 
26-08-17 17:11:58.720 - INFO: <epoch: 12, iter: 201,800, lr:1.250e-05> l_back_rec: 4.7168e+02 l_forw_fit: 5.3912e+02 l_mi: 1.0000e+00 l_h: 6.6956e+03 
26-08-17 17:12:55.644 - INFO: <epoch: 12, iter: 201,900, lr:1.250e-05> l_back_rec: 3.8224e+02 l_forw_fit: 3.5430e+02 l_mi: 1.0000e+00 l_h: 5.2013e+03 
26-08-17 17:13:49.450 - INFO: <epoch: 12, iter: 202,000, lr:1.250e-05> l_back_rec: 4.2759e+02 l_forw_fit: 4.4631e+02 l_mi: 1.0000e+00 l_h: 6.3013e+03 
26-08-17 17:14:28.170 - INFO: # Validation # PSNR_Cover: 5.1791e+01, PSNR_Secret: 4.8604e+01, PSNR_Stego: 4.5621e+01
26-08-17 17:15:22.116 - INFO: <epoch: 12, iter: 202,100, lr:1.250e-05> l_back_rec: 4.0897e+02 l_forw_fit: 5.0315e+02 l_mi: 1.0000e+00 l_h: 6.5304e+03 
26-08-17 17:16:15.806 - INFO: <epoch: 12, iter: 202,200, lr:1.250e-05> l_back_rec: 4.2734e+02 l_forw_fit: 2.1507e+02 l_mi: 1.0000e+00 l_h: 3.9548e+03 
26-08-17 17:17:07.170 - INFO: <epoch: 12, iter: 202,300, lr:1.250e-05> l_back_rec: 4.0582e+02 l_forw_fit: 3.6416e+02 l_mi: 1.0000e+00 l_h: 5.3769e+03 
26-08-17 17:17:59.531 - INFO: <epoch: 12, iter: 202,400, lr:1.250e-05> l_back_rec: 4.3968e+02 l_forw_fit: 4.0440e+02 l_mi: 1.0000e+00 l_h: 5.8291e+03 
26-08-17 17:18:51.037 - INFO: <epoch: 12, iter: 202,500, lr:1.250e-05> l_back_rec: 4.4815e+02 l_forw_fit: 6.5310e+02 l_mi: 1.0000e+00 l_h: 7.0883e+03 
26-08-17 17:19:39.960 - INFO: <epoch: 12, iter: 202,600, lr:1.250e-05> l_back_rec: 4.0662e+02 l_forw_fit: 3.5374e+02 l_mi: 1.0000e+00 l_h: 5.8301e+03 
26-08-17 17:20:30.249 - INFO: <epoch: 12, iter: 202,700, lr:1.250e-05> l_back_rec: 5.1725e+02 l_forw_fit: 5.2617e+02 l_mi: 1.0000e+00 l_h: 6.1861e+03 
26-08-17 17:21:20.262 - INFO: <epoch: 12, iter: 202,800, lr:1.250e-05> l_back_rec: 3.5470e+02 l_forw_fit: 2.9598e+02 l_mi: 1.0000e+00 l_h: 4.9348e+03 
26-08-17 17:22:10.460 - INFO: <epoch: 12, iter: 202,900, lr:1.250e-05> l_back_rec: 4.3299e+02 l_forw_fit: 3.9239e+02 l_mi: 1.0000e+00 l_h: 5.2128e+03 
26-08-17 17:23:00.675 - INFO: <epoch: 12, iter: 203,000, lr:1.250e-05> l_back_rec: 3.7564e+02 l_forw_fit: 3.3005e+02 l_mi: 1.0000e+00 l_h: 5.1971e+03 
26-08-17 17:23:37.690 - INFO: # Validation # PSNR_Cover: 5.1751e+01, PSNR_Secret: 4.8618e+01, PSNR_Stego: 4.5633e+01
26-08-17 17:24:27.783 - INFO: <epoch: 12, iter: 203,100, lr:1.250e-05> l_back_rec: 3.7455e+02 l_forw_fit: 3.2229e+02 l_mi: 1.0000e+00 l_h: 5.1809e+03 
26-08-17 17:25:17.761 - INFO: <epoch: 12, iter: 203,200, lr:1.250e-05> l_back_rec: 5.2609e+02 l_forw_fit: 4.8493e+02 l_mi: 1.0000e+00 l_h: 5.4642e+03 
26-08-17 17:26:07.901 - INFO: <epoch: 12, iter: 203,300, lr:1.250e-05> l_back_rec: 3.8099e+02 l_forw_fit: 2.9842e+02 l_mi: 1.0000e+00 l_h: 4.8155e+03 
26-08-17 17:26:58.147 - INFO: <epoch: 12, iter: 203,400, lr:1.250e-05> l_back_rec: 4.2963e+02 l_forw_fit: 3.5702e+02 l_mi: 1.0000e+00 l_h: 5.5397e+03 
26-08-17 17:27:47.927 - INFO: <epoch: 12, iter: 203,500, lr:1.250e-05> l_back_rec: 4.2914e+02 l_forw_fit: 4.3688e+02 l_mi: 1.0000e+00 l_h: 6.1263e+03 
26-08-17 17:28:37.751 - INFO: <epoch: 12, iter: 203,600, lr:1.250e-05> l_back_rec: 3.8097e+02 l_forw_fit: 3.2502e+02 l_mi: 1.0000e+00 l_h: 4.9897e+03 
26-08-17 17:29:27.895 - INFO: <epoch: 12, iter: 203,700, lr:1.250e-05> l_back_rec: 3.8332e+02 l_forw_fit: 3.1525e+02 l_mi: 1.0000e+00 l_h: 4.9445e+03 
26-08-17 17:30:17.717 - INFO: <epoch: 12, iter: 203,800, lr:1.250e-05> l_back_rec: 3.7355e+02 l_forw_fit: 2.6784e+02 l_mi: 1.0000e+00 l_h: 4.5970e+03 
26-08-17 17:31:07.808 - INFO: <epoch: 12, iter: 203,900, lr:1.250e-05> l_back_rec: 3.5189e+02 l_forw_fit: 2.7792e+02 l_mi: 1.0000e+00 l_h: 4.3647e+03 
26-08-17 17:31:57.881 - INFO: <epoch: 12, iter: 204,000, lr:1.250e-05> l_back_rec: 5.4152e+02 l_forw_fit: 6.6799e+02 l_mi: 1.0000e+00 l_h: 7.9636e+03 
26-08-17 17:32:35.150 - INFO: # Validation # PSNR_Cover: 5.1775e+01, PSNR_Secret: 4.8608e+01, PSNR_Stego: 4.5456e+01
26-08-17 17:33:25.422 - INFO: <epoch: 12, iter: 204,100, lr:1.250e-05> l_back_rec: 4.8846e+02 l_forw_fit: 4.3698e+02 l_mi: 1.0000e+00 l_h: 5.9519e+03 
26-08-17 17:34:15.061 - INFO: <epoch: 12, iter: 204,200, lr:1.250e-05> l_back_rec: 4.2424e+02 l_forw_fit: 3.2077e+02 l_mi: 1.0000e+00 l_h: 5.3153e+03 
26-08-17 17:35:05.473 - INFO: <epoch: 12, iter: 204,300, lr:1.250e-05> l_back_rec: 3.9567e+02 l_forw_fit: 3.7729e+02 l_mi: 1.0000e+00 l_h: 5.6694e+03 
26-08-17 17:35:56.227 - INFO: <epoch: 12, iter: 204,400, lr:1.250e-05> l_back_rec: 4.2094e+02 l_forw_fit: 4.7895e+02 l_mi: 1.0000e+00 l_h: 6.3953e+03 
26-08-17 17:36:46.416 - INFO: <epoch: 12, iter: 204,500, lr:1.250e-05> l_back_rec: 3.4744e+02 l_forw_fit: 3.0828e+02 l_mi: 1.0000e+00 l_h: 5.0741e+03 
26-08-17 17:37:37.102 - INFO: <epoch: 12, iter: 204,600, lr:1.250e-05> l_back_rec: 4.0984e+02 l_forw_fit: 3.0743e+02 l_mi: 1.0000e+00 l_h: 5.2044e+03 
26-08-17 17:38:27.387 - INFO: <epoch: 12, iter: 204,700, lr:1.250e-05> l_back_rec: 4.4859e+02 l_forw_fit: 4.1978e+02 l_mi: 1.0000e+00 l_h: 5.7204e+03 
26-08-17 17:39:17.400 - INFO: <epoch: 12, iter: 204,800, lr:1.250e-05> l_back_rec: 3.9483e+02 l_forw_fit: 2.7068e+02 l_mi: 1.0000e+00 l_h: 4.8710e+03 
26-08-17 17:40:07.819 - INFO: <epoch: 12, iter: 204,900, lr:1.250e-05> l_back_rec: 4.3297e+02 l_forw_fit: 3.7808e+02 l_mi: 1.0000e+00 l_h: 5.5634e+03 
26-08-17 17:40:58.272 - INFO: <epoch: 12, iter: 205,000, lr:1.250e-05> l_back_rec: 3.8021e+02 l_forw_fit: 2.8015e+02 l_mi: 1.0000e+00 l_h: 4.6480e+03 
26-08-17 17:41:36.423 - INFO: # Validation # PSNR_Cover: 5.1817e+01, PSNR_Secret: 4.8635e+01, PSNR_Stego: 4.5516e+01
26-08-17 17:41:36.423 - INFO: Saving models and training states.
26-08-17 17:42:27.466 - INFO: <epoch: 12, iter: 205,100, lr:1.250e-05> l_back_rec: 4.2531e+02 l_forw_fit: 6.0236e+02 l_mi: 1.0000e+00 l_h: 6.9347e+03 
26-08-17 17:43:17.529 - INFO: <epoch: 12, iter: 205,200, lr:1.250e-05> l_back_rec: 3.6703e+02 l_forw_fit: 2.9705e+02 l_mi: 1.0000e+00 l_h: 5.0541e+03 
26-08-17 17:44:07.287 - INFO: <epoch: 12, iter: 205,300, lr:1.250e-05> l_back_rec: 4.5232e+02 l_forw_fit: 4.6648e+02 l_mi: 1.0000e+00 l_h: 6.0841e+03 
26-08-17 17:44:57.375 - INFO: <epoch: 12, iter: 205,400, lr:1.250e-05> l_back_rec: 4.1008e+02 l_forw_fit: 3.5072e+02 l_mi: 1.0000e+00 l_h: 5.2681e+03 
26-08-17 17:45:47.699 - INFO: <epoch: 12, iter: 205,500, lr:1.250e-05> l_back_rec: 4.6648e+02 l_forw_fit: 4.9947e+02 l_mi: 1.0000e+00 l_h: 7.1658e+03 
26-08-17 17:46:37.436 - INFO: <epoch: 12, iter: 205,600, lr:1.250e-05> l_back_rec: 3.9543e+02 l_forw_fit: 3.3554e+02 l_mi: 1.0000e+00 l_h: 5.1944e+03 
26-08-17 17:47:27.023 - INFO: <epoch: 12, iter: 205,700, lr:1.250e-05> l_back_rec: 4.1561e+02 l_forw_fit: 4.3484e+02 l_mi: 1.0000e+00 l_h: 6.0512e+03 
26-08-17 17:48:16.915 - INFO: <epoch: 12, iter: 205,800, lr:1.250e-05> l_back_rec: 3.7556e+02 l_forw_fit: 2.2797e+02 l_mi: 1.0000e+00 l_h: 4.1079e+03 
26-08-17 17:49:07.667 - INFO: <epoch: 12, iter: 205,900, lr:1.250e-05> l_back_rec: 4.0410e+02 l_forw_fit: 5.4476e+02 l_mi: 1.0000e+00 l_h: 5.9926e+03 
26-08-17 17:49:58.446 - INFO: <epoch: 12, iter: 206,000, lr:1.250e-05> l_back_rec: 4.1102e+02 l_forw_fit: 4.0794e+02 l_mi: 1.0000e+00 l_h: 5.7979e+03 
26-08-17 17:50:36.715 - INFO: # Validation # PSNR_Cover: 5.1776e+01, PSNR_Secret: 4.8557e+01, PSNR_Stego: 4.5588e+01
26-08-17 17:51:27.439 - INFO: <epoch: 12, iter: 206,100, lr:1.250e-05> l_back_rec: 3.8849e+02 l_forw_fit: 2.8051e+02 l_mi: 1.0000e+00 l_h: 4.3257e+03 
26-08-17 17:52:18.677 - INFO: <epoch: 12, iter: 206,200, lr:1.250e-05> l_back_rec: 3.7124e+02 l_forw_fit: 2.8128e+02 l_mi: 1.0000e+00 l_h: 4.6542e+03 
26-08-17 17:53:08.683 - INFO: <epoch: 12, iter: 206,300, lr:1.250e-05> l_back_rec: 4.1373e+02 l_forw_fit: 2.9675e+02 l_mi: 1.0000e+00 l_h: 4.5792e+03 
26-08-17 17:53:58.495 - INFO: <epoch: 12, iter: 206,400, lr:1.250e-05> l_back_rec: 3.9050e+02 l_forw_fit: 3.8442e+02 l_mi: 1.0000e+00 l_h: 5.6427e+03 
26-08-17 17:54:43.388 - INFO: <epoch: 12, iter: 206,500, lr:1.250e-05> l_back_rec: 4.5227e+02 l_forw_fit: 4.1099e+02 l_mi: 1.0000e+00 l_h: 5.7177e+03 
26-08-17 17:55:29.533 - INFO: <epoch: 12, iter: 206,600, lr:1.250e-05> l_back_rec: 3.5747e+02 l_forw_fit: 2.7101e+02 l_mi: 1.0000e+00 l_h: 4.7525e+03 
26-08-17 17:56:20.272 - INFO: <epoch: 12, iter: 206,700, lr:1.250e-05> l_back_rec: 3.8433e+02 l_forw_fit: 3.1942e+02 l_mi: 1.0000e+00 l_h: 4.9293e+03 
26-08-17 17:57:10.353 - INFO: <epoch: 12, iter: 206,800, lr:1.250e-05> l_back_rec: 4.0501e+02 l_forw_fit: 3.6136e+02 l_mi: 1.0000e+00 l_h: 5.3485e+03 
26-08-17 17:58:00.713 - INFO: <epoch: 12, iter: 206,900, lr:1.250e-05> l_back_rec: 3.7902e+02 l_forw_fit: 3.5655e+02 l_mi: 1.0000e+00 l_h: 5.5273e+03 
26-08-17 17:58:50.586 - INFO: <epoch: 12, iter: 207,000, lr:1.250e-05> l_back_rec: 4.0454e+02 l_forw_fit: 3.0268e+02 l_mi: 1.0000e+00 l_h: 5.2033e+03 
26-08-17 17:59:27.755 - INFO: # Validation # PSNR_Cover: 5.1711e+01, PSNR_Secret: 4.8605e+01, PSNR_Stego: 4.5528e+01
26-08-17 18:00:18.491 - INFO: <epoch: 12, iter: 207,100, lr:1.250e-05> l_back_rec: 4.6498e+02 l_forw_fit: 5.5310e+02 l_mi: 1.0000e+00 l_h: 6.1252e+03 
26-08-17 18:01:08.737 - INFO: <epoch: 12, iter: 207,200, lr:1.250e-05> l_back_rec: 4.4692e+02 l_forw_fit: 3.5792e+02 l_mi: 1.0000e+00 l_h: 5.7961e+03 
26-08-17 18:01:59.149 - INFO: <epoch: 12, iter: 207,300, lr:1.250e-05> l_back_rec: 3.9049e+02 l_forw_fit: 3.8593e+02 l_mi: 1.0000e+00 l_h: 5.1049e+03 
26-08-17 18:02:49.764 - INFO: <epoch: 12, iter: 207,400, lr:1.250e-05> l_back_rec: 3.8310e+02 l_forw_fit: 4.8518e+02 l_mi: 1.0000e+00 l_h: 6.3828e+03 
26-08-17 18:03:40.349 - INFO: <epoch: 12, iter: 207,500, lr:1.250e-05> l_back_rec: 3.7840e+02 l_forw_fit: 2.5985e+02 l_mi: 1.0000e+00 l_h: 4.6580e+03 
26-08-17 18:04:31.029 - INFO: <epoch: 12, iter: 207,600, lr:1.250e-05> l_back_rec: 4.6057e+02 l_forw_fit: 4.3208e+02 l_mi: 1.0000e+00 l_h: 5.9725e+03 
26-08-17 18:05:21.587 - INFO: <epoch: 12, iter: 207,700, lr:1.250e-05> l_back_rec: 3.9637e+02 l_forw_fit: 4.7595e+02 l_mi: 1.0000e+00 l_h: 6.0039e+03 
26-08-17 18:06:11.565 - INFO: <epoch: 12, iter: 207,800, lr:1.250e-05> l_back_rec: 3.4956e+02 l_forw_fit: 3.1905e+02 l_mi: 1.0000e+00 l_h: 5.1223e+03 
26-08-17 18:07:02.063 - INFO: <epoch: 12, iter: 207,900, lr:1.250e-05> l_back_rec: 4.0355e+02 l_forw_fit: 2.5175e+02 l_mi: 1.0000e+00 l_h: 4.5870e+03 
26-08-17 18:07:52.575 - INFO: <epoch: 12, iter: 208,000, lr:1.250e-05> l_back_rec: 4.0354e+02 l_forw_fit: 4.4278e+02 l_mi: 1.0000e+00 l_h: 6.0350e+03 
26-08-17 18:08:30.500 - INFO: # Validation # PSNR_Cover: 5.1798e+01, PSNR_Secret: 4.8719e+01, PSNR_Stego: 4.5433e+01
26-08-17 18:09:20.412 - INFO: <epoch: 12, iter: 208,100, lr:1.250e-05> l_back_rec: 3.6522e+02 l_forw_fit: 3.8962e+02 l_mi: 1.0000e+00 l_h: 5.9282e+03 
26-08-17 18:10:10.746 - INFO: <epoch: 12, iter: 208,200, lr:1.250e-05> l_back_rec: 4.2004e+02 l_forw_fit: 4.0532e+02 l_mi: 1.0000e+00 l_h: 5.8287e+03 
26-08-17 18:11:01.896 - INFO: <epoch: 12, iter: 208,300, lr:1.250e-05> l_back_rec: 4.0966e+02 l_forw_fit: 4.5642e+02 l_mi: 1.0000e+00 l_h: 6.3406e+03 
26-08-17 18:11:52.574 - INFO: <epoch: 12, iter: 208,400, lr:1.250e-05> l_back_rec: 4.2801e+02 l_forw_fit: 3.2526e+02 l_mi: 1.0000e+00 l_h: 5.2792e+03 
26-08-17 18:12:43.026 - INFO: <epoch: 12, iter: 208,500, lr:1.250e-05> l_back_rec: 3.8171e+02 l_forw_fit: 3.1288e+02 l_mi: 1.0000e+00 l_h: 5.0428e+03 
26-08-17 18:13:33.531 - INFO: <epoch: 12, iter: 208,600, lr:1.250e-05> l_back_rec: 3.4909e+02 l_forw_fit: 2.4442e+02 l_mi: 1.0000e+00 l_h: 4.6045e+03 
26-08-17 18:14:23.760 - INFO: <epoch: 12, iter: 208,700, lr:1.250e-05> l_back_rec: 3.7750e+02 l_forw_fit: 3.4037e+02 l_mi: 1.0000e+00 l_h: 4.7402e+03 
26-08-17 18:15:14.037 - INFO: <epoch: 12, iter: 208,800, lr:1.250e-05> l_back_rec: 4.6142e+02 l_forw_fit: 3.6990e+02 l_mi: 1.0000e+00 l_h: 5.5266e+03 
26-08-17 18:16:04.283 - INFO: <epoch: 12, iter: 208,900, lr:1.250e-05> l_back_rec: 3.8151e+02 l_forw_fit: 3.4505e+02 l_mi: 1.0000e+00 l_h: 5.0385e+03 
26-08-17 18:16:54.701 - INFO: <epoch: 12, iter: 209,000, lr:1.250e-05> l_back_rec: 4.1624e+02 l_forw_fit: 4.6827e+02 l_mi: 1.0000e+00 l_h: 7.2392e+03 
26-08-17 18:17:32.897 - INFO: # Validation # PSNR_Cover: 5.1766e+01, PSNR_Secret: 4.8628e+01, PSNR_Stego: 4.5500e+01
26-08-17 18:18:23.085 - INFO: <epoch: 12, iter: 209,100, lr:1.250e-05> l_back_rec: 5.0166e+02 l_forw_fit: 5.5685e+02 l_mi: 1.0000e+00 l_h: 7.4437e+03 
26-08-17 18:19:12.873 - INFO: <epoch: 12, iter: 209,200, lr:1.250e-05> l_back_rec: 3.9653e+02 l_forw_fit: 3.4321e+02 l_mi: 1.0000e+00 l_h: 5.2514e+03 
26-08-17 18:20:02.552 - INFO: <epoch: 12, iter: 209,300, lr:1.250e-05> l_back_rec: 4.5616e+02 l_forw_fit: 4.9207e+02 l_mi: 1.0000e+00 l_h: 6.5259e+03 
26-08-17 18:20:51.608 - INFO: <epoch: 12, iter: 209,400, lr:1.250e-05> l_back_rec: 4.2615e+02 l_forw_fit: 4.9280e+02 l_mi: 1.0000e+00 l_h: 6.0780e+03 
26-08-17 18:21:40.770 - INFO: <epoch: 12, iter: 209,500, lr:1.250e-05> l_back_rec: 4.0461e+02 l_forw_fit: 4.4266e+02 l_mi: 1.0000e+00 l_h: 6.3065e+03 
26-08-17 18:22:30.031 - INFO: <epoch: 12, iter: 209,600, lr:1.250e-05> l_back_rec: 4.0409e+02 l_forw_fit: 3.5086e+02 l_mi: 1.0000e+00 l_h: 5.5322e+03 
26-08-17 18:23:19.212 - INFO: <epoch: 12, iter: 209,700, lr:1.250e-05> l_back_rec: 3.7528e+02 l_forw_fit: 3.3220e+02 l_mi: 1.0000e+00 l_h: 5.3474e+03 
26-08-17 18:24:08.336 - INFO: <epoch: 12, iter: 209,800, lr:1.250e-05> l_back_rec: 3.7984e+02 l_forw_fit: 4.5390e+02 l_mi: 1.0000e+00 l_h: 6.0085e+03 
26-08-17 18:24:57.423 - INFO: <epoch: 12, iter: 209,900, lr:1.250e-05> l_back_rec: 3.8547e+02 l_forw_fit: 5.3939e+02 l_mi: 1.0000e+00 l_h: 6.0146e+03 
26-08-17 18:27:01.321 - INFO: <epoch: 13, iter: 210,000, lr:1.250e-05> l_back_rec: 3.9512e+02 l_forw_fit: 4.3853e+02 l_mi: 1.0000e+00 l_h: 5.3566e+03 
26-08-17 18:27:46.215 - INFO: # Validation # PSNR_Cover: 5.1780e+01, PSNR_Secret: 4.8428e+01, PSNR_Stego: 4.5576e+01
26-08-17 18:27:46.215 - INFO: Saving models and training states.
26-08-17 18:28:36.885 - INFO: <epoch: 13, iter: 210,100, lr:1.250e-05> l_back_rec: 4.2593e+02 l_forw_fit: 3.7852e+02 l_mi: 1.0000e+00 l_h: 5.6595e+03 
26-08-17 18:29:26.436 - INFO: <epoch: 13, iter: 210,200, lr:1.250e-05> l_back_rec: 4.0008e+02 l_forw_fit: 3.4150e+02 l_mi: 1.0000e+00 l_h: 5.5367e+03 
26-08-17 18:30:15.682 - INFO: <epoch: 13, iter: 210,300, lr:1.250e-05> l_back_rec: 4.5971e+02 l_forw_fit: 4.4002e+02 l_mi: 1.0000e+00 l_h: 5.6808e+03 
26-08-17 18:31:04.888 - INFO: <epoch: 13, iter: 210,400, lr:1.250e-05> l_back_rec: 3.9438e+02 l_forw_fit: 3.6081e+02 l_mi: 1.0000e+00 l_h: 5.5761e+03 
26-08-17 18:31:54.392 - INFO: <epoch: 13, iter: 210,500, lr:1.250e-05> l_back_rec: 3.6820e+02 l_forw_fit: 4.0762e+02 l_mi: 1.0000e+00 l_h: 5.3543e+03 
26-08-17 18:32:43.773 - INFO: <epoch: 13, iter: 210,600, lr:1.250e-05> l_back_rec: 4.1010e+02 l_forw_fit: 4.1323e+02 l_mi: 1.0000e+00 l_h: 5.4706e+03 
26-08-17 18:33:33.481 - INFO: <epoch: 13, iter: 210,700, lr:1.250e-05> l_back_rec: 4.5507e+02 l_forw_fit: 4.0439e+02 l_mi: 1.0000e+00 l_h: 5.6917e+03 
26-08-17 18:34:22.880 - INFO: <epoch: 13, iter: 210,800, lr:1.250e-05> l_back_rec: 3.7966e+02 l_forw_fit: 2.8721e+02 l_mi: 1.0000e+00 l_h: 4.7764e+03 
26-08-17 18:35:12.236 - INFO: <epoch: 13, iter: 210,900, lr:1.250e-05> l_back_rec: 4.0357e+02 l_forw_fit: 3.2144e+02 l_mi: 1.0000e+00 l_h: 5.0564e+03 
26-08-17 18:36:01.598 - INFO: <epoch: 13, iter: 211,000, lr:1.250e-05> l_back_rec: 4.1560e+02 l_forw_fit: 4.1527e+02 l_mi: 1.0000e+00 l_h: 5.7846e+03 
26-08-17 18:36:39.128 - INFO: # Validation # PSNR_Cover: 5.1814e+01, PSNR_Secret: 4.8625e+01, PSNR_Stego: 4.5549e+01
26-08-17 18:37:29.125 - INFO: <epoch: 13, iter: 211,100, lr:1.250e-05> l_back_rec: 5.0526e+02 l_forw_fit: 4.3250e+02 l_mi: 1.0000e+00 l_h: 6.5572e+03 
26-08-17 18:38:18.596 - INFO: <epoch: 13, iter: 211,200, lr:1.250e-05> l_back_rec: 3.6546e+02 l_forw_fit: 2.5508e+02 l_mi: 1.0000e+00 l_h: 4.6125e+03 
26-08-17 18:39:08.150 - INFO: <epoch: 13, iter: 211,300, lr:1.250e-05> l_back_rec: 3.8980e+02 l_forw_fit: 3.6303e+02 l_mi: 1.0000e+00 l_h: 5.7660e+03 
26-08-17 18:39:57.658 - INFO: <epoch: 13, iter: 211,400, lr:1.250e-05> l_back_rec: 3.9983e+02 l_forw_fit: 3.3818e+02 l_mi: 1.0000e+00 l_h: 5.2743e+03 
26-08-17 18:40:46.978 - INFO: <epoch: 13, iter: 211,500, lr:1.250e-05> l_back_rec: 3.7684e+02 l_forw_fit: 3.0723e+02 l_mi: 1.0000e+00 l_h: 4.9942e+03 
26-08-17 18:41:36.341 - INFO: <epoch: 13, iter: 211,600, lr:1.250e-05> l_back_rec: 3.5228e+02 l_forw_fit: 2.5155e+02 l_mi: 1.0000e+00 l_h: 4.5775e+03 
26-08-17 18:42:24.288 - INFO: <epoch: 13, iter: 211,700, lr:1.250e-05> l_back_rec: 3.8873e+02 l_forw_fit: 2.5739e+02 l_mi: 1.0000e+00 l_h: 4.8973e+03 
26-08-17 18:43:12.021 - INFO: <epoch: 13, iter: 211,800, lr:1.250e-05> l_back_rec: 4.3833e+02 l_forw_fit: 4.0778e+02 l_mi: 1.0000e+00 l_h: 5.7259e+03 
26-08-17 18:44:04.027 - INFO: <epoch: 13, iter: 211,900, lr:1.250e-05> l_back_rec: 4.0898e+02 l_forw_fit: 4.6604e+02 l_mi: 1.0000e+00 l_h: 5.9951e+03 
26-08-17 18:44:54.764 - INFO: <epoch: 13, iter: 212,000, lr:1.250e-05> l_back_rec: 4.4100e+02 l_forw_fit: 4.7857e+02 l_mi: 1.0000e+00 l_h: 6.8062e+03 
26-08-17 18:45:32.522 - INFO: # Validation # PSNR_Cover: 5.1848e+01, PSNR_Secret: 4.8649e+01, PSNR_Stego: 4.5643e+01
26-08-17 18:46:22.994 - INFO: <epoch: 13, iter: 212,100, lr:1.250e-05> l_back_rec: 4.4894e+02 l_forw_fit: 3.4747e+02 l_mi: 1.0000e+00 l_h: 5.2008e+03 
26-08-17 18:47:13.959 - INFO: <epoch: 13, iter: 212,200, lr:1.250e-05> l_back_rec: 4.8117e+02 l_forw_fit: 5.5010e+02 l_mi: 1.0000e+00 l_h: 6.7817e+03 
26-08-17 18:48:04.471 - INFO: <epoch: 13, iter: 212,300, lr:1.250e-05> l_back_rec: 3.6317e+02 l_forw_fit: 2.6657e+02 l_mi: 1.0000e+00 l_h: 4.5114e+03 
26-08-17 18:48:54.636 - INFO: <epoch: 13, iter: 212,400, lr:1.250e-05> l_back_rec: 4.8212e+02 l_forw_fit: 5.1294e+02 l_mi: 1.0000e+00 l_h: 6.8965e+03 
26-08-17 18:49:44.574 - INFO: <epoch: 13, iter: 212,500, lr:1.250e-05> l_back_rec: 4.8519e+02 l_forw_fit: 3.6324e+02 l_mi: 1.0000e+00 l_h: 5.0930e+03 
26-08-17 18:50:34.885 - INFO: <epoch: 13, iter: 212,600, lr:1.250e-05> l_back_rec: 5.4953e+02 l_forw_fit: 5.2661e+02 l_mi: 1.0000e+00 l_h: 7.0097e+03 
26-08-17 18:51:24.641 - INFO: <epoch: 13, iter: 212,700, lr:1.250e-05> l_back_rec: 4.2714e+02 l_forw_fit: 2.9857e+02 l_mi: 1.0000e+00 l_h: 4.9581e+03 
26-08-17 18:52:13.561 - INFO: <epoch: 13, iter: 212,800, lr:1.250e-05> l_back_rec: 3.9111e+02 l_forw_fit: 2.9974e+02 l_mi: 1.0000e+00 l_h: 5.1179e+03 
26-08-17 18:53:03.823 - INFO: <epoch: 13, iter: 212,900, lr:1.250e-05> l_back_rec: 4.5124e+02 l_forw_fit: 4.7346e+02 l_mi: 1.0000e+00 l_h: 6.1986e+03 
26-08-17 18:53:53.934 - INFO: <epoch: 13, iter: 213,000, lr:1.250e-05> l_back_rec: 5.2518e+02 l_forw_fit: 4.9860e+02 l_mi: 1.0000e+00 l_h: 6.1602e+03 
26-08-17 18:54:31.623 - INFO: # Validation # PSNR_Cover: 5.1878e+01, PSNR_Secret: 4.8625e+01, PSNR_Stego: 4.5610e+01
26-08-17 18:55:22.225 - INFO: <epoch: 13, iter: 213,100, lr:1.250e-05> l_back_rec: 4.2154e+02 l_forw_fit: 4.8798e+02 l_mi: 1.0000e+00 l_h: 6.0754e+03 
26-08-17 18:56:11.975 - INFO: <epoch: 13, iter: 213,200, lr:1.250e-05> l_back_rec: 3.9877e+02 l_forw_fit: 2.7920e+02 l_mi: 1.0000e+00 l_h: 4.5209e+03 
26-08-17 18:57:01.468 - INFO: <epoch: 13, iter: 213,300, lr:1.250e-05> l_back_rec: 3.6572e+02 l_forw_fit: 3.6685e+02 l_mi: 1.0000e+00 l_h: 5.3881e+03 
26-08-17 18:57:50.632 - INFO: <epoch: 13, iter: 213,400, lr:1.250e-05> l_back_rec: 4.6566e+02 l_forw_fit: 4.2696e+02 l_mi: 1.0000e+00 l_h: 5.9327e+03 
26-08-17 18:58:40.154 - INFO: <epoch: 13, iter: 213,500, lr:1.250e-05> l_back_rec: 5.2886e+02 l_forw_fit: 8.2631e+02 l_mi: 1.0000e+00 l_h: 9.9269e+03 
26-08-17 18:59:29.829 - INFO: <epoch: 13, iter: 213,600, lr:1.250e-05> l_back_rec: 4.7577e+02 l_forw_fit: 4.0237e+02 l_mi: 1.0000e+00 l_h: 5.4947e+03 
26-08-17 19:00:19.316 - INFO: <epoch: 13, iter: 213,700, lr:1.250e-05> l_back_rec: 4.5659e+02 l_forw_fit: 4.1518e+02 l_mi: 1.0000e+00 l_h: 5.9161e+03 
26-08-17 19:01:09.009 - INFO: <epoch: 13, iter: 213,800, lr:1.250e-05> l_back_rec: 3.8589e+02 l_forw_fit: 3.1183e+02 l_mi: 1.0000e+00 l_h: 4.8898e+03 
26-08-17 19:01:59.764 - INFO: <epoch: 13, iter: 213,900, lr:1.250e-05> l_back_rec: 3.9299e+02 l_forw_fit: 3.7783e+02 l_mi: 1.0000e+00 l_h: 5.8417e+03 
26-08-17 19:02:49.914 - INFO: <epoch: 13, iter: 214,000, lr:1.250e-05> l_back_rec: 4.8200e+02 l_forw_fit: 6.6951e+02 l_mi: 1.0000e+00 l_h: 8.4017e+03 
26-08-17 19:03:27.951 - INFO: # Validation # PSNR_Cover: 5.1758e+01, PSNR_Secret: 4.8711e+01, PSNR_Stego: 4.5567e+01
26-08-17 19:04:19.187 - INFO: <epoch: 13, iter: 214,100, lr:1.250e-05> l_back_rec: 5.5453e+02 l_forw_fit: 9.7955e+02 l_mi: 1.0000e+00 l_h: 1.0258e+04 
26-08-17 19:05:09.104 - INFO: <epoch: 13, iter: 214,200, lr:1.250e-05> l_back_rec: 3.6394e+02 l_forw_fit: 2.4523e+02 l_mi: 1.0000e+00 l_h: 4.0473e+03 
26-08-17 19:05:58.536 - INFO: <epoch: 13, iter: 214,300, lr:1.250e-05> l_back_rec: 3.9248e+02 l_forw_fit: 3.9935e+02 l_mi: 1.0000e+00 l_h: 5.3535e+03 
26-08-17 19:06:47.871 - INFO: <epoch: 13, iter: 214,400, lr:1.250e-05> l_back_rec: 4.4194e+02 l_forw_fit: 7.7316e+02 l_mi: 1.0000e+00 l_h: 8.2155e+03 
26-08-17 19:07:37.202 - INFO: <epoch: 13, iter: 214,500, lr:1.250e-05> l_back_rec: 3.7192e+02 l_forw_fit: 3.2292e+02 l_mi: 1.0000e+00 l_h: 5.0946e+03 
26-08-17 19:08:26.701 - INFO: <epoch: 13, iter: 214,600, lr:1.250e-05> l_back_rec: 4.0080e+02 l_forw_fit: 3.3038e+02 l_mi: 1.0000e+00 l_h: 5.0111e+03 
26-08-17 19:09:16.031 - INFO: <epoch: 13, iter: 214,700, lr:1.250e-05> l_back_rec: 4.7185e+02 l_forw_fit: 5.2674e+02 l_mi: 1.0000e+00 l_h: 6.4247e+03 
26-08-17 19:10:05.586 - INFO: <epoch: 13, iter: 214,800, lr:1.250e-05> l_back_rec: 3.9418e+02 l_forw_fit: 4.6281e+02 l_mi: 1.0000e+00 l_h: 5.5617e+03 
26-08-17 19:10:55.218 - INFO: <epoch: 13, iter: 214,900, lr:1.250e-05> l_back_rec: 4.2862e+02 l_forw_fit: 4.6666e+02 l_mi: 1.0000e+00 l_h: 6.2674e+03 
26-08-17 19:11:44.758 - INFO: <epoch: 13, iter: 215,000, lr:1.250e-05> l_back_rec: 3.8815e+02 l_forw_fit: 2.9841e+02 l_mi: 1.0000e+00 l_h: 4.9655e+03 
26-08-17 19:12:23.039 - INFO: # Validation # PSNR_Cover: 5.1846e+01, PSNR_Secret: 4.8762e+01, PSNR_Stego: 4.5442e+01
26-08-17 19:12:23.039 - INFO: Saving models and training states.
26-08-17 19:13:14.310 - INFO: <epoch: 13, iter: 215,100, lr:1.250e-05> l_back_rec: 3.5584e+02 l_forw_fit: 2.7934e+02 l_mi: 1.0000e+00 l_h: 4.6868e+03 
26-08-17 19:14:04.054 - INFO: <epoch: 13, iter: 215,200, lr:1.250e-05> l_back_rec: 4.1396e+02 l_forw_fit: 4.8030e+02 l_mi: 1.0000e+00 l_h: 6.4287e+03 
26-08-17 19:14:53.771 - INFO: <epoch: 13, iter: 215,300, lr:1.250e-05> l_back_rec: 3.9118e+02 l_forw_fit: 3.9188e+02 l_mi: 1.0000e+00 l_h: 6.0522e+03 
26-08-17 19:15:43.288 - INFO: <epoch: 13, iter: 215,400, lr:1.250e-05> l_back_rec: 4.0600e+02 l_forw_fit: 3.2907e+02 l_mi: 1.0000e+00 l_h: 5.3206e+03 
26-08-17 19:16:33.307 - INFO: <epoch: 13, iter: 215,500, lr:1.250e-05> l_back_rec: 3.9150e+02 l_forw_fit: 4.0824e+02 l_mi: 1.0000e+00 l_h: 5.7874e+03 
26-08-17 19:17:23.440 - INFO: <epoch: 13, iter: 215,600, lr:1.250e-05> l_back_rec: 4.2012e+02 l_forw_fit: 3.6188e+02 l_mi: 1.0000e+00 l_h: 5.4099e+03 
26-08-17 19:18:13.334 - INFO: <epoch: 13, iter: 215,700, lr:1.250e-05> l_back_rec: 3.5673e+02 l_forw_fit: 2.6494e+02 l_mi: 1.0000e+00 l_h: 4.7753e+03 
26-08-17 19:19:03.241 - INFO: <epoch: 13, iter: 215,800, lr:1.250e-05> l_back_rec: 3.6328e+02 l_forw_fit: 2.9829e+02 l_mi: 1.0000e+00 l_h: 4.8630e+03 
26-08-17 19:19:54.277 - INFO: <epoch: 13, iter: 215,900, lr:1.250e-05> l_back_rec: 4.2404e+02 l_forw_fit: 3.4883e+02 l_mi: 1.0000e+00 l_h: 4.9943e+03 
26-08-17 19:20:44.246 - INFO: <epoch: 13, iter: 216,000, lr:1.250e-05> l_back_rec: 4.4738e+02 l_forw_fit: 3.8461e+02 l_mi: 1.0000e+00 l_h: 5.5943e+03 
26-08-17 19:21:22.355 - INFO: # Validation # PSNR_Cover: 5.1867e+01, PSNR_Secret: 4.8700e+01, PSNR_Stego: 4.5524e+01
26-08-17 19:22:12.754 - INFO: <epoch: 13, iter: 216,100, lr:1.250e-05> l_back_rec: 3.7584e+02 l_forw_fit: 2.9042e+02 l_mi: 1.0000e+00 l_h: 5.0196e+03 
26-08-17 19:23:03.387 - INFO: <epoch: 13, iter: 216,200, lr:1.250e-05> l_back_rec: 4.5422e+02 l_forw_fit: 6.8215e+02 l_mi: 1.0000e+00 l_h: 6.9727e+03 
26-08-17 19:23:54.096 - INFO: <epoch: 13, iter: 216,300, lr:1.250e-05> l_back_rec: 4.2332e+02 l_forw_fit: 3.8011e+02 l_mi: 1.0000e+00 l_h: 5.8588e+03 
26-08-17 19:24:44.237 - INFO: <epoch: 13, iter: 216,400, lr:1.250e-05> l_back_rec: 3.6564e+02 l_forw_fit: 2.3515e+02 l_mi: 1.0000e+00 l_h: 4.4493e+03 
26-08-17 19:25:34.088 - INFO: <epoch: 13, iter: 216,500, lr:1.250e-05> l_back_rec: 4.6342e+02 l_forw_fit: 6.1003e+02 l_mi: 1.0000e+00 l_h: 7.0501e+03 
26-08-17 19:26:23.471 - INFO: <epoch: 13, iter: 216,600, lr:1.250e-05> l_back_rec: 3.9516e+02 l_forw_fit: 3.8996e+02 l_mi: 1.0000e+00 l_h: 5.4792e+03 
26-08-17 19:27:14.230 - INFO: <epoch: 13, iter: 216,700, lr:1.250e-05> l_back_rec: 4.3067e+02 l_forw_fit: 3.2730e+02 l_mi: 1.0000e+00 l_h: 5.1105e+03 
26-08-17 19:28:04.521 - INFO: <epoch: 13, iter: 216,800, lr:1.250e-05> l_back_rec: 4.1474e+02 l_forw_fit: 4.8225e+02 l_mi: 1.0000e+00 l_h: 5.5280e+03 
26-08-17 19:28:54.317 - INFO: <epoch: 13, iter: 216,900, lr:1.250e-05> l_back_rec: 4.7966e+02 l_forw_fit: 3.9296e+02 l_mi: 1.0000e+00 l_h: 5.2736e+03 
26-08-17 19:29:44.159 - INFO: <epoch: 13, iter: 217,000, lr:1.250e-05> l_back_rec: 3.5850e+02 l_forw_fit: 2.4706e+02 l_mi: 1.0000e+00 l_h: 4.5134e+03 
26-08-17 19:30:22.014 - INFO: # Validation # PSNR_Cover: 5.1851e+01, PSNR_Secret: 4.8702e+01, PSNR_Stego: 4.5576e+01
26-08-17 19:31:11.616 - INFO: <epoch: 13, iter: 217,100, lr:1.250e-05> l_back_rec: 3.6152e+02 l_forw_fit: 2.6341e+02 l_mi: 1.0000e+00 l_h: 4.6838e+03 
26-08-17 19:32:02.370 - INFO: <epoch: 13, iter: 217,200, lr:1.250e-05> l_back_rec: 4.3468e+02 l_forw_fit: 3.5328e+02 l_mi: 1.0000e+00 l_h: 5.5362e+03 
26-08-17 19:32:52.341 - INFO: <epoch: 13, iter: 217,300, lr:1.250e-05> l_back_rec: 4.5552e+02 l_forw_fit: 3.7511e+02 l_mi: 1.0000e+00 l_h: 5.5255e+03 
26-08-17 19:33:42.331 - INFO: <epoch: 13, iter: 217,400, lr:1.250e-05> l_back_rec: 3.7839e+02 l_forw_fit: 4.2622e+02 l_mi: 1.0000e+00 l_h: 5.3649e+03 
26-08-17 19:34:32.373 - INFO: <epoch: 13, iter: 217,500, lr:1.250e-05> l_back_rec: 3.7333e+02 l_forw_fit: 2.7353e+02 l_mi: 1.0000e+00 l_h: 4.4969e+03 
26-08-17 19:35:22.233 - INFO: <epoch: 13, iter: 217,600, lr:1.250e-05> l_back_rec: 3.9021e+02 l_forw_fit: 4.4446e+02 l_mi: 1.0000e+00 l_h: 5.8684e+03 
26-08-17 19:36:11.752 - INFO: <epoch: 13, iter: 217,700, lr:1.250e-05> l_back_rec: 4.1148e+02 l_forw_fit: 2.0331e+02 l_mi: 1.0000e+00 l_h: 3.8042e+03 
26-08-17 19:37:02.459 - INFO: <epoch: 13, iter: 217,800, lr:1.250e-05> l_back_rec: 4.4774e+02 l_forw_fit: 4.7712e+02 l_mi: 1.0000e+00 l_h: 5.8848e+03 
26-08-17 19:37:52.453 - INFO: <epoch: 13, iter: 217,900, lr:1.250e-05> l_back_rec: 4.2223e+02 l_forw_fit: 4.2240e+02 l_mi: 1.0000e+00 l_h: 6.4017e+03 
26-08-17 19:38:42.209 - INFO: <epoch: 13, iter: 218,000, lr:1.250e-05> l_back_rec: 4.0726e+02 l_forw_fit: 3.6359e+02 l_mi: 1.0000e+00 l_h: 5.2026e+03 
26-08-17 19:39:19.774 - INFO: # Validation # PSNR_Cover: 5.1792e+01, PSNR_Secret: 4.8687e+01, PSNR_Stego: 4.5432e+01
26-08-17 19:40:10.026 - INFO: <epoch: 13, iter: 218,100, lr:1.250e-05> l_back_rec: 3.7424e+02 l_forw_fit: 2.4041e+02 l_mi: 1.0000e+00 l_h: 4.7580e+03 
26-08-17 19:41:00.216 - INFO: <epoch: 13, iter: 218,200, lr:1.250e-05> l_back_rec: 4.1657e+02 l_forw_fit: 2.6552e+02 l_mi: 1.0000e+00 l_h: 4.6488e+03 
26-08-17 19:41:49.997 - INFO: <epoch: 13, iter: 218,300, lr:1.250e-05> l_back_rec: 3.8428e+02 l_forw_fit: 3.0111e+02 l_mi: 1.0000e+00 l_h: 4.5184e+03 
26-08-17 19:42:40.222 - INFO: <epoch: 13, iter: 218,400, lr:1.250e-05> l_back_rec: 4.3781e+02 l_forw_fit: 3.7155e+02 l_mi: 1.0000e+00 l_h: 5.8718e+03 
26-08-17 19:43:30.323 - INFO: <epoch: 13, iter: 218,500, lr:1.250e-05> l_back_rec: 4.3642e+02 l_forw_fit: 4.5535e+02 l_mi: 1.0000e+00 l_h: 6.5179e+03 
26-08-17 19:44:20.000 - INFO: <epoch: 13, iter: 218,600, lr:1.250e-05> l_back_rec: 3.2411e+02 l_forw_fit: 2.3071e+02 l_mi: 1.0000e+00 l_h: 4.2375e+03 
26-08-17 19:45:10.185 - INFO: <epoch: 13, iter: 218,700, lr:1.250e-05> l_back_rec: 3.9887e+02 l_forw_fit: 3.4635e+02 l_mi: 1.0000e+00 l_h: 6.1145e+03 
26-08-17 19:46:01.921 - INFO: <epoch: 13, iter: 218,800, lr:1.250e-05> l_back_rec: 3.6276e+02 l_forw_fit: 2.3185e+02 l_mi: 1.0000e+00 l_h: 4.2858e+03 
26-08-17 19:46:51.851 - INFO: <epoch: 13, iter: 218,900, lr:1.250e-05> l_back_rec: 3.6336e+02 l_forw_fit: 2.2860e+02 l_mi: 1.0000e+00 l_h: 4.4717e+03 
26-08-17 19:47:40.767 - INFO: <epoch: 13, iter: 219,000, lr:1.250e-05> l_back_rec: 3.9283e+02 l_forw_fit: 2.7230e+02 l_mi: 1.0000e+00 l_h: 4.7522e+03 
26-08-17 19:48:18.735 - INFO: # Validation # PSNR_Cover: 5.1857e+01, PSNR_Secret: 4.8651e+01, PSNR_Stego: 4.5590e+01
26-08-17 19:49:07.754 - INFO: <epoch: 13, iter: 219,100, lr:1.250e-05> l_back_rec: 5.5173e+02 l_forw_fit: 4.5360e+02 l_mi: 1.0000e+00 l_h: 5.4987e+03 
26-08-17 19:49:58.587 - INFO: <epoch: 13, iter: 219,200, lr:1.250e-05> l_back_rec: 3.8253e+02 l_forw_fit: 2.5305e+02 l_mi: 1.0000e+00 l_h: 4.5737e+03 
26-08-17 19:50:49.068 - INFO: <epoch: 13, iter: 219,300, lr:1.250e-05> l_back_rec: 4.3906e+02 l_forw_fit: 3.8546e+02 l_mi: 1.0000e+00 l_h: 5.5143e+03 
26-08-17 19:51:39.394 - INFO: <epoch: 13, iter: 219,400, lr:1.250e-05> l_back_rec: 3.8698e+02 l_forw_fit: 4.1189e+02 l_mi: 1.0000e+00 l_h: 5.8932e+03 
26-08-17 19:52:30.526 - INFO: <epoch: 13, iter: 219,500, lr:1.250e-05> l_back_rec: 4.1824e+02 l_forw_fit: 3.0397e+02 l_mi: 1.0000e+00 l_h: 4.8126e+03 
26-08-17 19:53:21.841 - INFO: <epoch: 13, iter: 219,600, lr:1.250e-05> l_back_rec: 4.0143e+02 l_forw_fit: 4.6375e+02 l_mi: 1.0000e+00 l_h: 6.2349e+03 
26-08-17 19:54:12.346 - INFO: <epoch: 13, iter: 219,700, lr:1.250e-05> l_back_rec: 4.0468e+02 l_forw_fit: 3.7309e+02 l_mi: 1.0000e+00 l_h: 5.5698e+03 
26-08-17 19:55:02.918 - INFO: <epoch: 13, iter: 219,800, lr:1.250e-05> l_back_rec: 4.0383e+02 l_forw_fit: 3.8456e+02 l_mi: 1.0000e+00 l_h: 5.7611e+03 
26-08-17 19:55:53.743 - INFO: <epoch: 13, iter: 219,900, lr:1.250e-05> l_back_rec: 4.0189e+02 l_forw_fit: 2.9445e+02 l_mi: 1.0000e+00 l_h: 5.0873e+03 
26-08-17 19:56:44.791 - INFO: <epoch: 13, iter: 220,000, lr:1.250e-05> l_back_rec: 3.8940e+02 l_forw_fit: 2.6518e+02 l_mi: 1.0000e+00 l_h: 4.7605e+03 
26-08-17 19:57:23.027 - INFO: # Validation # PSNR_Cover: 5.1860e+01, PSNR_Secret: 4.8752e+01, PSNR_Stego: 4.5527e+01
26-08-17 19:57:23.027 - INFO: Saving models and training states.
26-08-17 19:58:14.518 - INFO: <epoch: 13, iter: 220,100, lr:1.250e-05> l_back_rec: 4.4471e+02 l_forw_fit: 5.4363e+02 l_mi: 1.0000e+00 l_h: 7.3514e+03 
26-08-17 19:59:04.994 - INFO: <epoch: 13, iter: 220,200, lr:1.250e-05> l_back_rec: 4.0824e+02 l_forw_fit: 3.9002e+02 l_mi: 1.0000e+00 l_h: 5.6644e+03 
26-08-17 19:59:56.429 - INFO: <epoch: 13, iter: 220,300, lr:1.250e-05> l_back_rec: 4.3188e+02 l_forw_fit: 3.9420e+02 l_mi: 1.0000e+00 l_h: 6.1726e+03 
26-08-17 20:00:46.549 - INFO: <epoch: 13, iter: 220,400, lr:1.250e-05> l_back_rec: 3.6510e+02 l_forw_fit: 3.3291e+02 l_mi: 1.0000e+00 l_h: 4.9642e+03 
26-08-17 20:01:37.805 - INFO: <epoch: 13, iter: 220,500, lr:1.250e-05> l_back_rec: 4.2253e+02 l_forw_fit: 2.8376e+02 l_mi: 1.0000e+00 l_h: 4.5937e+03 
26-08-17 20:02:27.327 - INFO: <epoch: 13, iter: 220,600, lr:1.250e-05> l_back_rec: 3.6498e+02 l_forw_fit: 2.8704e+02 l_mi: 1.0000e+00 l_h: 4.9750e+03 
26-08-17 20:03:17.404 - INFO: <epoch: 13, iter: 220,700, lr:1.250e-05> l_back_rec: 4.9300e+02 l_forw_fit: 5.0305e+02 l_mi: 1.0000e+00 l_h: 6.4633e+03 
26-08-17 20:04:07.742 - INFO: <epoch: 13, iter: 220,800, lr:1.250e-05> l_back_rec: 5.0097e+02 l_forw_fit: 6.7769e+02 l_mi: 1.0000e+00 l_h: 7.8788e+03 
26-08-17 20:04:58.974 - INFO: <epoch: 13, iter: 220,900, lr:1.250e-05> l_back_rec: 4.2441e+02 l_forw_fit: 3.9317e+02 l_mi: 1.0000e+00 l_h: 5.4520e+03 
26-08-17 20:05:48.391 - INFO: <epoch: 13, iter: 221,000, lr:1.250e-05> l_back_rec: 4.3811e+02 l_forw_fit: 5.6562e+02 l_mi: 1.0000e+00 l_h: 6.2430e+03 
26-08-17 20:06:26.959 - INFO: # Validation # PSNR_Cover: 5.1854e+01, PSNR_Secret: 4.8747e+01, PSNR_Stego: 4.5499e+01
26-08-17 20:07:18.035 - INFO: <epoch: 13, iter: 221,100, lr:1.250e-05> l_back_rec: 3.8597e+02 l_forw_fit: 2.7015e+02 l_mi: 1.0000e+00 l_h: 4.5062e+03 
26-08-17 20:08:08.517 - INFO: <epoch: 13, iter: 221,200, lr:1.250e-05> l_back_rec: 3.7889e+02 l_forw_fit: 2.9382e+02 l_mi: 1.0000e+00 l_h: 5.0933e+03 
26-08-17 20:08:59.064 - INFO: <epoch: 13, iter: 221,300, lr:1.250e-05> l_back_rec: 3.9145e+02 l_forw_fit: 3.0291e+02 l_mi: 1.0000e+00 l_h: 4.9844e+03 
26-08-17 20:09:49.724 - INFO: <epoch: 13, iter: 221,400, lr:1.250e-05> l_back_rec: 5.1141e+02 l_forw_fit: 6.2831e+02 l_mi: 1.0000e+00 l_h: 6.6064e+03 
26-08-17 20:10:40.487 - INFO: <epoch: 13, iter: 221,500, lr:1.250e-05> l_back_rec: 4.2350e+02 l_forw_fit: 5.0108e+02 l_mi: 1.0000e+00 l_h: 6.0653e+03 
26-08-17 20:11:30.140 - INFO: <epoch: 13, iter: 221,600, lr:1.250e-05> l_back_rec: 4.4773e+02 l_forw_fit: 4.9834e+02 l_mi: 1.0000e+00 l_h: 6.5177e+03 
26-08-17 20:12:20.871 - INFO: <epoch: 13, iter: 221,700, lr:1.250e-05> l_back_rec: 3.6840e+02 l_forw_fit: 2.9809e+02 l_mi: 1.0000e+00 l_h: 4.6313e+03 
26-08-17 20:13:11.219 - INFO: <epoch: 13, iter: 221,800, lr:1.250e-05> l_back_rec: 4.1023e+02 l_forw_fit: 4.4570e+02 l_mi: 1.0000e+00 l_h: 6.2649e+03 
26-08-17 20:14:01.600 - INFO: <epoch: 13, iter: 221,900, lr:1.250e-05> l_back_rec: 3.8780e+02 l_forw_fit: 2.4213e+02 l_mi: 1.0000e+00 l_h: 4.3849e+03 
26-08-17 20:14:49.576 - INFO: <epoch: 13, iter: 222,000, lr:1.250e-05> l_back_rec: 3.9681e+02 l_forw_fit: 3.2081e+02 l_mi: 1.0000e+00 l_h: 5.1674e+03 
26-08-17 20:15:26.957 - INFO: # Validation # PSNR_Cover: 5.1802e+01, PSNR_Secret: 4.8657e+01, PSNR_Stego: 4.5617e+01
26-08-17 20:16:14.054 - INFO: <epoch: 13, iter: 222,100, lr:1.250e-05> l_back_rec: 4.3450e+02 l_forw_fit: 5.4156e+02 l_mi: 1.0000e+00 l_h: 6.5769e+03 
26-08-17 20:17:02.546 - INFO: <epoch: 13, iter: 222,200, lr:1.250e-05> l_back_rec: 3.6251e+02 l_forw_fit: 2.4089e+02 l_mi: 1.0000e+00 l_h: 4.4030e+03 
26-08-17 20:17:52.595 - INFO: <epoch: 13, iter: 222,300, lr:1.250e-05> l_back_rec: 3.7607e+02 l_forw_fit: 3.7872e+02 l_mi: 1.0000e+00 l_h: 5.1232e+03 
26-08-17 20:18:42.230 - INFO: <epoch: 13, iter: 222,400, lr:1.250e-05> l_back_rec: 3.8274e+02 l_forw_fit: 3.1296e+02 l_mi: 1.0000e+00 l_h: 5.0899e+03 
26-08-17 20:19:32.609 - INFO: <epoch: 13, iter: 222,500, lr:1.250e-05> l_back_rec: 3.9614e+02 l_forw_fit: 4.5692e+02 l_mi: 1.0000e+00 l_h: 5.7612e+03 
26-08-17 20:20:22.864 - INFO: <epoch: 13, iter: 222,600, lr:1.250e-05> l_back_rec: 4.4131e+02 l_forw_fit: 4.1646e+02 l_mi: 1.0000e+00 l_h: 5.9949e+03 
26-08-17 20:21:12.659 - INFO: <epoch: 13, iter: 222,700, lr:1.250e-05> l_back_rec: 3.8013e+02 l_forw_fit: 2.8384e+02 l_mi: 1.0000e+00 l_h: 4.4993e+03 
26-08-17 20:22:02.794 - INFO: <epoch: 13, iter: 222,800, lr:1.250e-05> l_back_rec: 4.3253e+02 l_forw_fit: 8.1060e+02 l_mi: 1.0000e+00 l_h: 7.8791e+03 
26-08-17 20:22:52.547 - INFO: <epoch: 13, iter: 222,900, lr:1.250e-05> l_back_rec: 4.3962e+02 l_forw_fit: 6.4175e+02 l_mi: 1.0000e+00 l_h: 7.3587e+03 
26-08-17 20:23:42.613 - INFO: <epoch: 13, iter: 223,000, lr:1.250e-05> l_back_rec: 3.5972e+02 l_forw_fit: 2.3225e+02 l_mi: 1.0000e+00 l_h: 4.7286e+03 
26-08-17 20:24:20.470 - INFO: # Validation # PSNR_Cover: 5.1791e+01, PSNR_Secret: 4.8669e+01, PSNR_Stego: 4.5617e+01
26-08-17 20:25:10.186 - INFO: <epoch: 13, iter: 223,100, lr:1.250e-05> l_back_rec: 4.7663e+02 l_forw_fit: 3.7465e+02 l_mi: 1.0000e+00 l_h: 5.3604e+03 
26-08-17 20:25:59.317 - INFO: <epoch: 13, iter: 223,200, lr:1.250e-05> l_back_rec: 5.0564e+02 l_forw_fit: 5.1598e+02 l_mi: 1.0000e+00 l_h: 6.3307e+03 
26-08-17 20:26:49.171 - INFO: <epoch: 13, iter: 223,300, lr:1.250e-05> l_back_rec: 3.9911e+02 l_forw_fit: 3.6266e+02 l_mi: 1.0000e+00 l_h: 5.1820e+03 
26-08-17 20:27:39.140 - INFO: <epoch: 13, iter: 223,400, lr:1.250e-05> l_back_rec: 3.9605e+02 l_forw_fit: 4.0012e+02 l_mi: 1.0000e+00 l_h: 6.0731e+03 
26-08-17 20:28:28.516 - INFO: <epoch: 13, iter: 223,500, lr:1.250e-05> l_back_rec: 4.6381e+02 l_forw_fit: 6.9942e+02 l_mi: 1.0000e+00 l_h: 6.8725e+03 
26-08-17 20:29:17.714 - INFO: <epoch: 13, iter: 223,600, lr:1.250e-05> l_back_rec: 3.5644e+02 l_forw_fit: 3.0483e+02 l_mi: 1.0000e+00 l_h: 4.7776e+03 
26-08-17 20:30:07.008 - INFO: <epoch: 13, iter: 223,700, lr:1.250e-05> l_back_rec: 5.2773e+02 l_forw_fit: 3.6328e+02 l_mi: 1.0000e+00 l_h: 5.1398e+03 
26-08-17 20:30:56.346 - INFO: <epoch: 13, iter: 223,800, lr:1.250e-05> l_back_rec: 4.3677e+02 l_forw_fit: 3.7194e+02 l_mi: 1.0000e+00 l_h: 5.5518e+03 
26-08-17 20:31:45.719 - INFO: <epoch: 13, iter: 223,900, lr:1.250e-05> l_back_rec: 3.6444e+02 l_forw_fit: 2.9181e+02 l_mi: 1.0000e+00 l_h: 4.8820e+03 
26-08-17 20:32:35.076 - INFO: <epoch: 13, iter: 224,000, lr:1.250e-05> l_back_rec: 3.8631e+02 l_forw_fit: 3.6234e+02 l_mi: 1.0000e+00 l_h: 5.4704e+03 
26-08-17 20:33:12.482 - INFO: # Validation # PSNR_Cover: 5.1769e+01, PSNR_Secret: 4.8669e+01, PSNR_Stego: 4.5486e+01
26-08-17 20:34:01.824 - INFO: <epoch: 13, iter: 224,100, lr:1.250e-05> l_back_rec: 3.6053e+02 l_forw_fit: 3.0466e+02 l_mi: 1.0000e+00 l_h: 4.8903e+03 
26-08-17 20:34:50.832 - INFO: <epoch: 13, iter: 224,200, lr:1.250e-05> l_back_rec: 3.4968e+02 l_forw_fit: 2.3555e+02 l_mi: 1.0000e+00 l_h: 4.1145e+03 
26-08-17 20:35:40.052 - INFO: <epoch: 13, iter: 224,300, lr:1.250e-05> l_back_rec: 4.1160e+02 l_forw_fit: 3.6117e+02 l_mi: 1.0000e+00 l_h: 5.5634e+03 
26-08-17 20:36:29.319 - INFO: <epoch: 13, iter: 224,400, lr:1.250e-05> l_back_rec: 4.0558e+02 l_forw_fit: 3.3677e+02 l_mi: 1.0000e+00 l_h: 4.9808e+03 
26-08-17 20:37:18.568 - INFO: <epoch: 13, iter: 224,500, lr:1.250e-05> l_back_rec: 4.0125e+02 l_forw_fit: 4.1152e+02 l_mi: 1.0000e+00 l_h: 5.7743e+03 
26-08-17 20:38:07.819 - INFO: <epoch: 13, iter: 224,600, lr:1.250e-05> l_back_rec: 3.4642e+02 l_forw_fit: 2.1598e+02 l_mi: 1.0000e+00 l_h: 4.0752e+03 
26-08-17 20:38:56.966 - INFO: <epoch: 13, iter: 224,700, lr:1.250e-05> l_back_rec: 3.5616e+02 l_forw_fit: 2.2516e+02 l_mi: 1.0000e+00 l_h: 4.3086e+03 
26-08-17 20:39:45.910 - INFO: <epoch: 13, iter: 224,800, lr:1.250e-05> l_back_rec: 4.4145e+02 l_forw_fit: 4.5385e+02 l_mi: 1.0000e+00 l_h: 5.6528e+03 
26-08-17 20:40:35.136 - INFO: <epoch: 13, iter: 224,900, lr:1.250e-05> l_back_rec: 3.5507e+02 l_forw_fit: 2.3061e+02 l_mi: 1.0000e+00 l_h: 4.1576e+03 
26-08-17 20:41:24.663 - INFO: <epoch: 13, iter: 225,000, lr:1.250e-05> l_back_rec: 3.8222e+02 l_forw_fit: 3.6910e+02 l_mi: 1.0000e+00 l_h: 5.5766e+03 
26-08-17 20:42:01.878 - INFO: # Validation # PSNR_Cover: 5.1818e+01, PSNR_Secret: 4.8765e+01, PSNR_Stego: 4.5531e+01
26-08-17 20:42:01.878 - INFO: Saving models and training states.
26-08-17 20:42:51.512 - INFO: <epoch: 13, iter: 225,100, lr:1.250e-05> l_back_rec: 4.5625e+02 l_forw_fit: 3.7583e+02 l_mi: 1.0000e+00 l_h: 5.7259e+03 
26-08-17 20:43:40.539 - INFO: <epoch: 13, iter: 225,200, lr:1.250e-05> l_back_rec: 3.9979e+02 l_forw_fit: 2.8543e+02 l_mi: 1.0000e+00 l_h: 5.0421e+03 
26-08-17 20:44:29.588 - INFO: <epoch: 13, iter: 225,300, lr:1.250e-05> l_back_rec: 4.8263e+02 l_forw_fit: 5.1188e+02 l_mi: 1.0000e+00 l_h: 6.7041e+03 
26-08-17 20:45:18.744 - INFO: <epoch: 13, iter: 225,400, lr:1.250e-05> l_back_rec: 3.7731e+02 l_forw_fit: 3.5112e+02 l_mi: 1.0000e+00 l_h: 5.3979e+03 
26-08-17 20:46:07.819 - INFO: <epoch: 13, iter: 225,500, lr:1.250e-05> l_back_rec: 4.2115e+02 l_forw_fit: 3.8442e+02 l_mi: 1.0000e+00 l_h: 5.5748e+03 
26-08-17 20:46:57.013 - INFO: <epoch: 13, iter: 225,600, lr:1.250e-05> l_back_rec: 4.3971e+02 l_forw_fit: 4.2971e+02 l_mi: 1.0000e+00 l_h: 5.3804e+03 
26-08-17 20:47:46.002 - INFO: <epoch: 13, iter: 225,700, lr:1.250e-05> l_back_rec: 3.6443e+02 l_forw_fit: 2.6151e+02 l_mi: 1.0000e+00 l_h: 4.1976e+03 
26-08-17 20:48:35.242 - INFO: <epoch: 13, iter: 225,800, lr:1.250e-05> l_back_rec: 5.0820e+02 l_forw_fit: 1.1490e+03 l_mi: 1.0000e+00 l_h: 1.0848e+04 
26-08-17 20:49:24.412 - INFO: <epoch: 13, iter: 225,900, lr:1.250e-05> l_back_rec: 3.8823e+02 l_forw_fit: 3.1851e+02 l_mi: 1.0000e+00 l_h: 4.7763e+03 
26-08-17 20:50:13.433 - INFO: <epoch: 13, iter: 226,000, lr:1.250e-05> l_back_rec: 3.8578e+02 l_forw_fit: 2.8350e+02 l_mi: 1.0000e+00 l_h: 4.6271e+03 
26-08-17 20:50:50.999 - INFO: # Validation # PSNR_Cover: 5.1796e+01, PSNR_Secret: 4.8630e+01, PSNR_Stego: 4.5513e+01
26-08-17 20:51:39.964 - INFO: <epoch: 13, iter: 226,100, lr:1.250e-05> l_back_rec: 3.9486e+02 l_forw_fit: 3.9481e+02 l_mi: 1.0000e+00 l_h: 4.5601e+03 
26-08-17 20:53:43.761 - INFO: <epoch: 14, iter: 226,200, lr:1.250e-05> l_back_rec: 3.4940e+02 l_forw_fit: 2.4937e+02 l_mi: 1.0000e+00 l_h: 4.4137e+03 
26-08-17 20:54:34.628 - INFO: <epoch: 14, iter: 226,300, lr:1.250e-05> l_back_rec: 4.0834e+02 l_forw_fit: 4.0087e+02 l_mi: 1.0000e+00 l_h: 5.6525e+03 
26-08-17 20:55:24.937 - INFO: <epoch: 14, iter: 226,400, lr:1.250e-05> l_back_rec: 4.2661e+02 l_forw_fit: 3.8189e+02 l_mi: 1.0000e+00 l_h: 5.4935e+03 
26-08-17 20:56:14.613 - INFO: <epoch: 14, iter: 226,500, lr:1.250e-05> l_back_rec: 3.6110e+02 l_forw_fit: 2.4507e+02 l_mi: 1.0000e+00 l_h: 4.5586e+03 
26-08-17 20:57:04.518 - INFO: <epoch: 14, iter: 226,600, lr:1.250e-05> l_back_rec: 5.0490e+02 l_forw_fit: 7.6087e+02 l_mi: 1.0000e+00 l_h: 9.1322e+03 
26-08-17 20:57:54.274 - INFO: <epoch: 14, iter: 226,700, lr:1.250e-05> l_back_rec: 4.3635e+02 l_forw_fit: 3.3425e+02 l_mi: 1.0000e+00 l_h: 5.0449e+03 
26-08-17 20:58:43.764 - INFO: <epoch: 14, iter: 226,800, lr:1.250e-05> l_back_rec: 4.1466e+02 l_forw_fit: 4.1695e+02 l_mi: 1.0000e+00 l_h: 6.0095e+03 
26-08-17 20:59:33.581 - INFO: <epoch: 14, iter: 226,900, lr:1.250e-05> l_back_rec: 4.4776e+02 l_forw_fit: 3.7756e+02 l_mi: 1.0000e+00 l_h: 5.8372e+03 
26-08-17 21:00:23.232 - INFO: <epoch: 14, iter: 227,000, lr:1.250e-05> l_back_rec: 3.5778e+02 l_forw_fit: 2.6553e+02 l_mi: 1.0000e+00 l_h: 4.5085e+03 
26-08-17 21:00:59.844 - INFO: # Validation # PSNR_Cover: 5.1859e+01, PSNR_Secret: 4.8619e+01, PSNR_Stego: 4.5640e+01
26-08-17 21:01:48.806 - INFO: <epoch: 14, iter: 227,100, lr:1.250e-05> l_back_rec: 3.7135e+02 l_forw_fit: 3.1888e+02 l_mi: 1.0000e+00 l_h: 4.6962e+03 
26-08-17 21:02:36.514 - INFO: <epoch: 14, iter: 227,200, lr:1.250e-05> l_back_rec: 5.8631e+02 l_forw_fit: 5.1556e+02 l_mi: 1.0000e+00 l_h: 6.0607e+03 
26-08-17 21:03:25.418 - INFO: <epoch: 14, iter: 227,300, lr:1.250e-05> l_back_rec: 4.2125e+02 l_forw_fit: 4.5789e+02 l_mi: 1.0000e+00 l_h: 6.0634e+03 
26-08-17 21:04:14.461 - INFO: <epoch: 14, iter: 227,400, lr:1.250e-05> l_back_rec: 3.7424e+02 l_forw_fit: 2.6416e+02 l_mi: 1.0000e+00 l_h: 4.6061e+03 
26-08-17 21:05:03.678 - INFO: <epoch: 14, iter: 227,500, lr:1.250e-05> l_back_rec: 3.8722e+02 l_forw_fit: 3.5879e+02 l_mi: 1.0000e+00 l_h: 5.5806e+03 
26-08-17 21:05:52.764 - INFO: <epoch: 14, iter: 227,600, lr:1.250e-05> l_back_rec: 3.8855e+02 l_forw_fit: 3.9659e+02 l_mi: 1.0000e+00 l_h: 5.1233e+03 
26-08-17 21:06:42.142 - INFO: <epoch: 14, iter: 227,700, lr:1.250e-05> l_back_rec: 4.1618e+02 l_forw_fit: 3.5624e+02 l_mi: 1.0000e+00 l_h: 5.5783e+03 
26-08-17 21:07:31.455 - INFO: <epoch: 14, iter: 227,800, lr:1.250e-05> l_back_rec: 4.1461e+02 l_forw_fit: 3.6240e+02 l_mi: 1.0000e+00 l_h: 5.0807e+03 
26-08-17 21:08:20.240 - INFO: <epoch: 14, iter: 227,900, lr:1.250e-05> l_back_rec: 4.3173e+02 l_forw_fit: 3.2217e+02 l_mi: 1.0000e+00 l_h: 5.4882e+03 
26-08-17 21:09:09.629 - INFO: <epoch: 14, iter: 228,000, lr:1.250e-05> l_back_rec: 3.6729e+02 l_forw_fit: 3.1222e+02 l_mi: 1.0000e+00 l_h: 4.8335e+03 
26-08-17 21:09:47.028 - INFO: # Validation # PSNR_Cover: 5.1842e+01, PSNR_Secret: 4.8772e+01, PSNR_Stego: 4.5582e+01
26-08-17 21:10:36.186 - INFO: <epoch: 14, iter: 228,100, lr:1.250e-05> l_back_rec: 3.9079e+02 l_forw_fit: 2.9342e+02 l_mi: 1.0000e+00 l_h: 4.8505e+03 
26-08-17 21:11:25.274 - INFO: <epoch: 14, iter: 228,200, lr:1.250e-05> l_back_rec: 4.1336e+02 l_forw_fit: 3.3635e+02 l_mi: 1.0000e+00 l_h: 4.7267e+03 
26-08-17 21:12:14.586 - INFO: <epoch: 14, iter: 228,300, lr:1.250e-05> l_back_rec: 4.4647e+02 l_forw_fit: 4.7149e+02 l_mi: 1.0000e+00 l_h: 6.6153e+03 
26-08-17 21:13:03.825 - INFO: <epoch: 14, iter: 228,400, lr:1.250e-05> l_back_rec: 5.2916e+02 l_forw_fit: 5.3669e+02 l_mi: 1.0000e+00 l_h: 7.2435e+03 
26-08-17 21:13:52.727 - INFO: <epoch: 14, iter: 228,500, lr:1.250e-05> l_back_rec: 4.6716e+02 l_forw_fit: 4.7802e+02 l_mi: 1.0000e+00 l_h: 6.1056e+03 
26-08-17 21:14:41.937 - INFO: <epoch: 14, iter: 228,600, lr:1.250e-05> l_back_rec: 4.8154e+02 l_forw_fit: 5.2648e+02 l_mi: 1.0000e+00 l_h: 6.3187e+03 
26-08-17 21:15:31.073 - INFO: <epoch: 14, iter: 228,700, lr:1.250e-05> l_back_rec: 3.6870e+02 l_forw_fit: 3.3732e+02 l_mi: 1.0000e+00 l_h: 4.8085e+03 
26-08-17 21:16:20.141 - INFO: <epoch: 14, iter: 228,800, lr:1.250e-05> l_back_rec: 4.3935e+02 l_forw_fit: 4.8924e+02 l_mi: 1.0000e+00 l_h: 6.5391e+03 
26-08-17 21:17:09.273 - INFO: <epoch: 14, iter: 228,900, lr:1.250e-05> l_back_rec: 3.8088e+02 l_forw_fit: 2.9430e+02 l_mi: 1.0000e+00 l_h: 4.8542e+03 
26-08-17 21:17:58.345 - INFO: <epoch: 14, iter: 229,000, lr:1.250e-05> l_back_rec: 3.9304e+02 l_forw_fit: 3.8511e+02 l_mi: 1.0000e+00 l_h: 5.3984e+03 
26-08-17 21:18:35.624 - INFO: # Validation # PSNR_Cover: 5.1827e+01, PSNR_Secret: 4.8749e+01, PSNR_Stego: 4.5498e+01
26-08-17 21:19:24.678 - INFO: <epoch: 14, iter: 229,100, lr:1.250e-05> l_back_rec: 4.2240e+02 l_forw_fit: 5.8428e+02 l_mi: 1.0000e+00 l_h: 7.1113e+03 
26-08-17 21:20:13.612 - INFO: <epoch: 14, iter: 229,200, lr:1.250e-05> l_back_rec: 3.8724e+02 l_forw_fit: 3.1137e+02 l_mi: 1.0000e+00 l_h: 5.0290e+03 
26-08-17 21:21:03.340 - INFO: <epoch: 14, iter: 229,300, lr:1.250e-05> l_back_rec: 4.7831e+02 l_forw_fit: 3.7791e+02 l_mi: 1.0000e+00 l_h: 5.7162e+03 
26-08-17 21:21:54.400 - INFO: <epoch: 14, iter: 229,400, lr:1.250e-05> l_back_rec: 4.3144e+02 l_forw_fit: 3.9127e+02 l_mi: 1.0000e+00 l_h: 5.7471e+03 
26-08-17 21:22:43.567 - INFO: <epoch: 14, iter: 229,500, lr:1.250e-05> l_back_rec: 4.0328e+02 l_forw_fit: 4.5811e+02 l_mi: 1.0000e+00 l_h: 6.8171e+03 
26-08-17 21:23:31.913 - INFO: <epoch: 14, iter: 229,600, lr:1.250e-05> l_back_rec: 4.0063e+02 l_forw_fit: 4.0772e+02 l_mi: 1.0000e+00 l_h: 5.4648e+03 
26-08-17 21:24:19.262 - INFO: <epoch: 14, iter: 229,700, lr:1.250e-05> l_back_rec: 3.6307e+02 l_forw_fit: 2.7751e+02 l_mi: 1.0000e+00 l_h: 4.6282e+03 
26-08-17 21:25:06.847 - INFO: <epoch: 14, iter: 229,800, lr:1.250e-05> l_back_rec: 4.0863e+02 l_forw_fit: 3.0225e+02 l_mi: 1.0000e+00 l_h: 4.9586e+03 
26-08-17 21:25:54.381 - INFO: <epoch: 14, iter: 229,900, lr:1.250e-05> l_back_rec: 4.1381e+02 l_forw_fit: 4.1637e+02 l_mi: 1.0000e+00 l_h: 5.5645e+03 
26-08-17 21:26:41.875 - INFO: <epoch: 14, iter: 230,000, lr:1.250e-05> l_back_rec: 3.7102e+02 l_forw_fit: 3.3095e+02 l_mi: 1.0000e+00 l_h: 5.2793e+03 
26-08-17 21:27:18.553 - INFO: # Validation # PSNR_Cover: 5.1843e+01, PSNR_Secret: 4.8691e+01, PSNR_Stego: 4.5621e+01
26-08-17 21:27:18.553 - INFO: Saving models and training states.
26-08-17 21:28:06.711 - INFO: <epoch: 14, iter: 230,100, lr:1.250e-05> l_back_rec: 4.0240e+02 l_forw_fit: 3.5149e+02 l_mi: 1.0000e+00 l_h: 5.2184e+03 
26-08-17 21:28:53.985 - INFO: <epoch: 14, iter: 230,200, lr:1.250e-05> l_back_rec: 4.5715e+02 l_forw_fit: 6.4137e+02 l_mi: 1.0000e+00 l_h: 6.9460e+03 
26-08-17 21:29:41.679 - INFO: <epoch: 14, iter: 230,300, lr:1.250e-05> l_back_rec: 3.7454e+02 l_forw_fit: 2.9526e+02 l_mi: 1.0000e+00 l_h: 5.0373e+03 
26-08-17 21:30:29.172 - INFO: <epoch: 14, iter: 230,400, lr:1.250e-05> l_back_rec: 3.6165e+02 l_forw_fit: 2.4540e+02 l_mi: 1.0000e+00 l_h: 4.4210e+03 
26-08-17 21:31:16.303 - INFO: <epoch: 14, iter: 230,500, lr:1.250e-05> l_back_rec: 4.8972e+02 l_forw_fit: 6.5262e+02 l_mi: 1.0000e+00 l_h: 8.1764e+03 
26-08-17 21:32:03.784 - INFO: <epoch: 14, iter: 230,600, lr:1.250e-05> l_back_rec: 3.6047e+02 l_forw_fit: 3.0806e+02 l_mi: 1.0000e+00 l_h: 5.2019e+03 
26-08-17 21:32:51.002 - INFO: <epoch: 14, iter: 230,700, lr:1.250e-05> l_back_rec: 4.3340e+02 l_forw_fit: 3.4748e+02 l_mi: 1.0000e+00 l_h: 5.4296e+03 
26-08-17 21:33:38.413 - INFO: <epoch: 14, iter: 230,800, lr:1.250e-05> l_back_rec: 4.5016e+02 l_forw_fit: 4.8553e+02 l_mi: 1.0000e+00 l_h: 6.1097e+03 
26-08-17 21:34:25.708 - INFO: <epoch: 14, iter: 230,900, lr:1.250e-05> l_back_rec: 4.0819e+02 l_forw_fit: 4.6566e+02 l_mi: 1.0000e+00 l_h: 6.4098e+03 
26-08-17 21:35:12.865 - INFO: <epoch: 14, iter: 231,000, lr:1.250e-05> l_back_rec: 4.0351e+02 l_forw_fit: 3.2344e+02 l_mi: 1.0000e+00 l_h: 5.0110e+03 
26-08-17 21:35:49.624 - INFO: # Validation # PSNR_Cover: 5.1783e+01, PSNR_Secret: 4.8635e+01, PSNR_Stego: 4.5396e+01
26-08-17 21:36:37.530 - INFO: <epoch: 14, iter: 231,100, lr:1.250e-05> l_back_rec: 3.7813e+02 l_forw_fit: 2.3757e+02 l_mi: 1.0000e+00 l_h: 4.5060e+03 
26-08-17 21:37:24.894 - INFO: <epoch: 14, iter: 231,200, lr:1.250e-05> l_back_rec: 3.6079e+02 l_forw_fit: 3.1435e+02 l_mi: 1.0000e+00 l_h: 5.0275e+03 
26-08-17 21:38:12.117 - INFO: <epoch: 14, iter: 231,300, lr:1.250e-05> l_back_rec: 4.4547e+02 l_forw_fit: 6.5435e+02 l_mi: 1.0000e+00 l_h: 7.2844e+03 
26-08-17 21:38:59.392 - INFO: <epoch: 14, iter: 231,400, lr:1.250e-05> l_back_rec: 4.0109e+02 l_forw_fit: 3.8128e+02 l_mi: 1.0000e+00 l_h: 5.6538e+03 
26-08-17 21:39:46.598 - INFO: <epoch: 14, iter: 231,500, lr:1.250e-05> l_back_rec: 4.6684e+02 l_forw_fit: 5.5697e+02 l_mi: 1.0000e+00 l_h: 7.5243e+03 
26-08-17 21:40:34.005 - INFO: <epoch: 14, iter: 231,600, lr:1.250e-05> l_back_rec: 3.4391e+02 l_forw_fit: 1.9900e+02 l_mi: 1.0000e+00 l_h: 3.8217e+03 
26-08-17 21:41:21.163 - INFO: <epoch: 14, iter: 231,700, lr:1.250e-05> l_back_rec: 4.0041e+02 l_forw_fit: 2.5525e+02 l_mi: 1.0000e+00 l_h: 4.3135e+03 
26-08-17 21:42:08.702 - INFO: <epoch: 14, iter: 231,800, lr:1.250e-05> l_back_rec: 4.3666e+02 l_forw_fit: 4.2920e+02 l_mi: 1.0000e+00 l_h: 5.4025e+03 
26-08-17 21:42:55.897 - INFO: <epoch: 14, iter: 231,900, lr:1.250e-05> l_back_rec: 4.2852e+02 l_forw_fit: 5.2303e+02 l_mi: 1.0000e+00 l_h: 6.7058e+03 
26-08-17 21:43:43.250 - INFO: <epoch: 14, iter: 232,000, lr:1.250e-05> l_back_rec: 3.9026e+02 l_forw_fit: 2.9554e+02 l_mi: 1.0000e+00 l_h: 4.8343e+03 
26-08-17 21:44:19.939 - INFO: # Validation # PSNR_Cover: 5.1804e+01, PSNR_Secret: 4.8365e+01, PSNR_Stego: 4.5511e+01
26-08-17 21:45:07.500 - INFO: <epoch: 14, iter: 232,100, lr:1.250e-05> l_back_rec: 4.4141e+02 l_forw_fit: 3.4447e+02 l_mi: 1.0000e+00 l_h: 5.2199e+03 
26-08-17 21:45:54.861 - INFO: <epoch: 14, iter: 232,200, lr:1.250e-05> l_back_rec: 3.8572e+02 l_forw_fit: 4.3185e+02 l_mi: 1.0000e+00 l_h: 6.3570e+03 
26-08-17 21:46:42.201 - INFO: <epoch: 14, iter: 232,300, lr:1.250e-05> l_back_rec: 3.7478e+02 l_forw_fit: 3.0589e+02 l_mi: 1.0000e+00 l_h: 4.8716e+03 
26-08-17 21:47:29.662 - INFO: <epoch: 14, iter: 232,400, lr:1.250e-05> l_back_rec: 3.7050e+02 l_forw_fit: 2.8209e+02 l_mi: 1.0000e+00 l_h: 4.8153e+03 
26-08-17 21:48:16.806 - INFO: <epoch: 14, iter: 232,500, lr:1.250e-05> l_back_rec: 4.0144e+02 l_forw_fit: 3.4918e+02 l_mi: 1.0000e+00 l_h: 5.3815e+03 
26-08-17 21:49:04.297 - INFO: <epoch: 14, iter: 232,600, lr:1.250e-05> l_back_rec: 4.4438e+02 l_forw_fit: 4.1888e+02 l_mi: 1.0000e+00 l_h: 5.9484e+03 
26-08-17 21:49:51.544 - INFO: <epoch: 14, iter: 232,700, lr:1.250e-05> l_back_rec: 3.8947e+02 l_forw_fit: 3.2555e+02 l_mi: 1.0000e+00 l_h: 5.1644e+03 
26-08-17 21:50:39.046 - INFO: <epoch: 14, iter: 232,800, lr:1.250e-05> l_back_rec: 3.8063e+02 l_forw_fit: 3.0158e+02 l_mi: 1.0000e+00 l_h: 4.6399e+03 
26-08-17 21:51:26.542 - INFO: <epoch: 14, iter: 232,900, lr:1.250e-05> l_back_rec: 4.1067e+02 l_forw_fit: 3.9464e+02 l_mi: 1.0000e+00 l_h: 5.7311e+03 
26-08-17 21:52:14.089 - INFO: <epoch: 14, iter: 233,000, lr:1.250e-05> l_back_rec: 3.6834e+02 l_forw_fit: 2.9810e+02 l_mi: 1.0000e+00 l_h: 4.9693e+03 
26-08-17 21:52:50.450 - INFO: # Validation # PSNR_Cover: 5.1833e+01, PSNR_Secret: 4.8412e+01, PSNR_Stego: 4.5588e+01
26-08-17 21:53:37.863 - INFO: <epoch: 14, iter: 233,100, lr:1.250e-05> l_back_rec: 5.1416e+02 l_forw_fit: 4.6806e+02 l_mi: 1.0000e+00 l_h: 6.3855e+03 
26-08-17 21:54:25.209 - INFO: <epoch: 14, iter: 233,200, lr:1.250e-05> l_back_rec: 3.8991e+02 l_forw_fit: 3.6792e+02 l_mi: 1.0000e+00 l_h: 5.7957e+03 
26-08-17 21:55:12.407 - INFO: <epoch: 14, iter: 233,300, lr:1.250e-05> l_back_rec: 4.2633e+02 l_forw_fit: 3.8617e+02 l_mi: 1.0000e+00 l_h: 5.8733e+03 
26-08-17 21:55:59.823 - INFO: <epoch: 14, iter: 233,400, lr:1.250e-05> l_back_rec: 4.3128e+02 l_forw_fit: 5.0542e+02 l_mi: 1.0000e+00 l_h: 5.4517e+03 
26-08-17 21:56:47.048 - INFO: <epoch: 14, iter: 233,500, lr:1.250e-05> l_back_rec: 3.4173e+02 l_forw_fit: 1.8708e+02 l_mi: 1.0000e+00 l_h: 3.9587e+03 
26-08-17 21:57:34.495 - INFO: <epoch: 14, iter: 233,600, lr:1.250e-05> l_back_rec: 3.8862e+02 l_forw_fit: 3.2575e+02 l_mi: 1.0000e+00 l_h: 4.8016e+03 
26-08-17 21:58:21.494 - INFO: <epoch: 14, iter: 233,700, lr:1.250e-05> l_back_rec: 4.3277e+02 l_forw_fit: 5.0443e+02 l_mi: 1.0000e+00 l_h: 5.7964e+03 
26-08-17 21:59:08.806 - INFO: <epoch: 14, iter: 233,800, lr:1.250e-05> l_back_rec: 5.2856e+02 l_forw_fit: 5.4965e+02 l_mi: 1.0000e+00 l_h: 7.0016e+03 
26-08-17 21:59:56.042 - INFO: <epoch: 14, iter: 233,900, lr:1.250e-05> l_back_rec: 3.9102e+02 l_forw_fit: 3.8235e+02 l_mi: 1.0000e+00 l_h: 5.5443e+03 
26-08-17 22:00:43.288 - INFO: <epoch: 14, iter: 234,000, lr:1.250e-05> l_back_rec: 3.7792e+02 l_forw_fit: 5.9103e+02 l_mi: 1.0000e+00 l_h: 5.9566e+03 
26-08-17 22:01:18.636 - INFO: # Validation # PSNR_Cover: 5.1841e+01, PSNR_Secret: 4.8650e+01, PSNR_Stego: 4.5604e+01
26-08-17 22:02:05.982 - INFO: <epoch: 14, iter: 234,100, lr:1.250e-05> l_back_rec: 3.8738e+02 l_forw_fit: 4.4669e+02 l_mi: 1.0000e+00 l_h: 5.7227e+03 
26-08-17 22:02:53.282 - INFO: <epoch: 14, iter: 234,200, lr:1.250e-05> l_back_rec: 4.3483e+02 l_forw_fit: 4.0355e+02 l_mi: 1.0000e+00 l_h: 5.5686e+03 
26-08-17 22:03:40.602 - INFO: <epoch: 14, iter: 234,300, lr:1.250e-05> l_back_rec: 3.7014e+02 l_forw_fit: 3.2408e+02 l_mi: 1.0000e+00 l_h: 4.9958e+03 
26-08-17 22:04:27.988 - INFO: <epoch: 14, iter: 234,400, lr:1.250e-05> l_back_rec: 3.7551e+02 l_forw_fit: 2.9033e+02 l_mi: 1.0000e+00 l_h: 4.8362e+03 
26-08-17 22:05:14.999 - INFO: <epoch: 14, iter: 234,500, lr:1.250e-05> l_back_rec: 3.6220e+02 l_forw_fit: 2.1656e+02 l_mi: 1.0000e+00 l_h: 4.0566e+03 
26-08-17 22:06:02.126 - INFO: <epoch: 14, iter: 234,600, lr:1.250e-05> l_back_rec: 3.8802e+02 l_forw_fit: 3.3121e+02 l_mi: 1.0000e+00 l_h: 4.9598e+03 
26-08-17 22:06:49.388 - INFO: <epoch: 14, iter: 234,700, lr:1.250e-05> l_back_rec: 3.9246e+02 l_forw_fit: 4.5516e+02 l_mi: 1.0000e+00 l_h: 6.2777e+03 
26-08-17 22:07:36.816 - INFO: <epoch: 14, iter: 234,800, lr:1.250e-05> l_back_rec: 3.9812e+02 l_forw_fit: 4.0093e+02 l_mi: 1.0000e+00 l_h: 6.0571e+03 
26-08-17 22:08:23.955 - INFO: <epoch: 14, iter: 234,900, lr:1.250e-05> l_back_rec: 3.4338e+02 l_forw_fit: 2.2109e+02 l_mi: 1.0000e+00 l_h: 3.9096e+03 
26-08-17 22:09:11.173 - INFO: <epoch: 14, iter: 235,000, lr:1.250e-05> l_back_rec: 3.9864e+02 l_forw_fit: 3.1038e+02 l_mi: 1.0000e+00 l_h: 5.2143e+03 
26-08-17 22:09:48.100 - INFO: # Validation # PSNR_Cover: 5.1847e+01, PSNR_Secret: 4.8764e+01, PSNR_Stego: 4.5478e+01
26-08-17 22:09:48.101 - INFO: Saving models and training states.
26-08-17 22:10:35.813 - INFO: <epoch: 14, iter: 235,100, lr:1.250e-05> l_back_rec: 3.7383e+02 l_forw_fit: 2.8893e+02 l_mi: 1.0000e+00 l_h: 4.8228e+03 
26-08-17 22:11:23.048 - INFO: <epoch: 14, iter: 235,200, lr:1.250e-05> l_back_rec: 5.1415e+02 l_forw_fit: 3.2935e+02 l_mi: 1.0000e+00 l_h: 4.8345e+03 
26-08-17 22:12:10.582 - INFO: <epoch: 14, iter: 235,300, lr:1.250e-05> l_back_rec: 3.3032e+02 l_forw_fit: 2.4607e+02 l_mi: 1.0000e+00 l_h: 4.3356e+03 
26-08-17 22:12:57.743 - INFO: <epoch: 14, iter: 235,400, lr:1.250e-05> l_back_rec: 4.8047e+02 l_forw_fit: 6.7427e+02 l_mi: 1.0000e+00 l_h: 6.7225e+03 
26-08-17 22:13:44.711 - INFO: <epoch: 14, iter: 235,500, lr:1.250e-05> l_back_rec: 4.0210e+02 l_forw_fit: 4.1549e+02 l_mi: 1.0000e+00 l_h: 5.6493e+03 
26-08-17 22:14:31.979 - INFO: <epoch: 14, iter: 235,600, lr:1.250e-05> l_back_rec: 3.8563e+02 l_forw_fit: 3.2705e+02 l_mi: 1.0000e+00 l_h: 5.6512e+03 
26-08-17 22:15:19.071 - INFO: <epoch: 14, iter: 235,700, lr:1.250e-05> l_back_rec: 4.1692e+02 l_forw_fit: 3.0914e+02 l_mi: 1.0000e+00 l_h: 5.3063e+03 
26-08-17 22:16:06.496 - INFO: <epoch: 14, iter: 235,800, lr:1.250e-05> l_back_rec: 4.5726e+02 l_forw_fit: 6.1198e+02 l_mi: 1.0000e+00 l_h: 6.5691e+03 
26-08-17 22:16:53.856 - INFO: <epoch: 14, iter: 235,900, lr:1.250e-05> l_back_rec: 3.9573e+02 l_forw_fit: 3.4013e+02 l_mi: 1.0000e+00 l_h: 5.2626e+03 
26-08-17 22:17:41.312 - INFO: <epoch: 14, iter: 236,000, lr:1.250e-05> l_back_rec: 4.0194e+02 l_forw_fit: 3.5809e+02 l_mi: 1.0000e+00 l_h: 5.5588e+03 
26-08-17 22:18:17.396 - INFO: # Validation # PSNR_Cover: 5.1750e+01, PSNR_Secret: 4.8486e+01, PSNR_Stego: 4.5562e+01
26-08-17 22:19:05.004 - INFO: <epoch: 14, iter: 236,100, lr:1.250e-05> l_back_rec: 4.2285e+02 l_forw_fit: 4.0173e+02 l_mi: 1.0000e+00 l_h: 5.9216e+03 
26-08-17 22:19:52.123 - INFO: <epoch: 14, iter: 236,200, lr:1.250e-05> l_back_rec: 3.6225e+02 l_forw_fit: 2.4027e+02 l_mi: 1.0000e+00 l_h: 4.5079e+03 
26-08-17 22:20:39.306 - INFO: <epoch: 14, iter: 236,300, lr:1.250e-05> l_back_rec: 3.9494e+02 l_forw_fit: 4.5047e+02 l_mi: 1.0000e+00 l_h: 6.3512e+03 
26-08-17 22:21:26.722 - INFO: <epoch: 14, iter: 236,400, lr:1.250e-05> l_back_rec: 4.4155e+02 l_forw_fit: 4.6097e+02 l_mi: 1.0000e+00 l_h: 5.7285e+03 
26-08-17 22:22:14.146 - INFO: <epoch: 14, iter: 236,500, lr:1.250e-05> l_back_rec: 4.3122e+02 l_forw_fit: 3.8646e+02 l_mi: 1.0000e+00 l_h: 5.5313e+03 
26-08-17 22:23:01.709 - INFO: <epoch: 14, iter: 236,600, lr:1.250e-05> l_back_rec: 4.2942e+02 l_forw_fit: 4.9790e+02 l_mi: 1.0000e+00 l_h: 5.6307e+03 
26-08-17 22:23:48.728 - INFO: <epoch: 14, iter: 236,700, lr:1.250e-05> l_back_rec: 3.7393e+02 l_forw_fit: 2.2680e+02 l_mi: 1.0000e+00 l_h: 4.0392e+03 
26-08-17 22:24:36.170 - INFO: <epoch: 14, iter: 236,800, lr:1.250e-05> l_back_rec: 4.2479e+02 l_forw_fit: 4.8222e+02 l_mi: 1.0000e+00 l_h: 6.7580e+03 
26-08-17 22:25:23.326 - INFO: <epoch: 14, iter: 236,900, lr:1.250e-05> l_back_rec: 3.9086e+02 l_forw_fit: 3.5380e+02 l_mi: 1.0000e+00 l_h: 5.3531e+03 
26-08-17 22:26:10.640 - INFO: <epoch: 14, iter: 237,000, lr:1.250e-05> l_back_rec: 4.4174e+02 l_forw_fit: 4.6627e+02 l_mi: 1.0000e+00 l_h: 6.0981e+03 
26-08-17 22:26:47.414 - INFO: # Validation # PSNR_Cover: 5.1872e+01, PSNR_Secret: 4.8701e+01, PSNR_Stego: 4.5694e+01
26-08-17 22:27:34.831 - INFO: <epoch: 14, iter: 237,100, lr:1.250e-05> l_back_rec: 3.4309e+02 l_forw_fit: 3.2763e+02 l_mi: 1.0000e+00 l_h: 5.0519e+03 
26-08-17 22:28:22.204 - INFO: <epoch: 14, iter: 237,200, lr:1.250e-05> l_back_rec: 3.8499e+02 l_forw_fit: 3.7548e+02 l_mi: 1.0000e+00 l_h: 5.5768e+03 
26-08-17 22:29:09.649 - INFO: <epoch: 14, iter: 237,300, lr:1.250e-05> l_back_rec: 4.3934e+02 l_forw_fit: 3.6353e+02 l_mi: 1.0000e+00 l_h: 5.2757e+03 
26-08-17 22:29:57.044 - INFO: <epoch: 14, iter: 237,400, lr:1.250e-05> l_back_rec: 4.4436e+02 l_forw_fit: 4.5163e+02 l_mi: 1.0000e+00 l_h: 6.5107e+03 
26-08-17 22:30:44.199 - INFO: <epoch: 14, iter: 237,500, lr:1.250e-05> l_back_rec: 4.1190e+02 l_forw_fit: 4.2702e+02 l_mi: 1.0000e+00 l_h: 5.6791e+03 
26-08-17 22:31:31.750 - INFO: <epoch: 14, iter: 237,600, lr:1.250e-05> l_back_rec: 3.5404e+02 l_forw_fit: 2.8564e+02 l_mi: 1.0000e+00 l_h: 4.5722e+03 
26-08-17 22:32:19.190 - INFO: <epoch: 14, iter: 237,700, lr:1.250e-05> l_back_rec: 4.3578e+02 l_forw_fit: 4.5512e+02 l_mi: 1.0000e+00 l_h: 6.5479e+03 
26-08-17 22:33:06.744 - INFO: <epoch: 14, iter: 237,800, lr:1.250e-05> l_back_rec: 4.5484e+02 l_forw_fit: 3.3130e+02 l_mi: 1.0000e+00 l_h: 5.1062e+03 
26-08-17 22:33:54.126 - INFO: <epoch: 14, iter: 237,900, lr:1.250e-05> l_back_rec: 3.7800e+02 l_forw_fit: 3.4142e+02 l_mi: 1.0000e+00 l_h: 5.0550e+03 
26-08-17 22:34:41.354 - INFO: <epoch: 14, iter: 238,000, lr:1.250e-05> l_back_rec: 4.0895e+02 l_forw_fit: 3.9023e+02 l_mi: 1.0000e+00 l_h: 5.8240e+03 
26-08-17 22:35:18.170 - INFO: # Validation # PSNR_Cover: 5.1943e+01, PSNR_Secret: 4.8626e+01, PSNR_Stego: 4.5556e+01
26-08-17 22:36:05.650 - INFO: <epoch: 14, iter: 238,100, lr:1.250e-05> l_back_rec: 4.1045e+02 l_forw_fit: 3.4178e+02 l_mi: 1.0000e+00 l_h: 5.1462e+03 
26-08-17 22:36:53.391 - INFO: <epoch: 14, iter: 238,200, lr:1.250e-05> l_back_rec: 4.9756e+02 l_forw_fit: 4.7334e+02 l_mi: 1.0000e+00 l_h: 6.2471e+03 
26-08-17 22:37:40.820 - INFO: <epoch: 14, iter: 238,300, lr:1.250e-05> l_back_rec: 3.9157e+02 l_forw_fit: 4.2703e+02 l_mi: 1.0000e+00 l_h: 5.2286e+03 
26-08-17 22:38:28.454 - INFO: <epoch: 14, iter: 238,400, lr:1.250e-05> l_back_rec: 4.1942e+02 l_forw_fit: 3.0809e+02 l_mi: 1.0000e+00 l_h: 4.6398e+03 
26-08-17 22:39:15.615 - INFO: <epoch: 14, iter: 238,500, lr:1.250e-05> l_back_rec: 4.1852e+02 l_forw_fit: 3.0288e+02 l_mi: 1.0000e+00 l_h: 5.6097e+03 
26-08-17 22:40:02.902 - INFO: <epoch: 14, iter: 238,600, lr:1.250e-05> l_back_rec: 4.2895e+02 l_forw_fit: 3.8661e+02 l_mi: 1.0000e+00 l_h: 5.5390e+03 
26-08-17 22:40:50.046 - INFO: <epoch: 14, iter: 238,700, lr:1.250e-05> l_back_rec: 3.9646e+02 l_forw_fit: 4.2243e+02 l_mi: 1.0000e+00 l_h: 6.3541e+03 
26-08-17 22:41:37.385 - INFO: <epoch: 14, iter: 238,800, lr:1.250e-05> l_back_rec: 4.0660e+02 l_forw_fit: 2.8745e+02 l_mi: 1.0000e+00 l_h: 4.8255e+03 
26-08-17 22:42:24.745 - INFO: <epoch: 14, iter: 238,900, lr:1.250e-05> l_back_rec: 3.6183e+02 l_forw_fit: 3.4114e+02 l_mi: 1.0000e+00 l_h: 5.0055e+03 
26-08-17 22:43:11.996 - INFO: <epoch: 14, iter: 239,000, lr:1.250e-05> l_back_rec: 4.0576e+02 l_forw_fit: 3.8951e+02 l_mi: 1.0000e+00 l_h: 5.6639e+03 
26-08-17 22:43:48.599 - INFO: # Validation # PSNR_Cover: 5.1849e+01, PSNR_Secret: 4.8511e+01, PSNR_Stego: 4.5627e+01
26-08-17 22:44:36.084 - INFO: <epoch: 14, iter: 239,100, lr:1.250e-05> l_back_rec: 4.2245e+02 l_forw_fit: 4.1124e+02 l_mi: 1.0000e+00 l_h: 6.0403e+03 
26-08-17 22:45:23.335 - INFO: <epoch: 14, iter: 239,200, lr:1.250e-05> l_back_rec: 4.1773e+02 l_forw_fit: 6.1017e+02 l_mi: 1.0000e+00 l_h: 6.2957e+03 
26-08-17 22:46:10.707 - INFO: <epoch: 14, iter: 239,300, lr:1.250e-05> l_back_rec: 4.1075e+02 l_forw_fit: 2.6349e+02 l_mi: 1.0000e+00 l_h: 4.5822e+03 
26-08-17 22:46:57.915 - INFO: <epoch: 14, iter: 239,400, lr:1.250e-05> l_back_rec: 3.7364e+02 l_forw_fit: 2.9117e+02 l_mi: 1.0000e+00 l_h: 4.8249e+03 
26-08-17 22:47:45.123 - INFO: <epoch: 14, iter: 239,500, lr:1.250e-05> l_back_rec: 3.9228e+02 l_forw_fit: 4.1441e+02 l_mi: 1.0000e+00 l_h: 6.1305e+03 
26-08-17 22:48:32.419 - INFO: <epoch: 14, iter: 239,600, lr:1.250e-05> l_back_rec: 3.9044e+02 l_forw_fit: 4.1918e+02 l_mi: 1.0000e+00 l_h: 6.6371e+03 
26-08-17 22:49:19.682 - INFO: <epoch: 14, iter: 239,700, lr:1.250e-05> l_back_rec: 5.1522e+02 l_forw_fit: 4.9131e+02 l_mi: 1.0000e+00 l_h: 6.6127e+03 
26-08-17 22:50:06.974 - INFO: <epoch: 14, iter: 239,800, lr:1.250e-05> l_back_rec: 3.6189e+02 l_forw_fit: 3.4521e+02 l_mi: 1.0000e+00 l_h: 5.0474e+03 
26-08-17 22:50:54.268 - INFO: <epoch: 14, iter: 239,900, lr:1.250e-05> l_back_rec: 3.9648e+02 l_forw_fit: 2.8566e+02 l_mi: 1.0000e+00 l_h: 4.5913e+03 
26-08-17 22:51:41.967 - INFO: <epoch: 14, iter: 240,000, lr:1.250e-05> l_back_rec: 3.7628e+02 l_forw_fit: 2.9116e+02 l_mi: 1.0000e+00 l_h: 4.7968e+03 
26-08-17 22:52:18.745 - INFO: # Validation # PSNR_Cover: 5.1896e+01, PSNR_Secret: 4.8644e+01, PSNR_Stego: 4.5610e+01
26-08-17 22:52:18.745 - INFO: Saving models and training states.
26-08-17 22:53:06.605 - INFO: <epoch: 14, iter: 240,100, lr:1.250e-05> l_back_rec: 3.6852e+02 l_forw_fit: 1.9692e+02 l_mi: 1.0000e+00 l_h: 3.9827e+03 
26-08-17 22:53:53.945 - INFO: <epoch: 14, iter: 240,200, lr:1.250e-05> l_back_rec: 3.8023e+02 l_forw_fit: 2.7548e+02 l_mi: 1.0000e+00 l_h: 4.7348e+03 
26-08-17 22:54:41.444 - INFO: <epoch: 14, iter: 240,300, lr:1.250e-05> l_back_rec: 3.7079e+02 l_forw_fit: 2.6693e+02 l_mi: 1.0000e+00 l_h: 4.6295e+03 
26-08-17 22:55:28.625 - INFO: <epoch: 14, iter: 240,400, lr:1.250e-05> l_back_rec: 5.3487e+02 l_forw_fit: 4.6496e+02 l_mi: 1.0000e+00 l_h: 5.6065e+03 
26-08-17 22:56:16.039 - INFO: <epoch: 14, iter: 240,500, lr:1.250e-05> l_back_rec: 3.8742e+02 l_forw_fit: 3.3736e+02 l_mi: 1.0000e+00 l_h: 5.1550e+03 
26-08-17 22:57:03.494 - INFO: <epoch: 14, iter: 240,600, lr:1.250e-05> l_back_rec: 3.8003e+02 l_forw_fit: 3.2525e+02 l_mi: 1.0000e+00 l_h: 5.0800e+03 
26-08-17 22:57:50.796 - INFO: <epoch: 14, iter: 240,700, lr:1.250e-05> l_back_rec: 3.8154e+02 l_forw_fit: 4.5333e+02 l_mi: 1.0000e+00 l_h: 6.0477e+03 
26-08-17 22:58:38.187 - INFO: <epoch: 14, iter: 240,800, lr:1.250e-05> l_back_rec: 3.8881e+02 l_forw_fit: 3.2041e+02 l_mi: 1.0000e+00 l_h: 5.3549e+03 
26-08-17 22:59:25.596 - INFO: <epoch: 14, iter: 240,900, lr:1.250e-05> l_back_rec: 3.9158e+02 l_forw_fit: 3.5759e+02 l_mi: 1.0000e+00 l_h: 4.8073e+03 
26-08-17 23:00:12.895 - INFO: <epoch: 14, iter: 241,000, lr:1.250e-05> l_back_rec: 4.0822e+02 l_forw_fit: 4.1978e+02 l_mi: 1.0000e+00 l_h: 8.0659e+03 
26-08-17 23:00:49.557 - INFO: # Validation # PSNR_Cover: 5.1901e+01, PSNR_Secret: 4.8753e+01, PSNR_Stego: 4.5640e+01
26-08-17 23:01:37.027 - INFO: <epoch: 14, iter: 241,100, lr:1.250e-05> l_back_rec: 4.4466e+02 l_forw_fit: 4.9250e+02 l_mi: 1.0000e+00 l_h: 6.0474e+03 
26-08-17 23:02:24.379 - INFO: <epoch: 14, iter: 241,200, lr:1.250e-05> l_back_rec: 4.3501e+02 l_forw_fit: 5.0566e+02 l_mi: 1.0000e+00 l_h: 6.9670e+03 
26-08-17 23:03:11.899 - INFO: <epoch: 14, iter: 241,300, lr:1.250e-05> l_back_rec: 4.3089e+02 l_forw_fit: 4.2271e+02 l_mi: 1.0000e+00 l_h: 6.4092e+03 
26-08-17 23:03:59.218 - INFO: <epoch: 14, iter: 241,400, lr:1.250e-05> l_back_rec: 4.1348e+02 l_forw_fit: 3.3301e+02 l_mi: 1.0000e+00 l_h: 5.3533e+03 
26-08-17 23:04:46.518 - INFO: <epoch: 14, iter: 241,500, lr:1.250e-05> l_back_rec: 4.3280e+02 l_forw_fit: 4.1789e+02 l_mi: 1.0000e+00 l_h: 5.7934e+03 
26-08-17 23:05:34.017 - INFO: <epoch: 14, iter: 241,600, lr:1.250e-05> l_back_rec: 3.8052e+02 l_forw_fit: 3.5975e+02 l_mi: 1.0000e+00 l_h: 5.5759e+03 
26-08-17 23:06:21.205 - INFO: <epoch: 14, iter: 241,700, lr:1.250e-05> l_back_rec: 4.0390e+02 l_forw_fit: 4.2111e+02 l_mi: 1.0000e+00 l_h: 6.8141e+03 
26-08-17 23:07:08.448 - INFO: <epoch: 14, iter: 241,800, lr:1.250e-05> l_back_rec: 5.2751e+02 l_forw_fit: 6.1465e+02 l_mi: 1.0000e+00 l_h: 7.0142e+03 
26-08-17 23:07:55.745 - INFO: <epoch: 14, iter: 241,900, lr:1.250e-05> l_back_rec: 3.8769e+02 l_forw_fit: 2.7190e+02 l_mi: 1.0000e+00 l_h: 4.6451e+03 
26-08-17 23:08:42.943 - INFO: <epoch: 14, iter: 242,000, lr:1.250e-05> l_back_rec: 3.8512e+02 l_forw_fit: 3.8458e+02 l_mi: 1.0000e+00 l_h: 6.1360e+03 
26-08-17 23:09:19.960 - INFO: # Validation # PSNR_Cover: 5.1943e+01, PSNR_Secret: 4.8686e+01, PSNR_Stego: 4.5661e+01
26-08-17 23:10:07.475 - INFO: <epoch: 14, iter: 242,100, lr:1.250e-05> l_back_rec: 3.4634e+02 l_forw_fit: 2.7357e+02 l_mi: 1.0000e+00 l_h: 4.4799e+03 
26-08-17 23:10:54.767 - INFO: <epoch: 14, iter: 242,200, lr:1.250e-05> l_back_rec: 4.0698e+02 l_forw_fit: 4.0197e+02 l_mi: 1.0000e+00 l_h: 5.6037e+03 
26-08-17 23:12:52.497 - INFO: <epoch: 15, iter: 242,300, lr:1.250e-05> l_back_rec: 3.8525e+02 l_forw_fit: 3.2853e+02 l_mi: 1.0000e+00 l_h: 5.1973e+03 
26-08-17 23:13:40.641 - INFO: <epoch: 15, iter: 242,400, lr:1.250e-05> l_back_rec: 4.6755e+02 l_forw_fit: 4.5557e+02 l_mi: 1.0000e+00 l_h: 6.6388e+03 
26-08-17 23:14:28.100 - INFO: <epoch: 15, iter: 242,500, lr:1.250e-05> l_back_rec: 3.7607e+02 l_forw_fit: 3.7037e+02 l_mi: 1.0000e+00 l_h: 5.3355e+03 
26-08-17 23:15:15.624 - INFO: <epoch: 15, iter: 242,600, lr:1.250e-05> l_back_rec: 5.2734e+02 l_forw_fit: 9.4664e+02 l_mi: 1.0000e+00 l_h: 9.5434e+03 
26-08-17 23:16:03.138 - INFO: <epoch: 15, iter: 242,700, lr:1.250e-05> l_back_rec: 3.8299e+02 l_forw_fit: 2.5985e+02 l_mi: 1.0000e+00 l_h: 4.3980e+03 
26-08-17 23:16:50.274 - INFO: <epoch: 15, iter: 242,800, lr:1.250e-05> l_back_rec: 4.1056e+02 l_forw_fit: 3.7343e+02 l_mi: 1.0000e+00 l_h: 5.5628e+03 
26-08-17 23:17:36.199 - INFO: <epoch: 15, iter: 242,900, lr:1.250e-05> l_back_rec: 4.1663e+02 l_forw_fit: 3.9549e+02 l_mi: 1.0000e+00 l_h: 5.8992e+03 
26-08-17 23:18:21.944 - INFO: <epoch: 15, iter: 243,000, lr:1.250e-05> l_back_rec: 3.7259e+02 l_forw_fit: 3.5696e+02 l_mi: 1.0000e+00 l_h: 5.4795e+03 
26-08-17 23:18:59.330 - INFO: # Validation # PSNR_Cover: 5.1793e+01, PSNR_Secret: 4.8717e+01, PSNR_Stego: 4.5456e+01
26-08-17 23:19:46.327 - INFO: <epoch: 15, iter: 243,100, lr:1.250e-05> l_back_rec: 4.1860e+02 l_forw_fit: 4.4085e+02 l_mi: 1.0000e+00 l_h: 6.1369e+03 
26-08-17 23:20:33.488 - INFO: <epoch: 15, iter: 243,200, lr:1.250e-05> l_back_rec: 3.4866e+02 l_forw_fit: 2.5109e+02 l_mi: 1.0000e+00 l_h: 4.4054e+03 
26-08-17 23:21:20.537 - INFO: <epoch: 15, iter: 243,300, lr:1.250e-05> l_back_rec: 3.7974e+02 l_forw_fit: 2.5697e+02 l_mi: 1.0000e+00 l_h: 5.0513e+03 
26-08-17 23:22:07.890 - INFO: <epoch: 15, iter: 243,400, lr:1.250e-05> l_back_rec: 4.1422e+02 l_forw_fit: 4.1138e+02 l_mi: 1.0000e+00 l_h: 6.6243e+03 
26-08-17 23:22:55.069 - INFO: <epoch: 15, iter: 243,500, lr:1.250e-05> l_back_rec: 3.6496e+02 l_forw_fit: 4.2028e+02 l_mi: 1.0000e+00 l_h: 5.1441e+03 
26-08-17 23:23:42.333 - INFO: <epoch: 15, iter: 243,600, lr:1.250e-05> l_back_rec: 4.0956e+02 l_forw_fit: 3.7622e+02 l_mi: 1.0000e+00 l_h: 5.5947e+03 
26-08-17 23:24:29.629 - INFO: <epoch: 15, iter: 243,700, lr:1.250e-05> l_back_rec: 4.1279e+02 l_forw_fit: 2.6203e+02 l_mi: 1.0000e+00 l_h: 4.5717e+03 
26-08-17 23:25:16.663 - INFO: <epoch: 15, iter: 243,800, lr:1.250e-05> l_back_rec: 5.2161e+02 l_forw_fit: 4.3751e+02 l_mi: 1.0000e+00 l_h: 5.6320e+03 
26-08-17 23:26:03.879 - INFO: <epoch: 15, iter: 243,900, lr:1.250e-05> l_back_rec: 4.4757e+02 l_forw_fit: 4.9306e+02 l_mi: 1.0000e+00 l_h: 6.6025e+03 
26-08-17 23:26:50.773 - INFO: <epoch: 15, iter: 244,000, lr:1.250e-05> l_back_rec: 4.9466e+02 l_forw_fit: 5.4044e+02 l_mi: 1.0000e+00 l_h: 6.4582e+03 
26-08-17 23:27:27.494 - INFO: # Validation # PSNR_Cover: 5.1880e+01, PSNR_Secret: 4.8670e+01, PSNR_Stego: 4.5649e+01
26-08-17 23:28:14.746 - INFO: <epoch: 15, iter: 244,100, lr:1.250e-05> l_back_rec: 3.7732e+02 l_forw_fit: 3.9132e+02 l_mi: 1.0000e+00 l_h: 5.5038e+03 
26-08-17 23:29:01.907 - INFO: <epoch: 15, iter: 244,200, lr:1.250e-05> l_back_rec: 4.1101e+02 l_forw_fit: 4.7636e+02 l_mi: 1.0000e+00 l_h: 6.5161e+03 
26-08-17 23:29:48.924 - INFO: <epoch: 15, iter: 244,300, lr:1.250e-05> l_back_rec: 4.3318e+02 l_forw_fit: 4.3344e+02 l_mi: 1.0000e+00 l_h: 6.1196e+03 
26-08-17 23:30:36.114 - INFO: <epoch: 15, iter: 244,400, lr:1.250e-05> l_back_rec: 3.8613e+02 l_forw_fit: 3.8452e+02 l_mi: 1.0000e+00 l_h: 5.7529e+03 
26-08-17 23:31:23.186 - INFO: <epoch: 15, iter: 244,500, lr:1.250e-05> l_back_rec: 4.2673e+02 l_forw_fit: 4.2617e+02 l_mi: 1.0000e+00 l_h: 5.9838e+03 
26-08-17 23:32:10.537 - INFO: <epoch: 15, iter: 244,600, lr:1.250e-05> l_back_rec: 4.3819e+02 l_forw_fit: 6.2012e+02 l_mi: 1.0000e+00 l_h: 6.4598e+03 
26-08-17 23:32:57.687 - INFO: <epoch: 15, iter: 244,700, lr:1.250e-05> l_back_rec: 3.9177e+02 l_forw_fit: 3.6996e+02 l_mi: 1.0000e+00 l_h: 5.5144e+03 
26-08-17 23:33:44.739 - INFO: <epoch: 15, iter: 244,800, lr:1.250e-05> l_back_rec: 3.9754e+02 l_forw_fit: 5.1606e+02 l_mi: 1.0000e+00 l_h: 5.9216e+03 
26-08-17 23:34:31.835 - INFO: <epoch: 15, iter: 244,900, lr:1.250e-05> l_back_rec: 3.1468e+02 l_forw_fit: 2.3809e+02 l_mi: 1.0000e+00 l_h: 4.1716e+03 
26-08-17 23:35:18.788 - INFO: <epoch: 15, iter: 245,000, lr:1.250e-05> l_back_rec: 4.2026e+02 l_forw_fit: 3.8790e+02 l_mi: 1.0000e+00 l_h: 5.6484e+03 
26-08-17 23:35:55.658 - INFO: # Validation # PSNR_Cover: 5.1921e+01, PSNR_Secret: 4.8766e+01, PSNR_Stego: 4.5631e+01
26-08-17 23:35:55.658 - INFO: Saving models and training states.
26-08-17 23:36:43.650 - INFO: <epoch: 15, iter: 245,100, lr:1.250e-05> l_back_rec: 5.0150e+02 l_forw_fit: 6.9645e+02 l_mi: 1.0000e+00 l_h: 7.6804e+03 
26-08-17 23:37:30.845 - INFO: <epoch: 15, iter: 245,200, lr:1.250e-05> l_back_rec: 4.0474e+02 l_forw_fit: 4.5780e+02 l_mi: 1.0000e+00 l_h: 6.2339e+03 
26-08-17 23:38:18.040 - INFO: <epoch: 15, iter: 245,300, lr:1.250e-05> l_back_rec: 5.2765e+02 l_forw_fit: 5.6800e+02 l_mi: 1.0000e+00 l_h: 6.9534e+03 
26-08-17 23:39:05.313 - INFO: <epoch: 15, iter: 245,400, lr:1.250e-05> l_back_rec: 4.0186e+02 l_forw_fit: 3.1003e+02 l_mi: 1.0000e+00 l_h: 4.8853e+03 
26-08-17 23:39:52.381 - INFO: <epoch: 15, iter: 245,500, lr:1.250e-05> l_back_rec: 4.2411e+02 l_forw_fit: 4.6475e+02 l_mi: 1.0000e+00 l_h: 6.4398e+03 
26-08-17 23:40:39.622 - INFO: <epoch: 15, iter: 245,600, lr:1.250e-05> l_back_rec: 4.4457e+02 l_forw_fit: 2.7444e+02 l_mi: 1.0000e+00 l_h: 4.5663e+03 
26-08-17 23:41:26.772 - INFO: <epoch: 15, iter: 245,700, lr:1.250e-05> l_back_rec: 4.0249e+02 l_forw_fit: 3.8867e+02 l_mi: 1.0000e+00 l_h: 5.6750e+03 
26-08-17 23:42:14.110 - INFO: <epoch: 15, iter: 245,800, lr:1.250e-05> l_back_rec: 4.3931e+02 l_forw_fit: 4.6813e+02 l_mi: 1.0000e+00 l_h: 5.9512e+03 
26-08-17 23:43:01.396 - INFO: <epoch: 15, iter: 245,900, lr:1.250e-05> l_back_rec: 4.0551e+02 l_forw_fit: 3.9492e+02 l_mi: 1.0000e+00 l_h: 5.4634e+03 
26-08-17 23:43:48.457 - INFO: <epoch: 15, iter: 246,000, lr:1.250e-05> l_back_rec: 3.7468e+02 l_forw_fit: 5.7838e+02 l_mi: 1.0000e+00 l_h: 6.2904e+03 
26-08-17 23:44:25.139 - INFO: # Validation # PSNR_Cover: 5.1836e+01, PSNR_Secret: 4.8740e+01, PSNR_Stego: 4.5589e+01
26-08-17 23:45:12.480 - INFO: <epoch: 15, iter: 246,100, lr:1.250e-05> l_back_rec: 4.4077e+02 l_forw_fit: 4.6023e+02 l_mi: 1.0000e+00 l_h: 6.4479e+03 
26-08-17 23:45:59.568 - INFO: <epoch: 15, iter: 246,200, lr:1.250e-05> l_back_rec: 4.6413e+02 l_forw_fit: 4.1884e+02 l_mi: 1.0000e+00 l_h: 5.5048e+03 
26-08-17 23:46:46.706 - INFO: <epoch: 15, iter: 246,300, lr:1.250e-05> l_back_rec: 4.7437e+02 l_forw_fit: 4.7709e+02 l_mi: 1.0000e+00 l_h: 6.5523e+03 
26-08-17 23:47:33.950 - INFO: <epoch: 15, iter: 246,400, lr:1.250e-05> l_back_rec: 4.0268e+02 l_forw_fit: 4.0685e+02 l_mi: 1.0000e+00 l_h: 6.1406e+03 
26-08-17 23:48:20.873 - INFO: <epoch: 15, iter: 246,500, lr:1.250e-05> l_back_rec: 4.6180e+02 l_forw_fit: 4.9022e+02 l_mi: 1.0000e+00 l_h: 5.9811e+03 
26-08-17 23:49:08.137 - INFO: <epoch: 15, iter: 246,600, lr:1.250e-05> l_back_rec: 5.3423e+02 l_forw_fit: 4.9251e+02 l_mi: 1.0000e+00 l_h: 6.7651e+03 
26-08-17 23:49:55.247 - INFO: <epoch: 15, iter: 246,700, lr:1.250e-05> l_back_rec: 4.2931e+02 l_forw_fit: 3.7183e+02 l_mi: 1.0000e+00 l_h: 5.1672e+03 
26-08-17 23:50:42.430 - INFO: <epoch: 15, iter: 246,800, lr:1.250e-05> l_back_rec: 4.5981e+02 l_forw_fit: 4.7801e+02 l_mi: 1.0000e+00 l_h: 6.4824e+03 
26-08-17 23:51:29.680 - INFO: <epoch: 15, iter: 246,900, lr:1.250e-05> l_back_rec: 5.0250e+02 l_forw_fit: 6.1125e+02 l_mi: 1.0000e+00 l_h: 7.8624e+03 
26-08-17 23:52:17.162 - INFO: <epoch: 15, iter: 247,000, lr:1.250e-05> l_back_rec: 3.4942e+02 l_forw_fit: 3.1254e+02 l_mi: 1.0000e+00 l_h: 5.0815e+03 
26-08-17 23:52:53.758 - INFO: # Validation # PSNR_Cover: 5.1859e+01, PSNR_Secret: 4.8703e+01, PSNR_Stego: 4.5666e+01
26-08-17 23:53:41.001 - INFO: <epoch: 15, iter: 247,100, lr:1.250e-05> l_back_rec: 4.2189e+02 l_forw_fit: 3.7767e+02 l_mi: 1.0000e+00 l_h: 5.2577e+03 
26-08-17 23:54:28.285 - INFO: <epoch: 15, iter: 247,200, lr:1.250e-05> l_back_rec: 3.8522e+02 l_forw_fit: 3.1730e+02 l_mi: 1.0000e+00 l_h: 4.6785e+03 
26-08-17 23:55:15.237 - INFO: <epoch: 15, iter: 247,300, lr:1.250e-05> l_back_rec: 4.4875e+02 l_forw_fit: 5.4025e+02 l_mi: 1.0000e+00 l_h: 7.1448e+03 
26-08-17 23:56:02.574 - INFO: <epoch: 15, iter: 247,400, lr:1.250e-05> l_back_rec: 3.7530e+02 l_forw_fit: 2.9789e+02 l_mi: 1.0000e+00 l_h: 5.1145e+03 
26-08-17 23:56:49.644 - INFO: <epoch: 15, iter: 247,500, lr:1.250e-05> l_back_rec: 4.0872e+02 l_forw_fit: 3.6632e+02 l_mi: 1.0000e+00 l_h: 5.3923e+03 
26-08-17 23:57:36.953 - INFO: <epoch: 15, iter: 247,600, lr:1.250e-05> l_back_rec: 4.4409e+02 l_forw_fit: 5.3369e+02 l_mi: 1.0000e+00 l_h: 6.5798e+03 
26-08-17 23:58:23.993 - INFO: <epoch: 15, iter: 247,700, lr:1.250e-05> l_back_rec: 4.1462e+02 l_forw_fit: 5.3797e+02 l_mi: 1.0000e+00 l_h: 6.4675e+03 
26-08-17 23:59:11.236 - INFO: <epoch: 15, iter: 247,800, lr:1.250e-05> l_back_rec: 4.5178e+02 l_forw_fit: 3.8650e+02 l_mi: 1.0000e+00 l_h: 5.8364e+03 
26-08-17 23:59:58.695 - INFO: <epoch: 15, iter: 247,900, lr:1.250e-05> l_back_rec: 4.0882e+02 l_forw_fit: 5.0441e+02 l_mi: 1.0000e+00 l_h: 6.6895e+03 
26-08-18 00:00:46.032 - INFO: <epoch: 15, iter: 248,000, lr:1.250e-05> l_back_rec: 4.3975e+02 l_forw_fit: 3.5798e+02 l_mi: 1.0000e+00 l_h: 5.6452e+03 
26-08-18 00:01:22.632 - INFO: # Validation # PSNR_Cover: 5.1921e+01, PSNR_Secret: 4.8692e+01, PSNR_Stego: 4.5627e+01
26-08-18 00:02:09.995 - INFO: <epoch: 15, iter: 248,100, lr:1.250e-05> l_back_rec: 4.0893e+02 l_forw_fit: 4.6126e+02 l_mi: 1.0000e+00 l_h: 5.7392e+03 
26-08-18 00:02:57.298 - INFO: <epoch: 15, iter: 248,200, lr:1.250e-05> l_back_rec: 4.2140e+02 l_forw_fit: 3.7472e+02 l_mi: 1.0000e+00 l_h: 5.8359e+03 
26-08-18 00:03:44.495 - INFO: <epoch: 15, iter: 248,300, lr:1.250e-05> l_back_rec: 4.0045e+02 l_forw_fit: 4.1077e+02 l_mi: 1.0000e+00 l_h: 6.0142e+03 
26-08-18 00:04:31.732 - INFO: <epoch: 15, iter: 248,400, lr:1.250e-05> l_back_rec: 4.1975e+02 l_forw_fit: 3.6402e+02 l_mi: 1.0000e+00 l_h: 5.6363e+03 
26-08-18 00:05:18.830 - INFO: <epoch: 15, iter: 248,500, lr:1.250e-05> l_back_rec: 4.0800e+02 l_forw_fit: 2.4552e+02 l_mi: 1.0000e+00 l_h: 4.3338e+03 
26-08-18 00:06:06.203 - INFO: <epoch: 15, iter: 248,600, lr:1.250e-05> l_back_rec: 4.1480e+02 l_forw_fit: 3.9563e+02 l_mi: 1.0000e+00 l_h: 5.6367e+03 
26-08-18 00:06:53.318 - INFO: <epoch: 15, iter: 248,700, lr:1.250e-05> l_back_rec: 4.5263e+02 l_forw_fit: 3.3630e+02 l_mi: 1.0000e+00 l_h: 5.2472e+03 
26-08-18 00:07:40.710 - INFO: <epoch: 15, iter: 248,800, lr:1.250e-05> l_back_rec: 4.0469e+02 l_forw_fit: 3.8053e+02 l_mi: 1.0000e+00 l_h: 5.4870e+03 
26-08-18 00:08:27.905 - INFO: <epoch: 15, iter: 248,900, lr:1.250e-05> l_back_rec: 3.9680e+02 l_forw_fit: 3.6964e+02 l_mi: 1.0000e+00 l_h: 5.8847e+03 
26-08-18 00:09:15.255 - INFO: <epoch: 15, iter: 249,000, lr:1.250e-05> l_back_rec: 4.0808e+02 l_forw_fit: 3.7754e+02 l_mi: 1.0000e+00 l_h: 6.0715e+03 
26-08-18 00:09:52.050 - INFO: # Validation # PSNR_Cover: 5.1899e+01, PSNR_Secret: 4.8687e+01, PSNR_Stego: 4.5666e+01
26-08-18 00:10:39.500 - INFO: <epoch: 15, iter: 249,100, lr:1.250e-05> l_back_rec: 5.2533e+02 l_forw_fit: 3.1942e+02 l_mi: 1.0000e+00 l_h: 4.6715e+03 
26-08-18 00:11:26.597 - INFO: <epoch: 15, iter: 249,200, lr:1.250e-05> l_back_rec: 4.4401e+02 l_forw_fit: 3.3082e+02 l_mi: 1.0000e+00 l_h: 5.0485e+03 
26-08-18 00:12:13.872 - INFO: <epoch: 15, iter: 249,300, lr:1.250e-05> l_back_rec: 3.9021e+02 l_forw_fit: 3.0948e+02 l_mi: 1.0000e+00 l_h: 5.0618e+03 
26-08-18 00:13:01.279 - INFO: <epoch: 15, iter: 249,400, lr:1.250e-05> l_back_rec: 4.0226e+02 l_forw_fit: 2.8113e+02 l_mi: 1.0000e+00 l_h: 4.7388e+03 
26-08-18 00:13:48.424 - INFO: <epoch: 15, iter: 249,500, lr:1.250e-05> l_back_rec: 3.8936e+02 l_forw_fit: 3.8173e+02 l_mi: 1.0000e+00 l_h: 5.3525e+03 
26-08-18 00:14:35.834 - INFO: <epoch: 15, iter: 249,600, lr:1.250e-05> l_back_rec: 3.8770e+02 l_forw_fit: 2.6872e+02 l_mi: 1.0000e+00 l_h: 4.7738e+03 
26-08-18 00:15:23.017 - INFO: <epoch: 15, iter: 249,700, lr:1.250e-05> l_back_rec: 4.0464e+02 l_forw_fit: 3.8538e+02 l_mi: 1.0000e+00 l_h: 5.5836e+03 
26-08-18 00:16:10.316 - INFO: <epoch: 15, iter: 249,800, lr:1.250e-05> l_back_rec: 4.4391e+02 l_forw_fit: 3.7989e+02 l_mi: 1.0000e+00 l_h: 4.9356e+03 
26-08-18 00:16:57.613 - INFO: <epoch: 15, iter: 249,900, lr:1.250e-05> l_back_rec: 3.7181e+02 l_forw_fit: 3.1475e+02 l_mi: 1.0000e+00 l_h: 4.8604e+03 
26-08-18 00:17:45.068 - INFO: <epoch: 15, iter: 250,000, lr:1.250e-05> l_back_rec: 3.9587e+02 l_forw_fit: 2.8806e+02 l_mi: 1.0000e+00 l_h: 5.4628e+03 
26-08-18 00:18:21.990 - INFO: # Validation # PSNR_Cover: 5.1939e+01, PSNR_Secret: 4.8760e+01, PSNR_Stego: 4.5682e+01
26-08-18 00:18:21.990 - INFO: Saving models and training states.
26-08-18 00:19:09.818 - INFO: <epoch: 15, iter: 250,100, lr:1.250e-05> l_back_rec: 4.2147e+02 l_forw_fit: 4.3281e+02 l_mi: 1.0000e+00 l_h: 5.9194e+03 
26-08-18 00:19:57.042 - INFO: <epoch: 15, iter: 250,200, lr:1.250e-05> l_back_rec: 5.2359e+02 l_forw_fit: 1.1828e+03 l_mi: 1.0000e+00 l_h: 8.8610e+03 
26-08-18 00:20:44.300 - INFO: <epoch: 15, iter: 250,300, lr:1.250e-05> l_back_rec: 3.8455e+02 l_forw_fit: 2.4908e+02 l_mi: 1.0000e+00 l_h: 4.3221e+03 
26-08-18 00:21:31.573 - INFO: <epoch: 15, iter: 250,400, lr:1.250e-05> l_back_rec: 4.3998e+02 l_forw_fit: 5.7252e+02 l_mi: 1.0000e+00 l_h: 6.7519e+03 
26-08-18 00:22:18.565 - INFO: <epoch: 15, iter: 250,500, lr:1.250e-05> l_back_rec: 5.3251e+02 l_forw_fit: 6.0459e+02 l_mi: 1.0000e+00 l_h: 7.3044e+03 
26-08-18 00:23:06.139 - INFO: <epoch: 15, iter: 250,600, lr:1.250e-05> l_back_rec: 3.9740e+02 l_forw_fit: 2.6083e+02 l_mi: 1.0000e+00 l_h: 4.4899e+03 
26-08-18 00:23:53.337 - INFO: <epoch: 15, iter: 250,700, lr:1.250e-05> l_back_rec: 4.1016e+02 l_forw_fit: 3.2325e+02 l_mi: 1.0000e+00 l_h: 6.8797e+03 
26-08-18 00:24:42.490 - INFO: <epoch: 15, iter: 250,800, lr:1.250e-05> l_back_rec: 4.3139e+02 l_forw_fit: 3.3866e+02 l_mi: 1.0000e+00 l_h: 5.7471e+03 
26-08-18 00:25:32.017 - INFO: <epoch: 15, iter: 250,900, lr:1.250e-05> l_back_rec: 4.3025e+02 l_forw_fit: 3.3743e+02 l_mi: 1.0000e+00 l_h: 5.1124e+03 
26-08-18 00:26:19.715 - INFO: <epoch: 15, iter: 251,000, lr:1.250e-05> l_back_rec: 4.1464e+02 l_forw_fit: 4.6670e+02 l_mi: 1.0000e+00 l_h: 6.4377e+03 
26-08-18 00:26:56.543 - INFO: # Validation # PSNR_Cover: 5.1890e+01, PSNR_Secret: 4.8658e+01, PSNR_Stego: 4.5647e+01
26-08-18 00:27:44.601 - INFO: <epoch: 15, iter: 251,100, lr:1.250e-05> l_back_rec: 4.2054e+02 l_forw_fit: 3.6734e+02 l_mi: 1.0000e+00 l_h: 5.6938e+03 
26-08-18 00:28:32.824 - INFO: <epoch: 15, iter: 251,200, lr:1.250e-05> l_back_rec: 4.3509e+02 l_forw_fit: 3.1898e+02 l_mi: 1.0000e+00 l_h: 5.2848e+03 
26-08-18 00:29:20.154 - INFO: <epoch: 15, iter: 251,300, lr:1.250e-05> l_back_rec: 3.4058e+02 l_forw_fit: 2.8505e+02 l_mi: 1.0000e+00 l_h: 4.7272e+03 
26-08-18 00:30:08.216 - INFO: <epoch: 15, iter: 251,400, lr:1.250e-05> l_back_rec: 4.3320e+02 l_forw_fit: 3.8427e+02 l_mi: 1.0000e+00 l_h: 5.7475e+03 
26-08-18 00:30:55.782 - INFO: <epoch: 15, iter: 251,500, lr:1.250e-05> l_back_rec: 3.8211e+02 l_forw_fit: 2.5913e+02 l_mi: 1.0000e+00 l_h: 4.3446e+03 
26-08-18 00:31:43.486 - INFO: <epoch: 15, iter: 251,600, lr:1.250e-05> l_back_rec: 4.1956e+02 l_forw_fit: 4.1291e+02 l_mi: 1.0000e+00 l_h: 5.8517e+03 
26-08-18 00:32:30.916 - INFO: <epoch: 15, iter: 251,700, lr:1.250e-05> l_back_rec: 4.7406e+02 l_forw_fit: 4.4606e+02 l_mi: 1.0000e+00 l_h: 5.4946e+03 
26-08-18 00:33:18.276 - INFO: <epoch: 15, iter: 251,800, lr:1.250e-05> l_back_rec: 4.0592e+02 l_forw_fit: 2.9156e+02 l_mi: 1.0000e+00 l_h: 4.8041e+03 
26-08-18 00:34:05.720 - INFO: <epoch: 15, iter: 251,900, lr:1.250e-05> l_back_rec: 3.7274e+02 l_forw_fit: 4.8832e+02 l_mi: 1.0000e+00 l_h: 6.2608e+03 
26-08-18 00:34:53.518 - INFO: <epoch: 15, iter: 252,000, lr:1.250e-05> l_back_rec: 4.9325e+02 l_forw_fit: 5.7310e+02 l_mi: 1.0000e+00 l_h: 7.2946e+03 
26-08-18 00:35:31.221 - INFO: # Validation # PSNR_Cover: 5.1900e+01, PSNR_Secret: 4.8757e+01, PSNR_Stego: 4.5587e+01
26-08-18 00:36:20.136 - INFO: <epoch: 15, iter: 252,100, lr:1.250e-05> l_back_rec: 4.2088e+02 l_forw_fit: 3.5207e+02 l_mi: 1.0000e+00 l_h: 5.3275e+03 
26-08-18 00:37:08.432 - INFO: <epoch: 15, iter: 252,200, lr:1.250e-05> l_back_rec: 5.3463e+02 l_forw_fit: 7.3611e+02 l_mi: 1.0000e+00 l_h: 9.9048e+03 
26-08-18 00:37:56.205 - INFO: <epoch: 15, iter: 252,300, lr:1.250e-05> l_back_rec: 4.7079e+02 l_forw_fit: 5.6059e+02 l_mi: 1.0000e+00 l_h: 6.5243e+03 
26-08-18 00:38:43.960 - INFO: <epoch: 15, iter: 252,400, lr:1.250e-05> l_back_rec: 4.1772e+02 l_forw_fit: 2.4499e+02 l_mi: 1.0000e+00 l_h: 4.5451e+03 
26-08-18 00:39:31.604 - INFO: <epoch: 15, iter: 252,500, lr:1.250e-05> l_back_rec: 4.0543e+02 l_forw_fit: 4.7146e+02 l_mi: 1.0000e+00 l_h: 5.9379e+03 
26-08-18 00:40:19.017 - INFO: <epoch: 15, iter: 252,600, lr:1.250e-05> l_back_rec: 4.3004e+02 l_forw_fit: 4.4509e+02 l_mi: 1.0000e+00 l_h: 6.2057e+03 
26-08-18 00:41:06.526 - INFO: <epoch: 15, iter: 252,700, lr:1.250e-05> l_back_rec: 4.2735e+02 l_forw_fit: 5.0479e+02 l_mi: 1.0000e+00 l_h: 6.0928e+03 
26-08-18 00:41:53.991 - INFO: <epoch: 15, iter: 252,800, lr:1.250e-05> l_back_rec: 4.4169e+02 l_forw_fit: 4.1895e+02 l_mi: 1.0000e+00 l_h: 6.1947e+03 
26-08-18 00:42:41.705 - INFO: <epoch: 15, iter: 252,900, lr:1.250e-05> l_back_rec: 4.2105e+02 l_forw_fit: 4.9922e+02 l_mi: 1.0000e+00 l_h: 6.4992e+03 
26-08-18 00:43:29.229 - INFO: <epoch: 15, iter: 253,000, lr:1.250e-05> l_back_rec: 4.1700e+02 l_forw_fit: 4.7419e+02 l_mi: 1.0000e+00 l_h: 5.5570e+03 
26-08-18 00:44:05.998 - INFO: # Validation # PSNR_Cover: 5.1925e+01, PSNR_Secret: 4.8699e+01, PSNR_Stego: 4.5654e+01
26-08-18 00:44:55.919 - INFO: <epoch: 15, iter: 253,100, lr:1.250e-05> l_back_rec: 3.8773e+02 l_forw_fit: 2.3722e+02 l_mi: 1.0000e+00 l_h: 4.4217e+03 
26-08-18 00:45:43.663 - INFO: <epoch: 15, iter: 253,200, lr:1.250e-05> l_back_rec: 3.9981e+02 l_forw_fit: 2.6501e+02 l_mi: 1.0000e+00 l_h: 4.4186e+03 
26-08-18 00:46:31.379 - INFO: <epoch: 15, iter: 253,300, lr:1.250e-05> l_back_rec: 4.6416e+02 l_forw_fit: 6.5487e+02 l_mi: 1.0000e+00 l_h: 7.7023e+03 
26-08-18 00:47:18.863 - INFO: <epoch: 15, iter: 253,400, lr:1.250e-05> l_back_rec: 3.9156e+02 l_forw_fit: 2.8838e+02 l_mi: 1.0000e+00 l_h: 4.7171e+03 
26-08-18 00:48:06.574 - INFO: <epoch: 15, iter: 253,500, lr:1.250e-05> l_back_rec: 3.6180e+02 l_forw_fit: 3.9042e+02 l_mi: 1.0000e+00 l_h: 5.1000e+03 
26-08-18 00:48:54.026 - INFO: <epoch: 15, iter: 253,600, lr:1.250e-05> l_back_rec: 4.2752e+02 l_forw_fit: 3.8490e+02 l_mi: 1.0000e+00 l_h: 6.0919e+03 
26-08-18 00:49:41.641 - INFO: <epoch: 15, iter: 253,700, lr:1.250e-05> l_back_rec: 4.9198e+02 l_forw_fit: 5.4186e+02 l_mi: 1.0000e+00 l_h: 7.1140e+03 
26-08-18 00:50:28.960 - INFO: <epoch: 15, iter: 253,800, lr:1.250e-05> l_back_rec: 4.2191e+02 l_forw_fit: 3.0524e+02 l_mi: 1.0000e+00 l_h: 5.2314e+03 
26-08-18 00:51:16.407 - INFO: <epoch: 15, iter: 253,900, lr:1.250e-05> l_back_rec: 4.2550e+02 l_forw_fit: 3.7216e+02 l_mi: 1.0000e+00 l_h: 5.7913e+03 
26-08-18 00:52:04.356 - INFO: <epoch: 15, iter: 254,000, lr:1.250e-05> l_back_rec: 3.5086e+02 l_forw_fit: 2.5179e+02 l_mi: 1.0000e+00 l_h: 4.2713e+03 
26-08-18 00:52:48.284 - INFO: # Validation # PSNR_Cover: 5.1759e+01, PSNR_Secret: 4.8778e+01, PSNR_Stego: 4.5547e+01
26-08-18 00:53:35.856 - INFO: <epoch: 15, iter: 254,100, lr:1.250e-05> l_back_rec: 3.8521e+02 l_forw_fit: 4.6900e+02 l_mi: 1.0000e+00 l_h: 5.8385e+03 
26-08-18 00:54:23.298 - INFO: <epoch: 15, iter: 254,200, lr:1.250e-05> l_back_rec: 3.9589e+02 l_forw_fit: 2.9221e+02 l_mi: 1.0000e+00 l_h: 4.6629e+03 
26-08-18 00:55:10.816 - INFO: <epoch: 15, iter: 254,300, lr:1.250e-05> l_back_rec: 3.5118e+02 l_forw_fit: 3.0300e+02 l_mi: 1.0000e+00 l_h: 4.7345e+03 
26-08-18 00:55:58.250 - INFO: <epoch: 15, iter: 254,400, lr:1.250e-05> l_back_rec: 3.9067e+02 l_forw_fit: 2.6753e+02 l_mi: 1.0000e+00 l_h: 4.7247e+03 
26-08-18 00:56:45.708 - INFO: <epoch: 15, iter: 254,500, lr:1.250e-05> l_back_rec: 5.1463e+02 l_forw_fit: 4.9133e+02 l_mi: 1.0000e+00 l_h: 6.6354e+03 
26-08-18 00:57:33.443 - INFO: <epoch: 15, iter: 254,600, lr:1.250e-05> l_back_rec: 4.1927e+02 l_forw_fit: 4.1968e+02 l_mi: 1.0000e+00 l_h: 6.3952e+03 
26-08-18 00:58:20.946 - INFO: <epoch: 15, iter: 254,700, lr:1.250e-05> l_back_rec: 5.1233e+02 l_forw_fit: 9.2231e+02 l_mi: 1.0000e+00 l_h: 8.6640e+03 
26-08-18 00:59:08.545 - INFO: <epoch: 15, iter: 254,800, lr:1.250e-05> l_back_rec: 3.9957e+02 l_forw_fit: 4.2932e+02 l_mi: 1.0000e+00 l_h: 6.4470e+03 
26-08-18 00:59:56.162 - INFO: <epoch: 15, iter: 254,900, lr:1.250e-05> l_back_rec: 3.6765e+02 l_forw_fit: 3.0733e+02 l_mi: 1.0000e+00 l_h: 4.8299e+03 
26-08-18 01:00:43.826 - INFO: <epoch: 15, iter: 255,000, lr:1.250e-05> l_back_rec: 4.1821e+02 l_forw_fit: 4.4900e+02 l_mi: 1.0000e+00 l_h: 6.4072e+03 
26-08-18 01:01:20.519 - INFO: # Validation # PSNR_Cover: 5.1975e+01, PSNR_Secret: 4.8585e+01, PSNR_Stego: 4.5711e+01
26-08-18 01:01:20.520 - INFO: Saving models and training states.
26-08-18 01:02:08.851 - INFO: <epoch: 15, iter: 255,100, lr:1.250e-05> l_back_rec: 3.9080e+02 l_forw_fit: 2.8797e+02 l_mi: 1.0000e+00 l_h: 4.9673e+03 
26-08-18 01:02:56.540 - INFO: <epoch: 15, iter: 255,200, lr:1.250e-05> l_back_rec: 3.5432e+02 l_forw_fit: 2.5972e+02 l_mi: 1.0000e+00 l_h: 4.7875e+03 
26-08-18 01:03:44.122 - INFO: <epoch: 15, iter: 255,300, lr:1.250e-05> l_back_rec: 4.0730e+02 l_forw_fit: 3.1861e+02 l_mi: 1.0000e+00 l_h: 5.1828e+03 
26-08-18 01:04:31.846 - INFO: <epoch: 15, iter: 255,400, lr:1.250e-05> l_back_rec: 4.2253e+02 l_forw_fit: 3.2878e+02 l_mi: 1.0000e+00 l_h: 5.2149e+03 
26-08-18 01:05:19.334 - INFO: <epoch: 15, iter: 255,500, lr:1.250e-05> l_back_rec: 4.0303e+02 l_forw_fit: 2.7982e+02 l_mi: 1.0000e+00 l_h: 4.5019e+03 
26-08-18 01:06:06.979 - INFO: <epoch: 15, iter: 255,600, lr:1.250e-05> l_back_rec: 4.1128e+02 l_forw_fit: 4.7750e+02 l_mi: 1.0000e+00 l_h: 6.0863e+03 
26-08-18 01:06:54.412 - INFO: <epoch: 15, iter: 255,700, lr:1.250e-05> l_back_rec: 4.0150e+02 l_forw_fit: 2.7384e+02 l_mi: 1.0000e+00 l_h: 4.4857e+03 
26-08-18 01:07:42.039 - INFO: <epoch: 15, iter: 255,800, lr:1.250e-05> l_back_rec: 3.6707e+02 l_forw_fit: 2.4400e+02 l_mi: 1.0000e+00 l_h: 4.0940e+03 
26-08-18 01:08:29.735 - INFO: <epoch: 15, iter: 255,900, lr:1.250e-05> l_back_rec: 3.8473e+02 l_forw_fit: 4.9877e+02 l_mi: 1.0000e+00 l_h: 6.9043e+03 
26-08-18 01:09:17.238 - INFO: <epoch: 15, iter: 256,000, lr:1.250e-05> l_back_rec: 4.5833e+02 l_forw_fit: 3.7584e+02 l_mi: 1.0000e+00 l_h: 5.4010e+03 
26-08-18 01:09:54.063 - INFO: # Validation # PSNR_Cover: 5.1899e+01, PSNR_Secret: 4.8586e+01, PSNR_Stego: 4.5569e+01
26-08-18 01:10:41.633 - INFO: <epoch: 15, iter: 256,100, lr:1.250e-05> l_back_rec: 4.0400e+02 l_forw_fit: 3.9288e+02 l_mi: 1.0000e+00 l_h: 5.8289e+03 
26-08-18 01:11:29.007 - INFO: <epoch: 15, iter: 256,200, lr:1.250e-05> l_back_rec: 4.0379e+02 l_forw_fit: 4.0397e+02 l_mi: 1.0000e+00 l_h: 5.2712e+03 
26-08-18 01:12:16.787 - INFO: <epoch: 15, iter: 256,300, lr:1.250e-05> l_back_rec: 3.8441e+02 l_forw_fit: 3.1949e+02 l_mi: 1.0000e+00 l_h: 4.9106e+03 
26-08-18 01:13:04.483 - INFO: <epoch: 15, iter: 256,400, lr:1.250e-05> l_back_rec: 3.5558e+02 l_forw_fit: 3.6560e+02 l_mi: 1.0000e+00 l_h: 5.3095e+03 
26-08-18 01:13:51.875 - INFO: <epoch: 15, iter: 256,500, lr:1.250e-05> l_back_rec: 4.3358e+02 l_forw_fit: 4.7787e+02 l_mi: 1.0000e+00 l_h: 6.1502e+03 
26-08-18 01:14:39.553 - INFO: <epoch: 15, iter: 256,600, lr:1.250e-05> l_back_rec: 4.3613e+02 l_forw_fit: 4.0462e+02 l_mi: 1.0000e+00 l_h: 5.6122e+03 
26-08-18 01:15:27.088 - INFO: <epoch: 15, iter: 256,700, lr:1.250e-05> l_back_rec: 4.1658e+02 l_forw_fit: 3.7807e+02 l_mi: 1.0000e+00 l_h: 5.7570e+03 
26-08-18 01:16:14.701 - INFO: <epoch: 15, iter: 256,800, lr:1.250e-05> l_back_rec: 3.9404e+02 l_forw_fit: 3.6125e+02 l_mi: 1.0000e+00 l_h: 5.1714e+03 
26-08-18 01:17:02.584 - INFO: <epoch: 15, iter: 256,900, lr:1.250e-05> l_back_rec: 3.8793e+02 l_forw_fit: 3.4652e+02 l_mi: 1.0000e+00 l_h: 5.2680e+03 
26-08-18 01:17:49.947 - INFO: <epoch: 15, iter: 257,000, lr:1.250e-05> l_back_rec: 3.7484e+02 l_forw_fit: 2.5795e+02 l_mi: 1.0000e+00 l_h: 4.3950e+03 
26-08-18 01:18:26.668 - INFO: # Validation # PSNR_Cover: 5.1944e+01, PSNR_Secret: 4.8597e+01, PSNR_Stego: 4.5767e+01
26-08-18 01:19:14.292 - INFO: <epoch: 15, iter: 257,100, lr:1.250e-05> l_back_rec: 3.5112e+02 l_forw_fit: 2.5427e+02 l_mi: 1.0000e+00 l_h: 4.4339e+03 
26-08-18 01:20:02.041 - INFO: <epoch: 15, iter: 257,200, lr:1.250e-05> l_back_rec: 4.0296e+02 l_forw_fit: 3.5155e+02 l_mi: 1.0000e+00 l_h: 5.2057e+03 
26-08-18 01:20:49.526 - INFO: <epoch: 15, iter: 257,300, lr:1.250e-05> l_back_rec: 5.0360e+02 l_forw_fit: 5.7984e+02 l_mi: 1.0000e+00 l_h: 7.6254e+03 
26-08-18 01:21:37.258 - INFO: <epoch: 15, iter: 257,400, lr:1.250e-05> l_back_rec: 4.2787e+02 l_forw_fit: 3.5187e+02 l_mi: 1.0000e+00 l_h: 5.2373e+03 
26-08-18 01:22:24.760 - INFO: <epoch: 15, iter: 257,500, lr:1.250e-05> l_back_rec: 4.1677e+02 l_forw_fit: 4.7170e+02 l_mi: 1.0000e+00 l_h: 6.1154e+03 
26-08-18 01:23:12.728 - INFO: <epoch: 15, iter: 257,600, lr:1.250e-05> l_back_rec: 3.4565e+02 l_forw_fit: 2.5597e+02 l_mi: 1.0000e+00 l_h: 4.3252e+03 
26-08-18 01:24:00.316 - INFO: <epoch: 15, iter: 257,700, lr:1.250e-05> l_back_rec: 3.5365e+02 l_forw_fit: 2.3562e+02 l_mi: 1.0000e+00 l_h: 4.1623e+03 
26-08-18 01:24:47.858 - INFO: <epoch: 15, iter: 257,800, lr:1.250e-05> l_back_rec: 4.3378e+02 l_forw_fit: 4.7895e+02 l_mi: 1.0000e+00 l_h: 6.1203e+03 
26-08-18 01:25:35.788 - INFO: <epoch: 15, iter: 257,900, lr:1.250e-05> l_back_rec: 4.6096e+02 l_forw_fit: 5.2273e+02 l_mi: 1.0000e+00 l_h: 6.8066e+03 
26-08-18 01:26:23.365 - INFO: <epoch: 15, iter: 258,000, lr:1.250e-05> l_back_rec: 4.5126e+02 l_forw_fit: 3.8638e+02 l_mi: 1.0000e+00 l_h: 5.6272e+03 
26-08-18 01:27:00.036 - INFO: # Validation # PSNR_Cover: 5.1838e+01, PSNR_Secret: 4.8736e+01, PSNR_Stego: 4.5745e+01
26-08-18 01:27:47.734 - INFO: <epoch: 15, iter: 258,100, lr:1.250e-05> l_back_rec: 4.7469e+02 l_forw_fit: 7.8567e+02 l_mi: 1.0000e+00 l_h: 7.9768e+03 
26-08-18 01:28:35.669 - INFO: <epoch: 15, iter: 258,200, lr:1.250e-05> l_back_rec: 4.7433e+02 l_forw_fit: 4.8497e+02 l_mi: 1.0000e+00 l_h: 6.3629e+03 
26-08-18 01:29:23.167 - INFO: <epoch: 15, iter: 258,300, lr:1.250e-05> l_back_rec: 4.0146e+02 l_forw_fit: 3.1214e+02 l_mi: 1.0000e+00 l_h: 4.9320e+03 
26-08-18 01:30:10.827 - INFO: <epoch: 15, iter: 258,400, lr:1.250e-05> l_back_rec: 4.0230e+02 l_forw_fit: 4.0587e+02 l_mi: 1.0000e+00 l_h: 5.1279e+03 
26-08-18 01:32:07.969 - INFO: <epoch: 16, iter: 258,500, lr:1.250e-05> l_back_rec: 4.0344e+02 l_forw_fit: 3.6887e+02 l_mi: 1.0000e+00 l_h: 5.4038e+03 
26-08-18 01:32:54.998 - INFO: <epoch: 16, iter: 258,600, lr:1.250e-05> l_back_rec: 3.7844e+02 l_forw_fit: 3.3927e+02 l_mi: 1.0000e+00 l_h: 5.2151e+03 
26-08-18 01:33:42.554 - INFO: <epoch: 16, iter: 258,700, lr:1.250e-05> l_back_rec: 4.4105e+02 l_forw_fit: 3.8987e+02 l_mi: 1.0000e+00 l_h: 5.6059e+03 
26-08-18 01:34:30.072 - INFO: <epoch: 16, iter: 258,800, lr:1.250e-05> l_back_rec: 4.5580e+02 l_forw_fit: 7.3202e+02 l_mi: 1.0000e+00 l_h: 7.9324e+03 
26-08-18 01:35:17.254 - INFO: <epoch: 16, iter: 258,900, lr:1.250e-05> l_back_rec: 4.2882e+02 l_forw_fit: 4.6129e+02 l_mi: 1.0000e+00 l_h: 1.2788e+04 
26-08-18 01:36:04.428 - INFO: <epoch: 16, iter: 259,000, lr:1.250e-05> l_back_rec: 3.8981e+02 l_forw_fit: 3.8272e+02 l_mi: 1.0000e+00 l_h: 5.4846e+03 
26-08-18 01:36:41.627 - INFO: # Validation # PSNR_Cover: 5.1881e+01, PSNR_Secret: 4.8778e+01, PSNR_Stego: 4.5731e+01
26-08-18 01:37:28.826 - INFO: <epoch: 16, iter: 259,100, lr:1.250e-05> l_back_rec: 3.8744e+02 l_forw_fit: 2.4024e+02 l_mi: 1.0000e+00 l_h: 4.2727e+03 
26-08-18 01:38:16.015 - INFO: <epoch: 16, iter: 259,200, lr:1.250e-05> l_back_rec: 3.9121e+02 l_forw_fit: 4.6215e+02 l_mi: 1.0000e+00 l_h: 6.3583e+03 
26-08-18 01:39:03.351 - INFO: <epoch: 16, iter: 259,300, lr:1.250e-05> l_back_rec: 5.2411e+02 l_forw_fit: 5.4416e+02 l_mi: 1.0000e+00 l_h: 8.6222e+03 
26-08-18 01:39:50.270 - INFO: <epoch: 16, iter: 259,400, lr:1.250e-05> l_back_rec: 3.7296e+02 l_forw_fit: 2.9267e+02 l_mi: 1.0000e+00 l_h: 4.7715e+03 
26-08-18 01:40:37.504 - INFO: <epoch: 16, iter: 259,500, lr:1.250e-05> l_back_rec: 3.3787e+02 l_forw_fit: 3.0064e+02 l_mi: 1.0000e+00 l_h: 4.7113e+03 
26-08-18 01:41:24.937 - INFO: <epoch: 16, iter: 259,600, lr:1.250e-05> l_back_rec: 3.7242e+02 l_forw_fit: 2.2009e+02 l_mi: 1.0000e+00 l_h: 4.5299e+03 
26-08-18 01:42:15.860 - INFO: <epoch: 16, iter: 259,700, lr:1.250e-05> l_back_rec: 3.7734e+02 l_forw_fit: 4.3962e+02 l_mi: 1.0000e+00 l_h: 5.3882e+03 
26-08-18 01:43:04.670 - INFO: <epoch: 16, iter: 259,800, lr:1.250e-05> l_back_rec: 5.0320e+02 l_forw_fit: 1.3765e+03 l_mi: 1.0000e+00 l_h: 1.0659e+04 
26-08-18 01:43:52.196 - INFO: <epoch: 16, iter: 259,900, lr:1.250e-05> l_back_rec: 4.1873e+02 l_forw_fit: 3.3129e+02 l_mi: 1.0000e+00 l_h: 5.2489e+03 
26-08-18 01:44:39.568 - INFO: <epoch: 16, iter: 260,000, lr:1.250e-05> l_back_rec: 3.6938e+02 l_forw_fit: 2.8895e+02 l_mi: 1.0000e+00 l_h: 4.6129e+03 
26-08-18 01:45:15.824 - INFO: # Validation # PSNR_Cover: 5.1877e+01, PSNR_Secret: 4.8812e+01, PSNR_Stego: 4.5518e+01
26-08-18 01:45:15.824 - INFO: Saving models and training states.
26-08-18 01:46:03.657 - INFO: <epoch: 16, iter: 260,100, lr:1.250e-05> l_back_rec: 4.1216e+02 l_forw_fit: 5.2124e+02 l_mi: 1.0000e+00 l_h: 6.7963e+03 
26-08-18 01:46:50.814 - INFO: <epoch: 16, iter: 260,200, lr:1.250e-05> l_back_rec: 3.6927e+02 l_forw_fit: 2.4125e+02 l_mi: 1.0000e+00 l_h: 4.1796e+03 
26-08-18 01:47:38.206 - INFO: <epoch: 16, iter: 260,300, lr:1.250e-05> l_back_rec: 5.6002e+02 l_forw_fit: 6.2574e+02 l_mi: 1.0000e+00 l_h: 7.0569e+03 
26-08-18 01:48:25.386 - INFO: <epoch: 16, iter: 260,400, lr:1.250e-05> l_back_rec: 4.1837e+02 l_forw_fit: 4.0959e+02 l_mi: 1.0000e+00 l_h: 5.9409e+03 
26-08-18 01:49:12.645 - INFO: <epoch: 16, iter: 260,500, lr:1.250e-05> l_back_rec: 3.9606e+02 l_forw_fit: 3.0720e+02 l_mi: 1.0000e+00 l_h: 5.0764e+03 
26-08-18 01:49:59.890 - INFO: <epoch: 16, iter: 260,600, lr:1.250e-05> l_back_rec: 5.4915e+02 l_forw_fit: 4.9200e+02 l_mi: 1.0000e+00 l_h: 6.5100e+03 
26-08-18 01:50:46.872 - INFO: <epoch: 16, iter: 260,700, lr:1.250e-05> l_back_rec: 3.7618e+02 l_forw_fit: 2.4863e+02 l_mi: 1.0000e+00 l_h: 4.6308e+03 
26-08-18 01:51:34.167 - INFO: <epoch: 16, iter: 260,800, lr:1.250e-05> l_back_rec: 4.4569e+02 l_forw_fit: 3.9079e+02 l_mi: 1.0000e+00 l_h: 5.2813e+03 
26-08-18 01:52:21.589 - INFO: <epoch: 16, iter: 260,900, lr:1.250e-05> l_back_rec: 3.9546e+02 l_forw_fit: 3.3795e+02 l_mi: 1.0000e+00 l_h: 5.6663e+03 
26-08-18 01:53:08.887 - INFO: <epoch: 16, iter: 261,000, lr:1.250e-05> l_back_rec: 4.5013e+02 l_forw_fit: 3.2730e+02 l_mi: 1.0000e+00 l_h: 5.5475e+03 
26-08-18 01:53:45.108 - INFO: # Validation # PSNR_Cover: 5.1820e+01, PSNR_Secret: 4.8608e+01, PSNR_Stego: 4.5759e+01
26-08-18 01:54:32.338 - INFO: <epoch: 16, iter: 261,100, lr:1.250e-05> l_back_rec: 4.1868e+02 l_forw_fit: 3.3383e+02 l_mi: 1.0000e+00 l_h: 5.0075e+03 
26-08-18 01:55:19.440 - INFO: <epoch: 16, iter: 261,200, lr:1.250e-05> l_back_rec: 4.4111e+02 l_forw_fit: 5.1800e+02 l_mi: 1.0000e+00 l_h: 6.4688e+03 
26-08-18 01:56:06.712 - INFO: <epoch: 16, iter: 261,300, lr:1.250e-05> l_back_rec: 3.5821e+02 l_forw_fit: 2.5164e+02 l_mi: 1.0000e+00 l_h: 4.7319e+03 
26-08-18 01:56:53.873 - INFO: <epoch: 16, iter: 261,400, lr:1.250e-05> l_back_rec: 4.1020e+02 l_forw_fit: 6.0694e+02 l_mi: 1.0000e+00 l_h: 5.8752e+03 
26-08-18 01:57:41.147 - INFO: <epoch: 16, iter: 261,500, lr:1.250e-05> l_back_rec: 4.1835e+02 l_forw_fit: 3.5004e+02 l_mi: 1.0000e+00 l_h: 5.4045e+03 
26-08-18 01:58:28.454 - INFO: <epoch: 16, iter: 261,600, lr:1.250e-05> l_back_rec: 3.4152e+02 l_forw_fit: 3.0612e+02 l_mi: 1.0000e+00 l_h: 5.0914e+03 
26-08-18 01:59:15.627 - INFO: <epoch: 16, iter: 261,700, lr:1.250e-05> l_back_rec: 3.9454e+02 l_forw_fit: 3.3181e+02 l_mi: 1.0000e+00 l_h: 5.3146e+03 
26-08-18 02:00:02.857 - INFO: <epoch: 16, iter: 261,800, lr:1.250e-05> l_back_rec: 4.0225e+02 l_forw_fit: 3.0810e+02 l_mi: 1.0000e+00 l_h: 4.9646e+03 
26-08-18 02:00:50.035 - INFO: <epoch: 16, iter: 261,900, lr:1.250e-05> l_back_rec: 3.5343e+02 l_forw_fit: 3.1358e+02 l_mi: 1.0000e+00 l_h: 5.0816e+03 
26-08-18 02:01:37.352 - INFO: <epoch: 16, iter: 262,000, lr:1.250e-05> l_back_rec: 3.8181e+02 l_forw_fit: 3.3655e+02 l_mi: 1.0000e+00 l_h: 5.5011e+03 
26-08-18 02:02:12.800 - INFO: # Validation # PSNR_Cover: 5.1938e+01, PSNR_Secret: 4.8693e+01, PSNR_Stego: 4.5662e+01
26-08-18 02:02:59.911 - INFO: <epoch: 16, iter: 262,100, lr:1.250e-05> l_back_rec: 4.1728e+02 l_forw_fit: 5.4543e+02 l_mi: 1.0000e+00 l_h: 6.5914e+03 
26-08-18 02:03:47.162 - INFO: <epoch: 16, iter: 262,200, lr:1.250e-05> l_back_rec: 3.6907e+02 l_forw_fit: 2.9816e+02 l_mi: 1.0000e+00 l_h: 4.6185e+03 
26-08-18 02:04:34.611 - INFO: <epoch: 16, iter: 262,300, lr:1.250e-05> l_back_rec: 3.6237e+02 l_forw_fit: 3.1105e+02 l_mi: 1.0000e+00 l_h: 4.6448e+03 
26-08-18 02:05:21.661 - INFO: <epoch: 16, iter: 262,400, lr:1.250e-05> l_back_rec: 3.8513e+02 l_forw_fit: 4.2099e+02 l_mi: 1.0000e+00 l_h: 6.0248e+03 
26-08-18 02:06:08.899 - INFO: <epoch: 16, iter: 262,500, lr:1.250e-05> l_back_rec: 4.0903e+02 l_forw_fit: 3.9157e+02 l_mi: 1.0000e+00 l_h: 5.5904e+03 
26-08-18 02:06:55.855 - INFO: <epoch: 16, iter: 262,600, lr:1.250e-05> l_back_rec: 5.0198e+02 l_forw_fit: 4.2949e+02 l_mi: 1.0000e+00 l_h: 5.6590e+03 
26-08-18 02:07:43.013 - INFO: <epoch: 16, iter: 262,700, lr:1.250e-05> l_back_rec: 3.8507e+02 l_forw_fit: 3.0083e+02 l_mi: 1.0000e+00 l_h: 4.9551e+03 
26-08-18 02:08:30.267 - INFO: <epoch: 16, iter: 262,800, lr:1.250e-05> l_back_rec: 3.9226e+02 l_forw_fit: 3.8157e+02 l_mi: 1.0000e+00 l_h: 6.1219e+03 
26-08-18 02:09:17.437 - INFO: <epoch: 16, iter: 262,900, lr:1.250e-05> l_back_rec: 4.2050e+02 l_forw_fit: 2.8634e+02 l_mi: 1.0000e+00 l_h: 4.5312e+03 
26-08-18 02:10:04.571 - INFO: <epoch: 16, iter: 263,000, lr:1.250e-05> l_back_rec: 3.9596e+02 l_forw_fit: 3.7406e+02 l_mi: 1.0000e+00 l_h: 5.5743e+03 
26-08-18 02:10:40.860 - INFO: # Validation # PSNR_Cover: 5.1885e+01, PSNR_Secret: 4.8572e+01, PSNR_Stego: 4.5592e+01
26-08-18 02:11:27.875 - INFO: <epoch: 16, iter: 263,100, lr:1.250e-05> l_back_rec: 3.8977e+02 l_forw_fit: 2.6021e+02 l_mi: 1.0000e+00 l_h: 4.5896e+03 
26-08-18 02:12:15.210 - INFO: <epoch: 16, iter: 263,200, lr:1.250e-05> l_back_rec: 4.3161e+02 l_forw_fit: 6.3183e+02 l_mi: 1.0000e+00 l_h: 6.8810e+03 
26-08-18 02:13:02.465 - INFO: <epoch: 16, iter: 263,300, lr:1.250e-05> l_back_rec: 3.6551e+02 l_forw_fit: 2.5367e+02 l_mi: 1.0000e+00 l_h: 4.2761e+03 
26-08-18 02:13:49.583 - INFO: <epoch: 16, iter: 263,400, lr:1.250e-05> l_back_rec: 4.3499e+02 l_forw_fit: 2.3888e+02 l_mi: 1.0000e+00 l_h: 5.0281e+03 
26-08-18 02:14:36.718 - INFO: <epoch: 16, iter: 263,500, lr:1.250e-05> l_back_rec: 4.3364e+02 l_forw_fit: 4.6285e+02 l_mi: 1.0000e+00 l_h: 6.2464e+03 
26-08-18 02:15:23.749 - INFO: <epoch: 16, iter: 263,600, lr:1.250e-05> l_back_rec: 4.0099e+02 l_forw_fit: 2.7724e+02 l_mi: 1.0000e+00 l_h: 4.6835e+03 
26-08-18 02:16:10.968 - INFO: <epoch: 16, iter: 263,700, lr:1.250e-05> l_back_rec: 4.4181e+02 l_forw_fit: 3.9625e+02 l_mi: 1.0000e+00 l_h: 5.3608e+03 
26-08-18 02:16:58.239 - INFO: <epoch: 16, iter: 263,800, lr:1.250e-05> l_back_rec: 4.5309e+02 l_forw_fit: 3.6920e+02 l_mi: 1.0000e+00 l_h: 5.7891e+03 
26-08-18 02:17:45.510 - INFO: <epoch: 16, iter: 263,900, lr:1.250e-05> l_back_rec: 3.6468e+02 l_forw_fit: 5.0615e+02 l_mi: 1.0000e+00 l_h: 6.2296e+03 
26-08-18 02:18:32.629 - INFO: <epoch: 16, iter: 264,000, lr:1.250e-05> l_back_rec: 4.2608e+02 l_forw_fit: 5.6812e+02 l_mi: 1.0000e+00 l_h: 6.3067e+03 
26-08-18 02:19:08.793 - INFO: # Validation # PSNR_Cover: 5.1936e+01, PSNR_Secret: 4.8865e+01, PSNR_Stego: 4.5575e+01
26-08-18 02:19:55.845 - INFO: <epoch: 16, iter: 264,100, lr:1.250e-05> l_back_rec: 3.7346e+02 l_forw_fit: 3.7781e+02 l_mi: 1.0000e+00 l_h: 5.2840e+03 
26-08-18 02:20:43.072 - INFO: <epoch: 16, iter: 264,200, lr:1.250e-05> l_back_rec: 3.7411e+02 l_forw_fit: 2.6979e+02 l_mi: 1.0000e+00 l_h: 4.5041e+03 
26-08-18 02:21:30.372 - INFO: <epoch: 16, iter: 264,300, lr:1.250e-05> l_back_rec: 3.7117e+02 l_forw_fit: 3.0616e+02 l_mi: 1.0000e+00 l_h: 5.0584e+03 
26-08-18 02:22:17.638 - INFO: <epoch: 16, iter: 264,400, lr:1.250e-05> l_back_rec: 4.2210e+02 l_forw_fit: 3.4231e+02 l_mi: 1.0000e+00 l_h: 5.4212e+03 
26-08-18 02:23:05.137 - INFO: <epoch: 16, iter: 264,500, lr:1.250e-05> l_back_rec: 4.2702e+02 l_forw_fit: 4.9457e+02 l_mi: 1.0000e+00 l_h: 7.2216e+03 
26-08-18 02:23:52.076 - INFO: <epoch: 16, iter: 264,600, lr:1.250e-05> l_back_rec: 4.7478e+02 l_forw_fit: 5.1701e+02 l_mi: 1.0000e+00 l_h: 6.6038e+03 
26-08-18 02:24:40.479 - INFO: <epoch: 16, iter: 264,700, lr:1.250e-05> l_back_rec: 3.6886e+02 l_forw_fit: 2.9962e+02 l_mi: 1.0000e+00 l_h: 4.9922e+03 
26-08-18 02:25:28.097 - INFO: <epoch: 16, iter: 264,800, lr:1.250e-05> l_back_rec: 3.6772e+02 l_forw_fit: 4.1619e+02 l_mi: 1.0000e+00 l_h: 4.3780e+03 
26-08-18 02:26:15.444 - INFO: <epoch: 16, iter: 264,900, lr:1.250e-05> l_back_rec: 3.7640e+02 l_forw_fit: 3.3401e+02 l_mi: 1.0000e+00 l_h: 4.7705e+03 
26-08-18 02:27:02.991 - INFO: <epoch: 16, iter: 265,000, lr:1.250e-05> l_back_rec: 4.8236e+02 l_forw_fit: 4.9119e+02 l_mi: 1.0000e+00 l_h: 7.3649e+03 
26-08-18 02:27:39.661 - INFO: # Validation # PSNR_Cover: 5.1925e+01, PSNR_Secret: 4.8696e+01, PSNR_Stego: 4.5768e+01
26-08-18 02:27:39.662 - INFO: Saving models and training states.
26-08-18 02:28:27.448 - INFO: <epoch: 16, iter: 265,100, lr:1.250e-05> l_back_rec: 4.1803e+02 l_forw_fit: 3.0428e+02 l_mi: 1.0000e+00 l_h: 4.9700e+03 
26-08-18 02:29:14.636 - INFO: <epoch: 16, iter: 265,200, lr:1.250e-05> l_back_rec: 4.0441e+02 l_forw_fit: 3.9508e+02 l_mi: 1.0000e+00 l_h: 5.4334e+03 
26-08-18 02:30:01.933 - INFO: <epoch: 16, iter: 265,300, lr:1.250e-05> l_back_rec: 5.2614e+02 l_forw_fit: 6.5351e+02 l_mi: 1.0000e+00 l_h: 6.7332e+03 
26-08-18 02:30:49.148 - INFO: <epoch: 16, iter: 265,400, lr:1.250e-05> l_back_rec: 4.0696e+02 l_forw_fit: 3.6769e+02 l_mi: 1.0000e+00 l_h: 5.4872e+03 
26-08-18 02:31:36.822 - INFO: <epoch: 16, iter: 265,500, lr:1.250e-05> l_back_rec: 4.3478e+02 l_forw_fit: 3.8103e+02 l_mi: 1.0000e+00 l_h: 5.6018e+03 
26-08-18 02:32:24.195 - INFO: <epoch: 16, iter: 265,600, lr:1.250e-05> l_back_rec: 4.0404e+02 l_forw_fit: 4.6072e+02 l_mi: 1.0000e+00 l_h: 5.8875e+03 
26-08-18 02:33:13.201 - INFO: <epoch: 16, iter: 265,700, lr:1.250e-05> l_back_rec: 3.7568e+02 l_forw_fit: 3.5626e+02 l_mi: 1.0000e+00 l_h: 5.0821e+03 
26-08-18 02:34:00.535 - INFO: <epoch: 16, iter: 265,800, lr:1.250e-05> l_back_rec: 4.1039e+02 l_forw_fit: 4.4199e+02 l_mi: 1.0000e+00 l_h: 5.8584e+03 
26-08-18 02:34:47.971 - INFO: <epoch: 16, iter: 265,900, lr:1.250e-05> l_back_rec: 4.7131e+02 l_forw_fit: 4.1907e+02 l_mi: 1.0000e+00 l_h: 5.9007e+03 
26-08-18 02:35:35.500 - INFO: <epoch: 16, iter: 266,000, lr:1.250e-05> l_back_rec: 4.1712e+02 l_forw_fit: 4.8168e+02 l_mi: 1.0000e+00 l_h: 6.7085e+03 
26-08-18 02:36:12.351 - INFO: # Validation # PSNR_Cover: 5.1853e+01, PSNR_Secret: 4.8710e+01, PSNR_Stego: 4.5554e+01
26-08-18 02:37:00.261 - INFO: <epoch: 16, iter: 266,100, lr:1.250e-05> l_back_rec: 4.0299e+02 l_forw_fit: 3.1431e+02 l_mi: 1.0000e+00 l_h: 5.0617e+03 
26-08-18 02:37:47.945 - INFO: <epoch: 16, iter: 266,200, lr:1.250e-05> l_back_rec: 4.9011e+02 l_forw_fit: 4.9907e+02 l_mi: 1.0000e+00 l_h: 6.0376e+03 
26-08-18 02:38:35.514 - INFO: <epoch: 16, iter: 266,300, lr:1.250e-05> l_back_rec: 4.6278e+02 l_forw_fit: 5.2116e+02 l_mi: 1.0000e+00 l_h: 6.1903e+03 
26-08-18 02:39:22.718 - INFO: <epoch: 16, iter: 266,400, lr:1.250e-05> l_back_rec: 4.1917e+02 l_forw_fit: 4.0945e+02 l_mi: 1.0000e+00 l_h: 6.0275e+03 
26-08-18 02:40:10.212 - INFO: <epoch: 16, iter: 266,500, lr:1.250e-05> l_back_rec: 4.0224e+02 l_forw_fit: 5.1514e+02 l_mi: 1.0000e+00 l_h: 5.8097e+03 
26-08-18 02:40:57.430 - INFO: <epoch: 16, iter: 266,600, lr:1.250e-05> l_back_rec: 4.9469e+02 l_forw_fit: 5.6308e+02 l_mi: 1.0000e+00 l_h: 6.6884e+03 
26-08-18 02:41:44.740 - INFO: <epoch: 16, iter: 266,700, lr:1.250e-05> l_back_rec: 3.6771e+02 l_forw_fit: 3.3945e+02 l_mi: 1.0000e+00 l_h: 5.2074e+03 
26-08-18 02:42:32.174 - INFO: <epoch: 16, iter: 266,800, lr:1.250e-05> l_back_rec: 3.8421e+02 l_forw_fit: 3.0415e+02 l_mi: 1.0000e+00 l_h: 5.2165e+03 
26-08-18 02:43:19.556 - INFO: <epoch: 16, iter: 266,900, lr:1.250e-05> l_back_rec: 3.7636e+02 l_forw_fit: 2.7713e+02 l_mi: 1.0000e+00 l_h: 4.7947e+03 
26-08-18 02:44:07.112 - INFO: <epoch: 16, iter: 267,000, lr:1.250e-05> l_back_rec: 4.4064e+02 l_forw_fit: 3.4700e+02 l_mi: 1.0000e+00 l_h: 5.0291e+03 
26-08-18 02:44:43.977 - INFO: # Validation # PSNR_Cover: 5.1827e+01, PSNR_Secret: 4.8711e+01, PSNR_Stego: 4.5669e+01
26-08-18 02:45:31.377 - INFO: <epoch: 16, iter: 267,100, lr:1.250e-05> l_back_rec: 3.6600e+02 l_forw_fit: 3.3310e+02 l_mi: 1.0000e+00 l_h: 5.2310e+03 
26-08-18 02:46:18.523 - INFO: <epoch: 16, iter: 267,200, lr:1.250e-05> l_back_rec: 3.9714e+02 l_forw_fit: 3.1076e+02 l_mi: 1.0000e+00 l_h: 4.6032e+03 
26-08-18 02:47:06.181 - INFO: <epoch: 16, iter: 267,300, lr:1.250e-05> l_back_rec: 3.9291e+02 l_forw_fit: 2.6052e+02 l_mi: 1.0000e+00 l_h: 4.3902e+03 
26-08-18 02:47:53.509 - INFO: <epoch: 16, iter: 267,400, lr:1.250e-05> l_back_rec: 4.5894e+02 l_forw_fit: 3.4945e+02 l_mi: 1.0000e+00 l_h: 5.1586e+03 
26-08-18 02:48:41.034 - INFO: <epoch: 16, iter: 267,500, lr:1.250e-05> l_back_rec: 3.8879e+02 l_forw_fit: 4.7415e+02 l_mi: 1.0000e+00 l_h: 6.8286e+03 
26-08-18 02:49:28.248 - INFO: <epoch: 16, iter: 267,600, lr:1.250e-05> l_back_rec: 4.7162e+02 l_forw_fit: 3.7678e+02 l_mi: 1.0000e+00 l_h: 5.2744e+03 
26-08-18 02:50:15.562 - INFO: <epoch: 16, iter: 267,700, lr:1.250e-05> l_back_rec: 4.1957e+02 l_forw_fit: 3.9896e+02 l_mi: 1.0000e+00 l_h: 6.1817e+03 
26-08-18 02:51:03.104 - INFO: <epoch: 16, iter: 267,800, lr:1.250e-05> l_back_rec: 4.2602e+02 l_forw_fit: 4.7846e+02 l_mi: 1.0000e+00 l_h: 6.5129e+03 
26-08-18 02:51:50.530 - INFO: <epoch: 16, iter: 267,900, lr:1.250e-05> l_back_rec: 4.0746e+02 l_forw_fit: 3.6950e+02 l_mi: 1.0000e+00 l_h: 5.6081e+03 
26-08-18 02:52:38.108 - INFO: <epoch: 16, iter: 268,000, lr:1.250e-05> l_back_rec: 3.4045e+02 l_forw_fit: 2.2684e+02 l_mi: 1.0000e+00 l_h: 4.3486e+03 
26-08-18 02:53:14.783 - INFO: # Validation # PSNR_Cover: 5.1965e+01, PSNR_Secret: 4.8693e+01, PSNR_Stego: 4.5838e+01
26-08-18 02:54:02.338 - INFO: <epoch: 16, iter: 268,100, lr:1.250e-05> l_back_rec: 4.1639e+02 l_forw_fit: 2.8296e+02 l_mi: 1.0000e+00 l_h: 5.0714e+03 
26-08-18 02:54:49.596 - INFO: <epoch: 16, iter: 268,200, lr:1.250e-05> l_back_rec: 4.1026e+02 l_forw_fit: 3.9146e+02 l_mi: 1.0000e+00 l_h: 5.7470e+03 
26-08-18 02:55:36.924 - INFO: <epoch: 16, iter: 268,300, lr:1.250e-05> l_back_rec: 3.7629e+02 l_forw_fit: 4.4486e+02 l_mi: 1.0000e+00 l_h: 5.7134e+03 
26-08-18 02:56:24.137 - INFO: <epoch: 16, iter: 268,400, lr:1.250e-05> l_back_rec: 4.7088e+02 l_forw_fit: 7.9195e+02 l_mi: 1.0000e+00 l_h: 8.3311e+03 
26-08-18 02:57:11.637 - INFO: <epoch: 16, iter: 268,500, lr:1.250e-05> l_back_rec: 3.6645e+02 l_forw_fit: 2.9200e+02 l_mi: 1.0000e+00 l_h: 4.4930e+03 
26-08-18 02:57:58.979 - INFO: <epoch: 16, iter: 268,600, lr:1.250e-05> l_back_rec: 4.1010e+02 l_forw_fit: 3.9739e+02 l_mi: 1.0000e+00 l_h: 5.6273e+03 
26-08-18 02:58:46.464 - INFO: <epoch: 16, iter: 268,700, lr:1.250e-05> l_back_rec: 4.0849e+02 l_forw_fit: 4.0251e+02 l_mi: 1.0000e+00 l_h: 5.8798e+03 
26-08-18 02:59:33.888 - INFO: <epoch: 16, iter: 268,800, lr:1.250e-05> l_back_rec: 4.1333e+02 l_forw_fit: 3.1365e+02 l_mi: 1.0000e+00 l_h: 4.6752e+03 
26-08-18 03:00:21.035 - INFO: <epoch: 16, iter: 268,900, lr:1.250e-05> l_back_rec: 4.8210e+02 l_forw_fit: 1.1880e+03 l_mi: 1.0000e+00 l_h: 9.7721e+03 
26-08-18 03:01:08.582 - INFO: <epoch: 16, iter: 269,000, lr:1.250e-05> l_back_rec: 4.2760e+02 l_forw_fit: 3.4478e+02 l_mi: 1.0000e+00 l_h: 5.5199e+03 
26-08-18 03:01:45.631 - INFO: # Validation # PSNR_Cover: 5.1840e+01, PSNR_Secret: 4.8704e+01, PSNR_Stego: 4.5635e+01
26-08-18 03:02:33.407 - INFO: <epoch: 16, iter: 269,100, lr:1.250e-05> l_back_rec: 4.1687e+02 l_forw_fit: 3.3836e+02 l_mi: 1.0000e+00 l_h: 4.8795e+03 
26-08-18 03:03:20.936 - INFO: <epoch: 16, iter: 269,200, lr:1.250e-05> l_back_rec: 4.0105e+02 l_forw_fit: 5.0099e+02 l_mi: 1.0000e+00 l_h: 5.3171e+03 
26-08-18 03:04:08.452 - INFO: <epoch: 16, iter: 269,300, lr:1.250e-05> l_back_rec: 3.9119e+02 l_forw_fit: 3.9821e+02 l_mi: 1.0000e+00 l_h: 5.5748e+03 
26-08-18 03:04:55.933 - INFO: <epoch: 16, iter: 269,400, lr:1.250e-05> l_back_rec: 4.1208e+02 l_forw_fit: 4.5501e+02 l_mi: 1.0000e+00 l_h: 5.6851e+03 
26-08-18 03:05:43.359 - INFO: <epoch: 16, iter: 269,500, lr:1.250e-05> l_back_rec: 4.0598e+02 l_forw_fit: 4.4283e+02 l_mi: 1.0000e+00 l_h: 5.8912e+03 
26-08-18 03:06:30.838 - INFO: <epoch: 16, iter: 269,600, lr:1.250e-05> l_back_rec: 3.8805e+02 l_forw_fit: 3.2138e+02 l_mi: 1.0000e+00 l_h: 5.1275e+03 
26-08-18 03:07:18.102 - INFO: <epoch: 16, iter: 269,700, lr:1.250e-05> l_back_rec: 4.9894e+02 l_forw_fit: 5.2683e+02 l_mi: 1.0000e+00 l_h: 7.1358e+03 
26-08-18 03:08:05.615 - INFO: <epoch: 16, iter: 269,800, lr:1.250e-05> l_back_rec: 3.9243e+02 l_forw_fit: 3.7890e+02 l_mi: 1.0000e+00 l_h: 5.4733e+03 
26-08-18 03:08:52.754 - INFO: <epoch: 16, iter: 269,900, lr:1.250e-05> l_back_rec: 3.8803e+02 l_forw_fit: 2.7075e+02 l_mi: 1.0000e+00 l_h: 4.6670e+03 
26-08-18 03:09:40.251 - INFO: <epoch: 16, iter: 270,000, lr:1.250e-05> l_back_rec: 3.8034e+02 l_forw_fit: 3.1648e+02 l_mi: 1.0000e+00 l_h: 5.2322e+03 
26-08-18 03:10:17.003 - INFO: # Validation # PSNR_Cover: 5.1790e+01, PSNR_Secret: 4.8643e+01, PSNR_Stego: 4.5502e+01
26-08-18 03:10:17.003 - INFO: Saving models and training states.
26-08-18 03:11:05.071 - INFO: <epoch: 16, iter: 270,100, lr:1.250e-05> l_back_rec: 3.9052e+02 l_forw_fit: 3.1171e+02 l_mi: 1.0000e+00 l_h: 4.4955e+03 
26-08-18 03:11:52.552 - INFO: <epoch: 16, iter: 270,200, lr:1.250e-05> l_back_rec: 4.6069e+02 l_forw_fit: 5.9230e+02 l_mi: 1.0000e+00 l_h: 6.4786e+03 
26-08-18 03:12:39.923 - INFO: <epoch: 16, iter: 270,300, lr:1.250e-05> l_back_rec: 4.6556e+02 l_forw_fit: 4.3263e+02 l_mi: 1.0000e+00 l_h: 6.0610e+03 
26-08-18 03:13:27.087 - INFO: <epoch: 16, iter: 270,400, lr:1.250e-05> l_back_rec: 3.3935e+02 l_forw_fit: 2.8426e+02 l_mi: 1.0000e+00 l_h: 4.7891e+03 
26-08-18 03:14:14.286 - INFO: <epoch: 16, iter: 270,500, lr:1.250e-05> l_back_rec: 4.4355e+02 l_forw_fit: 5.1044e+02 l_mi: 1.0000e+00 l_h: 7.3233e+03 
26-08-18 03:15:01.449 - INFO: <epoch: 16, iter: 270,600, lr:1.250e-05> l_back_rec: 4.1157e+02 l_forw_fit: 4.1138e+02 l_mi: 1.0000e+00 l_h: 5.9711e+03 
26-08-18 03:15:48.564 - INFO: <epoch: 16, iter: 270,700, lr:1.250e-05> l_back_rec: 4.3152e+02 l_forw_fit: 4.9847e+02 l_mi: 1.0000e+00 l_h: 6.2617e+03 
26-08-18 03:16:35.866 - INFO: <epoch: 16, iter: 270,800, lr:1.250e-05> l_back_rec: 4.2491e+02 l_forw_fit: 4.6814e+02 l_mi: 1.0000e+00 l_h: 5.4530e+03 
26-08-18 03:17:22.944 - INFO: <epoch: 16, iter: 270,900, lr:1.250e-05> l_back_rec: 4.0848e+02 l_forw_fit: 4.4385e+02 l_mi: 1.0000e+00 l_h: 6.3064e+03 
26-08-18 03:18:10.388 - INFO: <epoch: 16, iter: 271,000, lr:1.250e-05> l_back_rec: 3.7590e+02 l_forw_fit: 3.4132e+02 l_mi: 1.0000e+00 l_h: 5.7773e+03 
26-08-18 03:18:46.729 - INFO: # Validation # PSNR_Cover: 5.1885e+01, PSNR_Secret: 4.8778e+01, PSNR_Stego: 4.5658e+01
26-08-18 03:19:34.058 - INFO: <epoch: 16, iter: 271,100, lr:1.250e-05> l_back_rec: 4.0024e+02 l_forw_fit: 3.3639e+02 l_mi: 1.0000e+00 l_h: 5.7430e+03 
26-08-18 03:20:21.175 - INFO: <epoch: 16, iter: 271,200, lr:1.250e-05> l_back_rec: 3.6618e+02 l_forw_fit: 2.4387e+02 l_mi: 1.0000e+00 l_h: 4.4740e+03 
26-08-18 03:21:08.506 - INFO: <epoch: 16, iter: 271,300, lr:1.250e-05> l_back_rec: 3.7891e+02 l_forw_fit: 3.6747e+02 l_mi: 1.0000e+00 l_h: 5.1006e+03 
26-08-18 03:21:55.540 - INFO: <epoch: 16, iter: 271,400, lr:1.250e-05> l_back_rec: 4.3717e+02 l_forw_fit: 4.7286e+02 l_mi: 1.0000e+00 l_h: 5.9972e+03 
26-08-18 03:22:42.832 - INFO: <epoch: 16, iter: 271,500, lr:1.250e-05> l_back_rec: 4.3882e+02 l_forw_fit: 5.8418e+02 l_mi: 1.0000e+00 l_h: 6.5608e+03 
26-08-18 03:23:30.053 - INFO: <epoch: 16, iter: 271,600, lr:1.250e-05> l_back_rec: 4.5459e+02 l_forw_fit: 5.2837e+02 l_mi: 1.0000e+00 l_h: 6.8001e+03 
26-08-18 03:24:17.559 - INFO: <epoch: 16, iter: 271,700, lr:1.250e-05> l_back_rec: 3.6180e+02 l_forw_fit: 2.3928e+02 l_mi: 1.0000e+00 l_h: 4.3482e+03 
26-08-18 03:25:04.888 - INFO: <epoch: 16, iter: 271,800, lr:1.250e-05> l_back_rec: 6.0955e+02 l_forw_fit: 7.6212e+02 l_mi: 1.0000e+00 l_h: 7.9681e+03 
26-08-18 03:25:51.910 - INFO: <epoch: 16, iter: 271,900, lr:1.250e-05> l_back_rec: 4.4376e+02 l_forw_fit: 3.2289e+02 l_mi: 1.0000e+00 l_h: 5.3386e+03 
26-08-18 03:26:39.279 - INFO: <epoch: 16, iter: 272,000, lr:1.250e-05> l_back_rec: 4.3028e+02 l_forw_fit: 3.9886e+02 l_mi: 1.0000e+00 l_h: 5.9662e+03 
26-08-18 03:27:16.112 - INFO: # Validation # PSNR_Cover: 5.1942e+01, PSNR_Secret: 4.8880e+01, PSNR_Stego: 4.5552e+01
26-08-18 03:28:03.405 - INFO: <epoch: 16, iter: 272,100, lr:1.250e-05> l_back_rec: 4.4832e+02 l_forw_fit: 7.3305e+02 l_mi: 1.0000e+00 l_h: 7.8011e+03 
26-08-18 03:28:50.532 - INFO: <epoch: 16, iter: 272,200, lr:1.250e-05> l_back_rec: 3.8238e+02 l_forw_fit: 3.3904e+02 l_mi: 1.0000e+00 l_h: 5.1902e+03 
26-08-18 03:29:37.703 - INFO: <epoch: 16, iter: 272,300, lr:1.250e-05> l_back_rec: 4.0153e+02 l_forw_fit: 4.6270e+02 l_mi: 1.0000e+00 l_h: 6.1611e+03 
26-08-18 03:30:24.669 - INFO: <epoch: 16, iter: 272,400, lr:1.250e-05> l_back_rec: 4.2520e+02 l_forw_fit: 3.9888e+02 l_mi: 1.0000e+00 l_h: 5.8735e+03 
26-08-18 03:31:11.813 - INFO: <epoch: 16, iter: 272,500, lr:1.250e-05> l_back_rec: 4.1175e+02 l_forw_fit: 3.9395e+02 l_mi: 1.0000e+00 l_h: 6.0173e+03 
26-08-18 03:31:59.243 - INFO: <epoch: 16, iter: 272,600, lr:1.250e-05> l_back_rec: 4.2937e+02 l_forw_fit: 4.2977e+02 l_mi: 1.0000e+00 l_h: 5.9334e+03 
26-08-18 03:32:46.473 - INFO: <epoch: 16, iter: 272,700, lr:1.250e-05> l_back_rec: 4.1805e+02 l_forw_fit: 4.7272e+02 l_mi: 1.0000e+00 l_h: 6.1110e+03 
26-08-18 03:33:33.677 - INFO: <epoch: 16, iter: 272,800, lr:1.250e-05> l_back_rec: 3.9684e+02 l_forw_fit: 4.7845e+02 l_mi: 1.0000e+00 l_h: 6.3878e+03 
26-08-18 03:34:20.763 - INFO: <epoch: 16, iter: 272,900, lr:1.250e-05> l_back_rec: 4.0906e+02 l_forw_fit: 2.9508e+02 l_mi: 1.0000e+00 l_h: 4.5041e+03 
26-08-18 03:35:08.027 - INFO: <epoch: 16, iter: 273,000, lr:1.250e-05> l_back_rec: 4.5274e+02 l_forw_fit: 3.5915e+02 l_mi: 1.0000e+00 l_h: 5.1067e+03 
26-08-18 03:35:44.380 - INFO: # Validation # PSNR_Cover: 5.1900e+01, PSNR_Secret: 4.8805e+01, PSNR_Stego: 4.5530e+01
26-08-18 03:36:31.840 - INFO: <epoch: 16, iter: 273,100, lr:1.250e-05> l_back_rec: 3.5010e+02 l_forw_fit: 1.9835e+02 l_mi: 1.0000e+00 l_h: 3.9550e+03 
26-08-18 03:37:19.092 - INFO: <epoch: 16, iter: 273,200, lr:1.250e-05> l_back_rec: 3.6960e+02 l_forw_fit: 3.0684e+02 l_mi: 1.0000e+00 l_h: 5.0056e+03 
26-08-18 03:38:06.394 - INFO: <epoch: 16, iter: 273,300, lr:1.250e-05> l_back_rec: 4.0495e+02 l_forw_fit: 3.5653e+02 l_mi: 1.0000e+00 l_h: 5.8284e+03 
26-08-18 03:38:53.303 - INFO: <epoch: 16, iter: 273,400, lr:1.250e-05> l_back_rec: 4.0362e+02 l_forw_fit: 2.5208e+02 l_mi: 1.0000e+00 l_h: 4.4704e+03 
26-08-18 03:39:40.676 - INFO: <epoch: 16, iter: 273,500, lr:1.250e-05> l_back_rec: 3.9250e+02 l_forw_fit: 4.5324e+02 l_mi: 1.0000e+00 l_h: 6.4980e+03 
26-08-18 03:40:27.743 - INFO: <epoch: 16, iter: 273,600, lr:1.250e-05> l_back_rec: 4.3816e+02 l_forw_fit: 3.4941e+02 l_mi: 1.0000e+00 l_h: 5.4146e+03 
26-08-18 03:41:15.021 - INFO: <epoch: 16, iter: 273,700, lr:1.250e-05> l_back_rec: 4.5279e+02 l_forw_fit: 4.5446e+02 l_mi: 1.0000e+00 l_h: 6.3457e+03 
26-08-18 03:42:02.180 - INFO: <epoch: 16, iter: 273,800, lr:1.250e-05> l_back_rec: 3.5373e+02 l_forw_fit: 1.9399e+02 l_mi: 1.0000e+00 l_h: 3.9560e+03 
26-08-18 03:42:49.302 - INFO: <epoch: 16, iter: 273,900, lr:1.250e-05> l_back_rec: 4.3552e+02 l_forw_fit: 3.6397e+02 l_mi: 1.0000e+00 l_h: 5.2827e+03 
26-08-18 03:43:36.551 - INFO: <epoch: 16, iter: 274,000, lr:1.250e-05> l_back_rec: 4.2742e+02 l_forw_fit: 5.1135e+02 l_mi: 1.0000e+00 l_h: 6.5945e+03 
26-08-18 03:44:13.601 - INFO: # Validation # PSNR_Cover: 5.1875e+01, PSNR_Secret: 4.8796e+01, PSNR_Stego: 4.5519e+01
26-08-18 03:45:00.934 - INFO: <epoch: 16, iter: 274,100, lr:1.250e-05> l_back_rec: 3.6597e+02 l_forw_fit: 2.4024e+02 l_mi: 1.0000e+00 l_h: 4.5479e+03 
26-08-18 03:45:48.138 - INFO: <epoch: 16, iter: 274,200, lr:1.250e-05> l_back_rec: 4.2944e+02 l_forw_fit: 3.7666e+02 l_mi: 1.0000e+00 l_h: 5.3122e+03 
26-08-18 03:46:35.408 - INFO: <epoch: 16, iter: 274,300, lr:1.250e-05> l_back_rec: 4.4532e+02 l_forw_fit: 3.9867e+02 l_mi: 1.0000e+00 l_h: 5.7165e+03 
26-08-18 03:47:22.578 - INFO: <epoch: 16, iter: 274,400, lr:1.250e-05> l_back_rec: 4.4740e+02 l_forw_fit: 3.5477e+02 l_mi: 1.0000e+00 l_h: 5.5430e+03 
26-08-18 03:48:09.939 - INFO: <epoch: 16, iter: 274,500, lr:1.250e-05> l_back_rec: 3.3312e+02 l_forw_fit: 2.6350e+02 l_mi: 1.0000e+00 l_h: 4.5564e+03 
26-08-18 03:48:54.650 - INFO: <epoch: 16, iter: 274,600, lr:1.250e-05> l_back_rec: 3.9424e+02 l_forw_fit: 2.6358e+02 l_mi: 1.0000e+00 l_h: 4.5665e+03 
26-08-18 03:50:54.231 - INFO: <epoch: 17, iter: 274,700, lr:1.250e-05> l_back_rec: 4.9338e+02 l_forw_fit: 4.5507e+02 l_mi: 1.0000e+00 l_h: 6.3532e+03 
26-08-18 03:51:41.862 - INFO: <epoch: 17, iter: 274,800, lr:1.250e-05> l_back_rec: 3.9684e+02 l_forw_fit: 3.6045e+02 l_mi: 1.0000e+00 l_h: 5.6288e+03 
26-08-18 03:52:29.222 - INFO: <epoch: 17, iter: 274,900, lr:1.250e-05> l_back_rec: 3.8977e+02 l_forw_fit: 3.2223e+02 l_mi: 1.0000e+00 l_h: 4.9768e+03 
26-08-18 03:53:16.611 - INFO: <epoch: 17, iter: 275,000, lr:1.250e-05> l_back_rec: 3.8927e+02 l_forw_fit: 4.1903e+02 l_mi: 1.0000e+00 l_h: 5.9078e+03 
26-08-18 03:53:53.856 - INFO: # Validation # PSNR_Cover: 5.1967e+01, PSNR_Secret: 4.8776e+01, PSNR_Stego: 4.5702e+01
26-08-18 03:53:53.857 - INFO: Saving models and training states.
26-08-18 03:54:41.778 - INFO: <epoch: 17, iter: 275,100, lr:1.250e-05> l_back_rec: 3.6114e+02 l_forw_fit: 2.8305e+02 l_mi: 1.0000e+00 l_h: 4.7467e+03 
26-08-18 03:55:28.945 - INFO: <epoch: 17, iter: 275,200, lr:1.250e-05> l_back_rec: 4.4444e+02 l_forw_fit: 3.7354e+02 l_mi: 1.0000e+00 l_h: 6.0999e+03 
26-08-18 03:56:16.290 - INFO: <epoch: 17, iter: 275,300, lr:1.250e-05> l_back_rec: 4.1636e+02 l_forw_fit: 2.3319e+02 l_mi: 1.0000e+00 l_h: 4.3601e+03 
26-08-18 03:57:03.451 - INFO: <epoch: 17, iter: 275,400, lr:1.250e-05> l_back_rec: 5.0770e+02 l_forw_fit: 6.5026e+02 l_mi: 1.0000e+00 l_h: 7.4510e+03 
26-08-18 03:57:50.761 - INFO: <epoch: 17, iter: 275,500, lr:1.250e-05> l_back_rec: 4.6275e+02 l_forw_fit: 5.4319e+02 l_mi: 1.0000e+00 l_h: 6.8296e+03 
26-08-18 03:58:38.214 - INFO: <epoch: 17, iter: 275,600, lr:1.250e-05> l_back_rec: 4.5174e+02 l_forw_fit: 3.5284e+02 l_mi: 1.0000e+00 l_h: 1.7181e+04 
26-08-18 03:59:25.481 - INFO: <epoch: 17, iter: 275,700, lr:1.250e-05> l_back_rec: 3.8593e+02 l_forw_fit: 4.4337e+02 l_mi: 1.0000e+00 l_h: 5.8586e+03 
26-08-18 04:00:13.010 - INFO: <epoch: 17, iter: 275,800, lr:1.250e-05> l_back_rec: 3.8175e+02 l_forw_fit: 2.6713e+02 l_mi: 1.0000e+00 l_h: 4.4368e+03 
26-08-18 04:01:00.262 - INFO: <epoch: 17, iter: 275,900, lr:1.250e-05> l_back_rec: 3.5955e+02 l_forw_fit: 2.7715e+02 l_mi: 1.0000e+00 l_h: 4.8691e+03 
26-08-18 04:01:47.500 - INFO: <epoch: 17, iter: 276,000, lr:1.250e-05> l_back_rec: 3.6258e+02 l_forw_fit: 3.6321e+02 l_mi: 1.0000e+00 l_h: 5.2975e+03 
26-08-18 04:02:22.651 - INFO: # Validation # PSNR_Cover: 5.1971e+01, PSNR_Secret: 4.8863e+01, PSNR_Stego: 4.5501e+01
26-08-18 04:03:09.394 - INFO: <epoch: 17, iter: 276,100, lr:1.250e-05> l_back_rec: 3.6413e+02 l_forw_fit: 3.9673e+02 l_mi: 1.0000e+00 l_h: 5.9367e+03 
26-08-18 04:03:55.529 - INFO: <epoch: 17, iter: 276,200, lr:1.250e-05> l_back_rec: 4.4197e+02 l_forw_fit: 6.4609e+02 l_mi: 1.0000e+00 l_h: 6.8587e+03 
26-08-18 04:04:42.678 - INFO: <epoch: 17, iter: 276,300, lr:1.250e-05> l_back_rec: 3.8807e+02 l_forw_fit: 3.6872e+02 l_mi: 1.0000e+00 l_h: 5.4069e+03 
26-08-18 04:05:29.946 - INFO: <epoch: 17, iter: 276,400, lr:1.250e-05> l_back_rec: 4.1329e+02 l_forw_fit: 3.6868e+02 l_mi: 1.0000e+00 l_h: 5.6653e+03 
26-08-18 04:06:17.125 - INFO: <epoch: 17, iter: 276,500, lr:1.250e-05> l_back_rec: 3.7203e+02 l_forw_fit: 3.6488e+02 l_mi: 1.0000e+00 l_h: 5.4013e+03 
26-08-18 04:07:04.204 - INFO: <epoch: 17, iter: 276,600, lr:1.250e-05> l_back_rec: 3.6861e+02 l_forw_fit: 3.1966e+02 l_mi: 1.0000e+00 l_h: 4.8628e+03 
26-08-18 04:07:51.295 - INFO: <epoch: 17, iter: 276,700, lr:1.250e-05> l_back_rec: 4.1798e+02 l_forw_fit: 3.7436e+02 l_mi: 1.0000e+00 l_h: 5.1839e+03 
26-08-18 04:08:38.385 - INFO: <epoch: 17, iter: 276,800, lr:1.250e-05> l_back_rec: 4.1776e+02 l_forw_fit: 3.0641e+02 l_mi: 1.0000e+00 l_h: 4.4663e+03 
26-08-18 04:09:25.526 - INFO: <epoch: 17, iter: 276,900, lr:1.250e-05> l_back_rec: 4.5086e+02 l_forw_fit: 4.7894e+02 l_mi: 1.0000e+00 l_h: 6.1758e+03 
26-08-18 04:10:12.642 - INFO: <epoch: 17, iter: 277,000, lr:1.250e-05> l_back_rec: 4.2246e+02 l_forw_fit: 3.5146e+02 l_mi: 1.0000e+00 l_h: 4.5985e+03 
26-08-18 04:10:49.245 - INFO: # Validation # PSNR_Cover: 5.1915e+01, PSNR_Secret: 4.8812e+01, PSNR_Stego: 4.5559e+01
26-08-18 04:11:36.612 - INFO: <epoch: 17, iter: 277,100, lr:1.250e-05> l_back_rec: 3.8299e+02 l_forw_fit: 3.4937e+02 l_mi: 1.0000e+00 l_h: 5.2006e+03 
26-08-18 04:12:23.831 - INFO: <epoch: 17, iter: 277,200, lr:1.250e-05> l_back_rec: 3.7072e+02 l_forw_fit: 3.5932e+02 l_mi: 1.0000e+00 l_h: 5.1640e+03 
26-08-18 04:13:11.001 - INFO: <epoch: 17, iter: 277,300, lr:1.250e-05> l_back_rec: 3.5199e+02 l_forw_fit: 2.4392e+02 l_mi: 1.0000e+00 l_h: 4.1474e+03 
26-08-18 04:13:58.066 - INFO: <epoch: 17, iter: 277,400, lr:1.250e-05> l_back_rec: 4.5034e+02 l_forw_fit: 4.8398e+02 l_mi: 1.0000e+00 l_h: 6.5805e+03 
26-08-18 04:14:45.477 - INFO: <epoch: 17, iter: 277,500, lr:1.250e-05> l_back_rec: 3.5686e+02 l_forw_fit: 1.9314e+02 l_mi: 1.0000e+00 l_h: 3.9614e+03 
26-08-18 04:15:32.573 - INFO: <epoch: 17, iter: 277,600, lr:1.250e-05> l_back_rec: 3.8712e+02 l_forw_fit: 4.0335e+02 l_mi: 1.0000e+00 l_h: 5.7188e+03 
26-08-18 04:16:19.591 - INFO: <epoch: 17, iter: 277,700, lr:1.250e-05> l_back_rec: 3.9403e+02 l_forw_fit: 2.5241e+02 l_mi: 1.0000e+00 l_h: 4.4752e+03 
26-08-18 04:17:06.875 - INFO: <epoch: 17, iter: 277,800, lr:1.250e-05> l_back_rec: 3.8346e+02 l_forw_fit: 3.2318e+02 l_mi: 1.0000e+00 l_h: 5.2293e+03 
26-08-18 04:17:53.915 - INFO: <epoch: 17, iter: 277,900, lr:1.250e-05> l_back_rec: 4.0319e+02 l_forw_fit: 5.2491e+02 l_mi: 1.0000e+00 l_h: 6.7121e+03 
26-08-18 04:18:41.111 - INFO: <epoch: 17, iter: 278,000, lr:1.250e-05> l_back_rec: 3.9005e+02 l_forw_fit: 3.0023e+02 l_mi: 1.0000e+00 l_h: 4.5740e+03 
26-08-18 04:19:17.723 - INFO: # Validation # PSNR_Cover: 5.1858e+01, PSNR_Secret: 4.8848e+01, PSNR_Stego: 4.5352e+01
26-08-18 04:20:05.273 - INFO: <epoch: 17, iter: 278,100, lr:1.250e-05> l_back_rec: 4.0332e+02 l_forw_fit: 3.6145e+02 l_mi: 1.0000e+00 l_h: 5.2414e+03 
26-08-18 04:20:52.350 - INFO: <epoch: 17, iter: 278,200, lr:1.250e-05> l_back_rec: 4.0796e+02 l_forw_fit: 3.5887e+02 l_mi: 1.0000e+00 l_h: 5.5568e+03 
26-08-18 04:21:39.711 - INFO: <epoch: 17, iter: 278,300, lr:1.250e-05> l_back_rec: 4.1441e+02 l_forw_fit: 5.2264e+02 l_mi: 1.0000e+00 l_h: 6.8268e+03 
26-08-18 04:22:26.725 - INFO: <epoch: 17, iter: 278,400, lr:1.250e-05> l_back_rec: 4.0910e+02 l_forw_fit: 3.9472e+02 l_mi: 1.0000e+00 l_h: 6.1069e+03 
26-08-18 04:23:14.162 - INFO: <epoch: 17, iter: 278,500, lr:1.250e-05> l_back_rec: 3.7566e+02 l_forw_fit: 3.2521e+02 l_mi: 1.0000e+00 l_h: 4.9178e+03 
26-08-18 04:24:01.381 - INFO: <epoch: 17, iter: 278,600, lr:1.250e-05> l_back_rec: 4.7882e+02 l_forw_fit: 4.4756e+02 l_mi: 1.0000e+00 l_h: 6.0489e+03 
26-08-18 04:24:49.055 - INFO: <epoch: 17, iter: 278,700, lr:1.250e-05> l_back_rec: 3.6980e+02 l_forw_fit: 2.8679e+02 l_mi: 1.0000e+00 l_h: 4.8462e+03 
26-08-18 04:25:36.284 - INFO: <epoch: 17, iter: 278,800, lr:1.250e-05> l_back_rec: 3.8574e+02 l_forw_fit: 3.1456e+02 l_mi: 1.0000e+00 l_h: 4.6452e+03 
26-08-18 04:26:23.384 - INFO: <epoch: 17, iter: 278,900, lr:1.250e-05> l_back_rec: 4.3342e+02 l_forw_fit: 3.9469e+02 l_mi: 1.0000e+00 l_h: 5.8350e+03 
26-08-18 04:27:10.648 - INFO: <epoch: 17, iter: 279,000, lr:1.250e-05> l_back_rec: 3.7825e+02 l_forw_fit: 3.7228e+02 l_mi: 1.0000e+00 l_h: 5.2808e+03 
26-08-18 04:27:47.656 - INFO: # Validation # PSNR_Cover: 5.1836e+01, PSNR_Secret: 4.8893e+01, PSNR_Stego: 4.5564e+01
26-08-18 04:28:34.871 - INFO: <epoch: 17, iter: 279,100, lr:1.250e-05> l_back_rec: 4.1248e+02 l_forw_fit: 3.5175e+02 l_mi: 1.0000e+00 l_h: 5.3726e+03 
26-08-18 04:29:21.830 - INFO: <epoch: 17, iter: 279,200, lr:1.250e-05> l_back_rec: 3.9862e+02 l_forw_fit: 3.0327e+02 l_mi: 1.0000e+00 l_h: 5.1787e+03 
26-08-18 04:30:09.032 - INFO: <epoch: 17, iter: 279,300, lr:1.250e-05> l_back_rec: 3.8022e+02 l_forw_fit: 2.4583e+02 l_mi: 1.0000e+00 l_h: 4.6176e+03 
26-08-18 04:30:56.089 - INFO: <epoch: 17, iter: 279,400, lr:1.250e-05> l_back_rec: 3.8833e+02 l_forw_fit: 3.6560e+02 l_mi: 1.0000e+00 l_h: 5.3178e+03 
26-08-18 04:31:43.399 - INFO: <epoch: 17, iter: 279,500, lr:1.250e-05> l_back_rec: 3.6627e+02 l_forw_fit: 3.3221e+02 l_mi: 1.0000e+00 l_h: 5.7979e+03 
26-08-18 04:32:30.715 - INFO: <epoch: 17, iter: 279,600, lr:1.250e-05> l_back_rec: 4.9804e+02 l_forw_fit: 5.1133e+02 l_mi: 1.0000e+00 l_h: 6.3509e+03 
26-08-18 04:33:17.808 - INFO: <epoch: 17, iter: 279,700, lr:1.250e-05> l_back_rec: 4.3465e+02 l_forw_fit: 7.2172e+02 l_mi: 1.0000e+00 l_h: 7.2856e+03 
26-08-18 04:34:04.957 - INFO: <epoch: 17, iter: 279,800, lr:1.250e-05> l_back_rec: 4.5684e+02 l_forw_fit: 4.9551e+02 l_mi: 1.0000e+00 l_h: 6.8611e+03 
26-08-18 04:34:52.063 - INFO: <epoch: 17, iter: 279,900, lr:1.250e-05> l_back_rec: 3.7992e+02 l_forw_fit: 4.0366e+02 l_mi: 1.0000e+00 l_h: 5.9447e+03 
26-08-18 04:35:39.258 - INFO: <epoch: 17, iter: 280,000, lr:1.250e-05> l_back_rec: 4.5489e+02 l_forw_fit: 9.4933e+02 l_mi: 1.0000e+00 l_h: 7.8078e+03 
26-08-18 04:36:15.950 - INFO: # Validation # PSNR_Cover: 5.1963e+01, PSNR_Secret: 4.8854e+01, PSNR_Stego: 4.5637e+01
26-08-18 04:36:15.951 - INFO: Saving models and training states.
26-08-18 04:37:03.967 - INFO: <epoch: 17, iter: 280,100, lr:1.250e-05> l_back_rec: 3.5909e+02 l_forw_fit: 3.2368e+02 l_mi: 1.0000e+00 l_h: 5.0847e+03 
26-08-18 04:37:50.855 - INFO: <epoch: 17, iter: 280,200, lr:1.250e-05> l_back_rec: 4.0511e+02 l_forw_fit: 2.4223e+02 l_mi: 1.0000e+00 l_h: 4.3563e+03 
26-08-18 04:38:38.356 - INFO: <epoch: 17, iter: 280,300, lr:1.250e-05> l_back_rec: 4.1983e+02 l_forw_fit: 3.8596e+02 l_mi: 1.0000e+00 l_h: 5.7613e+03 
26-08-18 04:39:25.468 - INFO: <epoch: 17, iter: 280,400, lr:1.250e-05> l_back_rec: 4.8019e+02 l_forw_fit: 8.0631e+02 l_mi: 1.0000e+00 l_h: 9.2631e+03 
26-08-18 04:40:12.631 - INFO: <epoch: 17, iter: 280,500, lr:1.250e-05> l_back_rec: 3.8672e+02 l_forw_fit: 3.2624e+02 l_mi: 1.0000e+00 l_h: 5.0311e+03 
26-08-18 04:40:59.768 - INFO: <epoch: 17, iter: 280,600, lr:1.250e-05> l_back_rec: 3.7610e+02 l_forw_fit: 3.1669e+02 l_mi: 1.0000e+00 l_h: 4.9563e+03 
26-08-18 04:41:47.064 - INFO: <epoch: 17, iter: 280,700, lr:1.250e-05> l_back_rec: 3.5889e+02 l_forw_fit: 2.6123e+02 l_mi: 1.0000e+00 l_h: 4.3508e+03 
26-08-18 04:42:34.311 - INFO: <epoch: 17, iter: 280,800, lr:1.250e-05> l_back_rec: 3.9161e+02 l_forw_fit: 3.4455e+02 l_mi: 1.0000e+00 l_h: 5.6249e+03 
26-08-18 04:43:21.382 - INFO: <epoch: 17, iter: 280,900, lr:1.250e-05> l_back_rec: 4.3824e+02 l_forw_fit: 3.3659e+02 l_mi: 1.0000e+00 l_h: 5.2926e+03 
26-08-18 04:44:08.751 - INFO: <epoch: 17, iter: 281,000, lr:1.250e-05> l_back_rec: 4.1101e+02 l_forw_fit: 3.5200e+02 l_mi: 1.0000e+00 l_h: 5.1597e+03 
26-08-18 04:44:45.673 - INFO: # Validation # PSNR_Cover: 5.1913e+01, PSNR_Secret: 4.8848e+01, PSNR_Stego: 4.5591e+01
26-08-18 04:45:32.839 - INFO: <epoch: 17, iter: 281,100, lr:1.250e-05> l_back_rec: 3.9529e+02 l_forw_fit: 2.8756e+02 l_mi: 1.0000e+00 l_h: 4.7183e+03 
26-08-18 04:46:19.911 - INFO: <epoch: 17, iter: 281,200, lr:1.250e-05> l_back_rec: 4.2981e+02 l_forw_fit: 4.1465e+02 l_mi: 1.0000e+00 l_h: 5.6464e+03 
26-08-18 04:47:07.160 - INFO: <epoch: 17, iter: 281,300, lr:1.250e-05> l_back_rec: 3.8754e+02 l_forw_fit: 3.9488e+02 l_mi: 1.0000e+00 l_h: 4.8025e+03 
26-08-18 04:47:54.333 - INFO: <epoch: 17, iter: 281,400, lr:1.250e-05> l_back_rec: 4.0157e+02 l_forw_fit: 3.0597e+02 l_mi: 1.0000e+00 l_h: 4.8360e+03 
26-08-18 04:48:41.604 - INFO: <epoch: 17, iter: 281,500, lr:1.250e-05> l_back_rec: 4.0705e+02 l_forw_fit: 3.6284e+02 l_mi: 1.0000e+00 l_h: 5.6139e+03 
26-08-18 04:49:28.658 - INFO: <epoch: 17, iter: 281,600, lr:1.250e-05> l_back_rec: 3.7561e+02 l_forw_fit: 2.4717e+02 l_mi: 1.0000e+00 l_h: 4.3209e+03 
26-08-18 04:50:16.045 - INFO: <epoch: 17, iter: 281,700, lr:1.250e-05> l_back_rec: 4.7756e+02 l_forw_fit: 9.7646e+02 l_mi: 1.0000e+00 l_h: 8.3949e+03 
26-08-18 04:51:03.339 - INFO: <epoch: 17, iter: 281,800, lr:1.250e-05> l_back_rec: 3.4197e+02 l_forw_fit: 2.7592e+02 l_mi: 1.0000e+00 l_h: 4.6335e+03 
26-08-18 04:51:51.075 - INFO: <epoch: 17, iter: 281,900, lr:1.250e-05> l_back_rec: 3.8457e+02 l_forw_fit: 3.4936e+02 l_mi: 1.0000e+00 l_h: 5.1805e+03 
26-08-18 04:52:38.614 - INFO: <epoch: 17, iter: 282,000, lr:1.250e-05> l_back_rec: 3.7625e+02 l_forw_fit: 2.8025e+02 l_mi: 1.0000e+00 l_h: 4.9155e+03 
26-08-18 04:53:15.402 - INFO: # Validation # PSNR_Cover: 5.1982e+01, PSNR_Secret: 4.8411e+01, PSNR_Stego: 4.5753e+01
26-08-18 04:54:02.662 - INFO: <epoch: 17, iter: 282,100, lr:1.250e-05> l_back_rec: 4.0921e+02 l_forw_fit: 3.7657e+02 l_mi: 1.0000e+00 l_h: 5.1512e+03 
26-08-18 04:54:49.812 - INFO: <epoch: 17, iter: 282,200, lr:1.250e-05> l_back_rec: 4.2298e+02 l_forw_fit: 5.2678e+02 l_mi: 1.0000e+00 l_h: 6.3907e+03 
26-08-18 04:55:37.239 - INFO: <epoch: 17, iter: 282,300, lr:1.250e-05> l_back_rec: 4.3593e+02 l_forw_fit: 3.9551e+02 l_mi: 1.0000e+00 l_h: 5.7904e+03 
26-08-18 04:56:24.032 - INFO: <epoch: 17, iter: 282,400, lr:1.250e-05> l_back_rec: 4.0153e+02 l_forw_fit: 4.6343e+02 l_mi: 1.0000e+00 l_h: 6.3400e+03 
26-08-18 04:57:11.319 - INFO: <epoch: 17, iter: 282,500, lr:1.250e-05> l_back_rec: 3.8999e+02 l_forw_fit: 3.0747e+02 l_mi: 1.0000e+00 l_h: 5.0532e+03 
26-08-18 04:57:58.338 - INFO: <epoch: 17, iter: 282,600, lr:1.250e-05> l_back_rec: 3.8230e+02 l_forw_fit: 3.4108e+02 l_mi: 1.0000e+00 l_h: 5.2315e+03 
26-08-18 04:58:45.737 - INFO: <epoch: 17, iter: 282,700, lr:1.250e-05> l_back_rec: 3.7465e+02 l_forw_fit: 3.5136e+02 l_mi: 1.0000e+00 l_h: 5.1473e+03 
26-08-18 04:59:33.023 - INFO: <epoch: 17, iter: 282,800, lr:1.250e-05> l_back_rec: 4.0695e+02 l_forw_fit: 3.5873e+02 l_mi: 1.0000e+00 l_h: 5.2248e+03 
26-08-18 05:00:20.375 - INFO: <epoch: 17, iter: 282,900, lr:1.250e-05> l_back_rec: 3.9358e+02 l_forw_fit: 4.0321e+02 l_mi: 1.0000e+00 l_h: 5.0252e+03 
26-08-18 05:01:07.644 - INFO: <epoch: 17, iter: 283,000, lr:1.250e-05> l_back_rec: 4.8775e+02 l_forw_fit: 4.9513e+02 l_mi: 1.0000e+00 l_h: 6.7955e+03 
26-08-18 05:01:44.228 - INFO: # Validation # PSNR_Cover: 5.1917e+01, PSNR_Secret: 4.8692e+01, PSNR_Stego: 4.5794e+01
26-08-18 05:02:31.373 - INFO: <epoch: 17, iter: 283,100, lr:1.250e-05> l_back_rec: 3.9805e+02 l_forw_fit: 4.1564e+02 l_mi: 1.0000e+00 l_h: 5.6852e+03 
26-08-18 05:03:18.762 - INFO: <epoch: 17, iter: 283,200, lr:1.250e-05> l_back_rec: 3.6134e+02 l_forw_fit: 3.2262e+02 l_mi: 1.0000e+00 l_h: 5.3994e+03 
26-08-18 05:04:06.235 - INFO: <epoch: 17, iter: 283,300, lr:1.250e-05> l_back_rec: 3.9569e+02 l_forw_fit: 3.3492e+02 l_mi: 1.0000e+00 l_h: 5.3191e+03 
26-08-18 05:04:53.565 - INFO: <epoch: 17, iter: 283,400, lr:1.250e-05> l_back_rec: 3.5885e+02 l_forw_fit: 2.8962e+02 l_mi: 1.0000e+00 l_h: 4.8901e+03 
26-08-18 05:05:40.982 - INFO: <epoch: 17, iter: 283,500, lr:1.250e-05> l_back_rec: 4.3640e+02 l_forw_fit: 3.5904e+02 l_mi: 1.0000e+00 l_h: 5.2914e+03 
26-08-18 05:06:28.113 - INFO: <epoch: 17, iter: 283,600, lr:1.250e-05> l_back_rec: 3.5706e+02 l_forw_fit: 2.1324e+02 l_mi: 1.0000e+00 l_h: 4.2436e+03 
26-08-18 05:07:15.586 - INFO: <epoch: 17, iter: 283,700, lr:1.250e-05> l_back_rec: 4.7104e+02 l_forw_fit: 3.7253e+02 l_mi: 1.0000e+00 l_h: 5.3776e+03 
26-08-18 05:08:02.893 - INFO: <epoch: 17, iter: 283,800, lr:1.250e-05> l_back_rec: 3.6546e+02 l_forw_fit: 3.7417e+02 l_mi: 1.0000e+00 l_h: 5.1029e+03 
26-08-18 05:08:50.266 - INFO: <epoch: 17, iter: 283,900, lr:1.250e-05> l_back_rec: 4.1543e+02 l_forw_fit: 3.7644e+02 l_mi: 1.0000e+00 l_h: 5.3388e+03 
26-08-18 05:09:37.816 - INFO: <epoch: 17, iter: 284,000, lr:1.250e-05> l_back_rec: 4.0975e+02 l_forw_fit: 3.7009e+02 l_mi: 1.0000e+00 l_h: 5.2885e+03 
26-08-18 05:10:14.362 - INFO: # Validation # PSNR_Cover: 5.1862e+01, PSNR_Secret: 4.8746e+01, PSNR_Stego: 4.5573e+01
26-08-18 05:11:01.625 - INFO: <epoch: 17, iter: 284,100, lr:1.250e-05> l_back_rec: 3.8748e+02 l_forw_fit: 5.2434e+02 l_mi: 1.0000e+00 l_h: 7.0399e+03 
26-08-18 05:11:49.007 - INFO: <epoch: 17, iter: 284,200, lr:1.250e-05> l_back_rec: 3.6585e+02 l_forw_fit: 2.9780e+02 l_mi: 1.0000e+00 l_h: 4.3715e+03 
26-08-18 05:12:36.383 - INFO: <epoch: 17, iter: 284,300, lr:1.250e-05> l_back_rec: 3.7993e+02 l_forw_fit: 3.5238e+02 l_mi: 1.0000e+00 l_h: 5.3602e+03 
26-08-18 05:13:23.278 - INFO: <epoch: 17, iter: 284,400, lr:1.250e-05> l_back_rec: 4.1687e+02 l_forw_fit: 5.1796e+02 l_mi: 1.0000e+00 l_h: 5.5286e+03 
26-08-18 05:14:10.586 - INFO: <epoch: 17, iter: 284,500, lr:1.250e-05> l_back_rec: 4.3295e+02 l_forw_fit: 5.5576e+02 l_mi: 1.0000e+00 l_h: 7.1477e+03 
26-08-18 05:14:57.670 - INFO: <epoch: 17, iter: 284,600, lr:1.250e-05> l_back_rec: 4.5457e+02 l_forw_fit: 4.4163e+02 l_mi: 1.0000e+00 l_h: 6.2961e+03 
26-08-18 05:15:44.817 - INFO: <epoch: 17, iter: 284,700, lr:1.250e-05> l_back_rec: 3.7369e+02 l_forw_fit: 2.9721e+02 l_mi: 1.0000e+00 l_h: 4.8042e+03 
26-08-18 05:16:32.043 - INFO: <epoch: 17, iter: 284,800, lr:1.250e-05> l_back_rec: 3.7900e+02 l_forw_fit: 3.1044e+02 l_mi: 1.0000e+00 l_h: 4.9147e+03 
26-08-18 05:17:19.443 - INFO: <epoch: 17, iter: 284,900, lr:1.250e-05> l_back_rec: 4.3438e+02 l_forw_fit: 4.0035e+02 l_mi: 1.0000e+00 l_h: 5.4708e+03 
26-08-18 05:18:06.844 - INFO: <epoch: 17, iter: 285,000, lr:1.250e-05> l_back_rec: 4.4827e+02 l_forw_fit: 4.0796e+02 l_mi: 1.0000e+00 l_h: 6.5628e+03 
26-08-18 05:18:43.681 - INFO: # Validation # PSNR_Cover: 5.1909e+01, PSNR_Secret: 4.8883e+01, PSNR_Stego: 4.5463e+01
26-08-18 05:18:43.682 - INFO: Saving models and training states.
26-08-18 05:19:31.490 - INFO: <epoch: 17, iter: 285,100, lr:1.250e-05> l_back_rec: 4.6454e+02 l_forw_fit: 7.7146e+02 l_mi: 1.0000e+00 l_h: 7.9540e+03 
26-08-18 05:20:18.814 - INFO: <epoch: 17, iter: 285,200, lr:1.250e-05> l_back_rec: 4.1010e+02 l_forw_fit: 3.8315e+02 l_mi: 1.0000e+00 l_h: 5.7240e+03 
26-08-18 05:21:06.088 - INFO: <epoch: 17, iter: 285,300, lr:1.250e-05> l_back_rec: 3.8852e+02 l_forw_fit: 3.7018e+02 l_mi: 1.0000e+00 l_h: 5.5068e+03 
26-08-18 05:21:53.393 - INFO: <epoch: 17, iter: 285,400, lr:1.250e-05> l_back_rec: 4.5351e+02 l_forw_fit: 2.6464e+02 l_mi: 1.0000e+00 l_h: 4.7328e+03 
26-08-18 05:22:40.989 - INFO: <epoch: 17, iter: 285,500, lr:1.250e-05> l_back_rec: 3.9819e+02 l_forw_fit: 2.5323e+02 l_mi: 1.0000e+00 l_h: 4.5172e+03 
26-08-18 05:23:28.425 - INFO: <epoch: 17, iter: 285,600, lr:1.250e-05> l_back_rec: 3.9564e+02 l_forw_fit: 4.7388e+02 l_mi: 1.0000e+00 l_h: 6.4669e+03 
26-08-18 05:24:16.070 - INFO: <epoch: 17, iter: 285,700, lr:1.250e-05> l_back_rec: 4.4310e+02 l_forw_fit: 4.1666e+02 l_mi: 1.0000e+00 l_h: 5.7387e+03 
26-08-18 05:25:03.515 - INFO: <epoch: 17, iter: 285,800, lr:1.250e-05> l_back_rec: 3.5172e+02 l_forw_fit: 2.3564e+02 l_mi: 1.0000e+00 l_h: 4.4105e+03 
26-08-18 05:25:50.761 - INFO: <epoch: 17, iter: 285,900, lr:1.250e-05> l_back_rec: 3.5722e+02 l_forw_fit: 2.9205e+02 l_mi: 1.0000e+00 l_h: 4.6266e+03 
26-08-18 05:26:38.187 - INFO: <epoch: 17, iter: 286,000, lr:1.250e-05> l_back_rec: 4.0885e+02 l_forw_fit: 3.3250e+02 l_mi: 1.0000e+00 l_h: 5.3498e+03 
26-08-18 05:27:14.811 - INFO: # Validation # PSNR_Cover: 5.1941e+01, PSNR_Secret: 4.8830e+01, PSNR_Stego: 4.5599e+01
26-08-18 05:28:02.367 - INFO: <epoch: 17, iter: 286,100, lr:1.250e-05> l_back_rec: 5.8146e+02 l_forw_fit: 9.2423e+02 l_mi: 1.0000e+00 l_h: 9.0845e+03 
26-08-18 05:28:49.957 - INFO: <epoch: 17, iter: 286,200, lr:1.250e-05> l_back_rec: 4.0206e+02 l_forw_fit: 3.5625e+02 l_mi: 1.0000e+00 l_h: 5.6651e+03 
26-08-18 05:29:37.442 - INFO: <epoch: 17, iter: 286,300, lr:1.250e-05> l_back_rec: 3.9278e+02 l_forw_fit: 2.7023e+02 l_mi: 1.0000e+00 l_h: 4.8250e+03 
26-08-18 05:30:24.705 - INFO: <epoch: 17, iter: 286,400, lr:1.250e-05> l_back_rec: 4.6164e+02 l_forw_fit: 5.3538e+02 l_mi: 1.0000e+00 l_h: 6.4766e+03 
26-08-18 05:31:12.109 - INFO: <epoch: 17, iter: 286,500, lr:1.250e-05> l_back_rec: 4.3298e+02 l_forw_fit: 3.5504e+02 l_mi: 1.0000e+00 l_h: 5.5544e+03 
26-08-18 05:31:59.442 - INFO: <epoch: 17, iter: 286,600, lr:1.250e-05> l_back_rec: 3.7291e+02 l_forw_fit: 2.9271e+02 l_mi: 1.0000e+00 l_h: 4.6502e+03 
26-08-18 05:32:46.876 - INFO: <epoch: 17, iter: 286,700, lr:1.250e-05> l_back_rec: 4.0692e+02 l_forw_fit: 3.2991e+02 l_mi: 1.0000e+00 l_h: 5.3009e+03 
26-08-18 05:33:34.228 - INFO: <epoch: 17, iter: 286,800, lr:1.250e-05> l_back_rec: 4.5931e+02 l_forw_fit: 5.8719e+02 l_mi: 1.0000e+00 l_h: 6.7890e+03 
26-08-18 05:34:21.585 - INFO: <epoch: 17, iter: 286,900, lr:1.250e-05> l_back_rec: 5.7382e+02 l_forw_fit: 4.9365e+02 l_mi: 1.0000e+00 l_h: 6.1492e+03 
26-08-18 05:35:08.943 - INFO: <epoch: 17, iter: 287,000, lr:1.250e-05> l_back_rec: 3.9470e+02 l_forw_fit: 3.1737e+02 l_mi: 1.0000e+00 l_h: 4.9016e+03 
26-08-18 05:35:45.637 - INFO: # Validation # PSNR_Cover: 5.1898e+01, PSNR_Secret: 4.8584e+01, PSNR_Stego: 4.5643e+01
26-08-18 05:36:33.369 - INFO: <epoch: 17, iter: 287,100, lr:1.250e-05> l_back_rec: 3.7846e+02 l_forw_fit: 3.5523e+02 l_mi: 1.0000e+00 l_h: 5.5584e+03 
26-08-18 05:37:20.699 - INFO: <epoch: 17, iter: 287,200, lr:1.250e-05> l_back_rec: 3.9292e+02 l_forw_fit: 4.6789e+02 l_mi: 1.0000e+00 l_h: 5.9554e+03 
26-08-18 05:38:08.180 - INFO: <epoch: 17, iter: 287,300, lr:1.250e-05> l_back_rec: 3.8384e+02 l_forw_fit: 3.0739e+02 l_mi: 1.0000e+00 l_h: 4.9010e+03 
26-08-18 05:38:55.444 - INFO: <epoch: 17, iter: 287,400, lr:1.250e-05> l_back_rec: 3.8157e+02 l_forw_fit: 2.9799e+02 l_mi: 1.0000e+00 l_h: 4.8296e+03 
26-08-18 05:39:42.846 - INFO: <epoch: 17, iter: 287,500, lr:1.250e-05> l_back_rec: 4.7843e+02 l_forw_fit: 4.7650e+02 l_mi: 1.0000e+00 l_h: 6.2808e+03 
26-08-18 05:40:30.108 - INFO: <epoch: 17, iter: 287,600, lr:1.250e-05> l_back_rec: 4.5046e+02 l_forw_fit: 6.3025e+02 l_mi: 1.0000e+00 l_h: 7.5813e+03 
26-08-18 05:41:17.499 - INFO: <epoch: 17, iter: 287,700, lr:1.250e-05> l_back_rec: 4.2436e+02 l_forw_fit: 2.7226e+02 l_mi: 1.0000e+00 l_h: 4.2317e+03 
26-08-18 05:42:04.792 - INFO: <epoch: 17, iter: 287,800, lr:1.250e-05> l_back_rec: 3.6383e+02 l_forw_fit: 3.2521e+02 l_mi: 1.0000e+00 l_h: 5.0808e+03 
26-08-18 05:42:52.160 - INFO: <epoch: 17, iter: 287,900, lr:1.250e-05> l_back_rec: 3.5922e+02 l_forw_fit: 2.2121e+02 l_mi: 1.0000e+00 l_h: 4.3695e+03 
26-08-18 05:43:39.532 - INFO: <epoch: 17, iter: 288,000, lr:1.250e-05> l_back_rec: 3.7467e+02 l_forw_fit: 3.1674e+02 l_mi: 1.0000e+00 l_h: 5.0454e+03 
26-08-18 05:44:15.979 - INFO: # Validation # PSNR_Cover: 5.1924e+01, PSNR_Secret: 4.8823e+01, PSNR_Stego: 4.5650e+01
26-08-18 05:45:03.367 - INFO: <epoch: 17, iter: 288,100, lr:1.250e-05> l_back_rec: 3.5923e+02 l_forw_fit: 2.7147e+02 l_mi: 1.0000e+00 l_h: 4.5506e+03 
26-08-18 05:45:50.504 - INFO: <epoch: 17, iter: 288,200, lr:1.250e-05> l_back_rec: 3.6004e+02 l_forw_fit: 3.8403e+02 l_mi: 1.0000e+00 l_h: 5.4606e+03 
26-08-18 05:46:37.887 - INFO: <epoch: 17, iter: 288,300, lr:1.250e-05> l_back_rec: 4.1392e+02 l_forw_fit: 3.3995e+02 l_mi: 1.0000e+00 l_h: 5.0020e+03 
26-08-18 05:47:25.181 - INFO: <epoch: 17, iter: 288,400, lr:1.250e-05> l_back_rec: 4.3383e+02 l_forw_fit: 4.3983e+02 l_mi: 1.0000e+00 l_h: 6.5872e+03 
26-08-18 05:48:12.731 - INFO: <epoch: 17, iter: 288,500, lr:1.250e-05> l_back_rec: 3.6280e+02 l_forw_fit: 2.2218e+02 l_mi: 1.0000e+00 l_h: 4.0096e+03 
26-08-18 05:49:00.084 - INFO: <epoch: 17, iter: 288,600, lr:1.250e-05> l_back_rec: 4.3618e+02 l_forw_fit: 4.3219e+02 l_mi: 1.0000e+00 l_h: 5.6780e+03 
26-08-18 05:49:47.428 - INFO: <epoch: 17, iter: 288,700, lr:1.250e-05> l_back_rec: 4.2439e+02 l_forw_fit: 2.5766e+02 l_mi: 1.0000e+00 l_h: 4.5740e+03 
26-08-18 05:50:34.847 - INFO: <epoch: 17, iter: 288,800, lr:1.250e-05> l_back_rec: 3.6869e+02 l_forw_fit: 2.6546e+02 l_mi: 1.0000e+00 l_h: 4.3814e+03 
26-08-18 05:51:22.159 - INFO: <epoch: 17, iter: 288,900, lr:1.250e-05> l_back_rec: 4.9385e+02 l_forw_fit: 4.5034e+02 l_mi: 1.0000e+00 l_h: 5.8799e+03 
26-08-18 05:52:09.815 - INFO: <epoch: 17, iter: 289,000, lr:1.250e-05> l_back_rec: 4.6980e+02 l_forw_fit: 5.2873e+02 l_mi: 1.0000e+00 l_h: 7.0998e+03 
26-08-18 05:52:46.940 - INFO: # Validation # PSNR_Cover: 5.1835e+01, PSNR_Secret: 4.8740e+01, PSNR_Stego: 4.5667e+01
26-08-18 05:53:34.453 - INFO: <epoch: 17, iter: 289,100, lr:1.250e-05> l_back_rec: 4.5075e+02 l_forw_fit: 5.9685e+02 l_mi: 1.0000e+00 l_h: 6.9334e+03 
26-08-18 05:54:21.620 - INFO: <epoch: 17, iter: 289,200, lr:1.250e-05> l_back_rec: 3.6286e+02 l_forw_fit: 3.0741e+02 l_mi: 1.0000e+00 l_h: 5.1662e+03 
26-08-18 05:55:09.186 - INFO: <epoch: 17, iter: 289,300, lr:1.250e-05> l_back_rec: 4.6107e+02 l_forw_fit: 4.5740e+02 l_mi: 1.0000e+00 l_h: 5.3706e+03 
26-08-18 05:55:56.301 - INFO: <epoch: 17, iter: 289,400, lr:1.250e-05> l_back_rec: 4.0138e+02 l_forw_fit: 3.7004e+02 l_mi: 1.0000e+00 l_h: 5.7735e+03 
26-08-18 05:56:43.691 - INFO: <epoch: 17, iter: 289,500, lr:1.250e-05> l_back_rec: 3.9123e+02 l_forw_fit: 3.1451e+02 l_mi: 1.0000e+00 l_h: 5.0436e+03 
26-08-18 05:57:30.913 - INFO: <epoch: 17, iter: 289,600, lr:1.250e-05> l_back_rec: 3.7637e+02 l_forw_fit: 2.6147e+02 l_mi: 1.0000e+00 l_h: 4.6547e+03 
26-08-18 05:58:18.314 - INFO: <epoch: 17, iter: 289,700, lr:1.250e-05> l_back_rec: 3.9950e+02 l_forw_fit: 3.4945e+02 l_mi: 1.0000e+00 l_h: 5.2449e+03 
26-08-18 05:59:05.684 - INFO: <epoch: 17, iter: 289,800, lr:1.250e-05> l_back_rec: 3.7405e+02 l_forw_fit: 5.3971e+02 l_mi: 1.0000e+00 l_h: 5.8487e+03 
26-08-18 05:59:52.766 - INFO: <epoch: 17, iter: 289,900, lr:1.250e-05> l_back_rec: 3.8574e+02 l_forw_fit: 2.9830e+02 l_mi: 1.0000e+00 l_h: 4.7318e+03 
26-08-18 06:00:40.204 - INFO: <epoch: 17, iter: 290,000, lr:1.250e-05> l_back_rec: 4.2155e+02 l_forw_fit: 4.2945e+02 l_mi: 1.0000e+00 l_h: 5.8898e+03 
26-08-18 06:01:16.807 - INFO: # Validation # PSNR_Cover: 5.1946e+01, PSNR_Secret: 4.8855e+01, PSNR_Stego: 4.5610e+01
26-08-18 06:01:16.808 - INFO: Saving models and training states.
26-08-18 06:02:04.684 - INFO: <epoch: 17, iter: 290,100, lr:1.250e-05> l_back_rec: 4.1797e+02 l_forw_fit: 4.8644e+02 l_mi: 1.0000e+00 l_h: 6.7481e+03 
26-08-18 06:02:52.257 - INFO: <epoch: 17, iter: 290,200, lr:1.250e-05> l_back_rec: 5.4387e+02 l_forw_fit: 4.7926e+02 l_mi: 1.0000e+00 l_h: 6.0247e+03 
26-08-18 06:03:39.690 - INFO: <epoch: 17, iter: 290,300, lr:1.250e-05> l_back_rec: 5.2565e+02 l_forw_fit: 4.8938e+02 l_mi: 1.0000e+00 l_h: 6.9756e+03 
26-08-18 06:04:27.133 - INFO: <epoch: 17, iter: 290,400, lr:1.250e-05> l_back_rec: 4.1430e+02 l_forw_fit: 3.0586e+02 l_mi: 1.0000e+00 l_h: 4.5497e+03 
26-08-18 06:05:14.685 - INFO: <epoch: 17, iter: 290,500, lr:1.250e-05> l_back_rec: 4.0735e+02 l_forw_fit: 3.3293e+02 l_mi: 1.0000e+00 l_h: 5.4369e+03 
26-08-18 06:06:01.815 - INFO: <epoch: 17, iter: 290,600, lr:1.250e-05> l_back_rec: 3.7573e+02 l_forw_fit: 2.9517e+02 l_mi: 1.0000e+00 l_h: 4.6170e+03 
26-08-18 06:06:48.995 - INFO: <epoch: 17, iter: 290,700, lr:1.250e-05> l_back_rec: 4.2789e+02 l_forw_fit: 4.2788e+02 l_mi: 1.0000e+00 l_h: 5.9423e+03 
26-08-18 06:08:47.708 - INFO: <epoch: 18, iter: 290,800, lr:1.250e-05> l_back_rec: 4.5632e+02 l_forw_fit: 6.1617e+02 l_mi: 1.0000e+00 l_h: 6.6152e+03 
26-08-18 06:09:35.005 - INFO: <epoch: 18, iter: 290,900, lr:1.250e-05> l_back_rec: 4.1688e+02 l_forw_fit: 3.2770e+02 l_mi: 1.0000e+00 l_h: 5.1668e+03 
26-08-18 06:10:22.652 - INFO: <epoch: 18, iter: 291,000, lr:1.250e-05> l_back_rec: 4.0910e+02 l_forw_fit: 5.0048e+02 l_mi: 1.0000e+00 l_h: 6.4236e+03 
26-08-18 06:10:59.602 - INFO: # Validation # PSNR_Cover: 5.1932e+01, PSNR_Secret: 4.8800e+01, PSNR_Stego: 4.5644e+01
26-08-18 06:11:47.838 - INFO: <epoch: 18, iter: 291,100, lr:1.250e-05> l_back_rec: 4.4332e+02 l_forw_fit: 3.5989e+02 l_mi: 1.0000e+00 l_h: 5.6269e+03 
26-08-18 06:12:35.229 - INFO: <epoch: 18, iter: 291,200, lr:1.250e-05> l_back_rec: 3.6295e+02 l_forw_fit: 2.7583e+02 l_mi: 1.0000e+00 l_h: 4.7513e+03 
26-08-18 06:13:22.307 - INFO: <epoch: 18, iter: 291,300, lr:1.250e-05> l_back_rec: 4.4385e+02 l_forw_fit: 4.1914e+02 l_mi: 1.0000e+00 l_h: 6.1388e+03 
26-08-18 06:14:09.524 - INFO: <epoch: 18, iter: 291,400, lr:1.250e-05> l_back_rec: 4.2668e+02 l_forw_fit: 4.0520e+02 l_mi: 1.0000e+00 l_h: 6.1592e+03 
26-08-18 06:14:56.798 - INFO: <epoch: 18, iter: 291,500, lr:1.250e-05> l_back_rec: 4.9364e+02 l_forw_fit: 9.3730e+02 l_mi: 1.0000e+00 l_h: 8.9123e+03 
26-08-18 06:15:43.991 - INFO: <epoch: 18, iter: 291,600, lr:1.250e-05> l_back_rec: 3.8203e+02 l_forw_fit: 4.1823e+02 l_mi: 1.0000e+00 l_h: 6.3490e+03 
26-08-18 06:16:31.281 - INFO: <epoch: 18, iter: 291,700, lr:1.250e-05> l_back_rec: 3.9623e+02 l_forw_fit: 4.5769e+02 l_mi: 1.0000e+00 l_h: 5.9056e+03 
26-08-18 06:17:18.612 - INFO: <epoch: 18, iter: 291,800, lr:1.250e-05> l_back_rec: 4.3740e+02 l_forw_fit: 4.7042e+02 l_mi: 1.0000e+00 l_h: 6.4689e+03 
26-08-18 06:18:05.640 - INFO: <epoch: 18, iter: 291,900, lr:1.250e-05> l_back_rec: 3.9408e+02 l_forw_fit: 3.7156e+02 l_mi: 1.0000e+00 l_h: 5.8532e+03 
26-08-18 06:18:51.792 - INFO: <epoch: 18, iter: 292,000, lr:1.250e-05> l_back_rec: 3.7476e+02 l_forw_fit: 3.2531e+02 l_mi: 1.0000e+00 l_h: 4.7837e+03 
26-08-18 06:19:28.640 - INFO: # Validation # PSNR_Cover: 5.2010e+01, PSNR_Secret: 4.8861e+01, PSNR_Stego: 4.5670e+01
26-08-18 06:20:15.780 - INFO: <epoch: 18, iter: 292,100, lr:1.250e-05> l_back_rec: 4.3932e+02 l_forw_fit: 4.8146e+02 l_mi: 1.0000e+00 l_h: 5.8317e+03 
26-08-18 06:21:02.980 - INFO: <epoch: 18, iter: 292,200, lr:1.250e-05> l_back_rec: 5.3808e+02 l_forw_fit: 5.4574e+02 l_mi: 1.0000e+00 l_h: 6.4945e+03 
26-08-18 06:21:50.188 - INFO: <epoch: 18, iter: 292,300, lr:1.250e-05> l_back_rec: 3.7654e+02 l_forw_fit: 2.7843e+02 l_mi: 1.0000e+00 l_h: 4.7344e+03 
26-08-18 06:22:37.663 - INFO: <epoch: 18, iter: 292,400, lr:1.250e-05> l_back_rec: 3.8500e+02 l_forw_fit: 3.3125e+02 l_mi: 1.0000e+00 l_h: 5.3824e+03 
26-08-18 06:23:24.731 - INFO: <epoch: 18, iter: 292,500, lr:1.250e-05> l_back_rec: 3.7956e+02 l_forw_fit: 3.2979e+02 l_mi: 1.0000e+00 l_h: 5.0387e+03 
26-08-18 06:24:12.307 - INFO: <epoch: 18, iter: 292,600, lr:1.250e-05> l_back_rec: 4.2127e+02 l_forw_fit: 4.4646e+02 l_mi: 1.0000e+00 l_h: 6.0154e+03 
26-08-18 06:24:59.655 - INFO: <epoch: 18, iter: 292,700, lr:1.250e-05> l_back_rec: 4.1630e+02 l_forw_fit: 4.6027e+02 l_mi: 1.0000e+00 l_h: 6.7474e+03 
26-08-18 06:25:46.793 - INFO: <epoch: 18, iter: 292,800, lr:1.250e-05> l_back_rec: 3.6590e+02 l_forw_fit: 2.9680e+02 l_mi: 1.0000e+00 l_h: 4.7889e+03 
26-08-18 06:26:33.955 - INFO: <epoch: 18, iter: 292,900, lr:1.250e-05> l_back_rec: 4.6532e+02 l_forw_fit: 3.0912e+02 l_mi: 1.0000e+00 l_h: 4.9789e+03 
26-08-18 06:27:21.185 - INFO: <epoch: 18, iter: 293,000, lr:1.250e-05> l_back_rec: 3.6886e+02 l_forw_fit: 2.7823e+02 l_mi: 1.0000e+00 l_h: 4.4461e+03 
26-08-18 06:27:58.104 - INFO: # Validation # PSNR_Cover: 5.1951e+01, PSNR_Secret: 4.8814e+01, PSNR_Stego: 4.5651e+01
26-08-18 06:28:45.578 - INFO: <epoch: 18, iter: 293,100, lr:1.250e-05> l_back_rec: 3.9185e+02 l_forw_fit: 4.2967e+02 l_mi: 1.0000e+00 l_h: 6.0666e+03 
26-08-18 06:29:33.078 - INFO: <epoch: 18, iter: 293,200, lr:1.250e-05> l_back_rec: 4.6872e+02 l_forw_fit: 6.0333e+02 l_mi: 1.0000e+00 l_h: 7.5813e+03 
26-08-18 06:30:20.406 - INFO: <epoch: 18, iter: 293,300, lr:1.250e-05> l_back_rec: 4.0236e+02 l_forw_fit: 3.4464e+02 l_mi: 1.0000e+00 l_h: 4.9567e+03 
26-08-18 06:31:08.004 - INFO: <epoch: 18, iter: 293,400, lr:1.250e-05> l_back_rec: 3.5922e+02 l_forw_fit: 2.5522e+02 l_mi: 1.0000e+00 l_h: 4.3756e+03 
26-08-18 06:31:55.296 - INFO: <epoch: 18, iter: 293,500, lr:1.250e-05> l_back_rec: 4.0415e+02 l_forw_fit: 6.3891e+02 l_mi: 1.0000e+00 l_h: 6.4084e+03 
26-08-18 06:32:42.896 - INFO: <epoch: 18, iter: 293,600, lr:1.250e-05> l_back_rec: 4.0780e+02 l_forw_fit: 3.4464e+02 l_mi: 1.0000e+00 l_h: 5.1941e+03 
26-08-18 06:33:30.150 - INFO: <epoch: 18, iter: 293,700, lr:1.250e-05> l_back_rec: 4.1055e+02 l_forw_fit: 4.6988e+02 l_mi: 1.0000e+00 l_h: 5.7891e+03 
26-08-18 06:34:17.510 - INFO: <epoch: 18, iter: 293,800, lr:1.250e-05> l_back_rec: 3.9977e+02 l_forw_fit: 3.3815e+02 l_mi: 1.0000e+00 l_h: 5.1264e+03 
26-08-18 06:35:04.670 - INFO: <epoch: 18, iter: 293,900, lr:1.250e-05> l_back_rec: 3.4864e+02 l_forw_fit: 2.6189e+02 l_mi: 1.0000e+00 l_h: 4.3501e+03 
26-08-18 06:35:51.642 - INFO: <epoch: 18, iter: 294,000, lr:1.250e-05> l_back_rec: 3.7883e+02 l_forw_fit: 3.5419e+02 l_mi: 1.0000e+00 l_h: 4.9608e+03 
26-08-18 06:36:28.829 - INFO: # Validation # PSNR_Cover: 5.1874e+01, PSNR_Secret: 4.8769e+01, PSNR_Stego: 4.5680e+01
26-08-18 06:37:16.475 - INFO: <epoch: 18, iter: 294,100, lr:1.250e-05> l_back_rec: 4.1762e+02 l_forw_fit: 3.4318e+02 l_mi: 1.0000e+00 l_h: 4.9299e+03 
26-08-18 06:38:03.726 - INFO: <epoch: 18, iter: 294,200, lr:1.250e-05> l_back_rec: 4.0091e+02 l_forw_fit: 3.1915e+02 l_mi: 1.0000e+00 l_h: 5.0927e+03 
26-08-18 06:38:50.873 - INFO: <epoch: 18, iter: 294,300, lr:1.250e-05> l_back_rec: 4.3604e+02 l_forw_fit: 4.6767e+02 l_mi: 1.0000e+00 l_h: 6.3882e+03 
26-08-18 06:39:38.165 - INFO: <epoch: 18, iter: 294,400, lr:1.250e-05> l_back_rec: 4.2563e+02 l_forw_fit: 5.2606e+02 l_mi: 1.0000e+00 l_h: 6.3343e+03 
26-08-18 06:40:25.309 - INFO: <epoch: 18, iter: 294,500, lr:1.250e-05> l_back_rec: 3.4224e+02 l_forw_fit: 2.4249e+02 l_mi: 1.0000e+00 l_h: 4.1613e+03 
26-08-18 06:41:12.697 - INFO: <epoch: 18, iter: 294,600, lr:1.250e-05> l_back_rec: 3.9081e+02 l_forw_fit: 3.3133e+02 l_mi: 1.0000e+00 l_h: 5.2440e+03 
26-08-18 06:41:59.899 - INFO: <epoch: 18, iter: 294,700, lr:1.250e-05> l_back_rec: 3.6902e+02 l_forw_fit: 3.1925e+02 l_mi: 1.0000e+00 l_h: 5.0775e+03 
26-08-18 06:42:47.175 - INFO: <epoch: 18, iter: 294,800, lr:1.250e-05> l_back_rec: 3.9380e+02 l_forw_fit: 3.4146e+02 l_mi: 1.0000e+00 l_h: 5.3419e+03 
26-08-18 06:43:34.473 - INFO: <epoch: 18, iter: 294,900, lr:1.250e-05> l_back_rec: 3.3248e+02 l_forw_fit: 1.9461e+02 l_mi: 1.0000e+00 l_h: 3.9843e+03 
26-08-18 06:44:21.629 - INFO: <epoch: 18, iter: 295,000, lr:1.250e-05> l_back_rec: 3.9101e+02 l_forw_fit: 3.5560e+02 l_mi: 1.0000e+00 l_h: 5.8920e+03 
26-08-18 06:44:58.389 - INFO: # Validation # PSNR_Cover: 5.1946e+01, PSNR_Secret: 4.8827e+01, PSNR_Stego: 4.5660e+01
26-08-18 06:44:58.390 - INFO: Saving models and training states.
26-08-18 06:45:46.432 - INFO: <epoch: 18, iter: 295,100, lr:1.250e-05> l_back_rec: 3.7338e+02 l_forw_fit: 3.0647e+02 l_mi: 1.0000e+00 l_h: 5.0822e+03 
26-08-18 06:46:33.778 - INFO: <epoch: 18, iter: 295,200, lr:1.250e-05> l_back_rec: 4.3459e+02 l_forw_fit: 4.3814e+02 l_mi: 1.0000e+00 l_h: 6.6062e+03 
26-08-18 06:47:20.770 - INFO: <epoch: 18, iter: 295,300, lr:1.250e-05> l_back_rec: 3.6881e+02 l_forw_fit: 2.8603e+02 l_mi: 1.0000e+00 l_h: 4.8055e+03 
26-08-18 06:48:08.107 - INFO: <epoch: 18, iter: 295,400, lr:1.250e-05> l_back_rec: 3.9847e+02 l_forw_fit: 4.3619e+02 l_mi: 1.0000e+00 l_h: 5.0248e+03 
26-08-18 06:48:55.235 - INFO: <epoch: 18, iter: 295,500, lr:1.250e-05> l_back_rec: 3.8321e+02 l_forw_fit: 2.0722e+02 l_mi: 1.0000e+00 l_h: 3.8354e+03 
26-08-18 06:49:42.625 - INFO: <epoch: 18, iter: 295,600, lr:1.250e-05> l_back_rec: 4.1043e+02 l_forw_fit: 3.8319e+02 l_mi: 1.0000e+00 l_h: 5.8124e+03 
26-08-18 06:50:29.721 - INFO: <epoch: 18, iter: 295,700, lr:1.250e-05> l_back_rec: 3.9150e+02 l_forw_fit: 4.7696e+02 l_mi: 1.0000e+00 l_h: 6.3694e+03 
26-08-18 06:51:16.944 - INFO: <epoch: 18, iter: 295,800, lr:1.250e-05> l_back_rec: 3.5510e+02 l_forw_fit: 2.4502e+02 l_mi: 1.0000e+00 l_h: 4.2713e+03 
26-08-18 06:52:04.411 - INFO: <epoch: 18, iter: 295,900, lr:1.250e-05> l_back_rec: 4.1268e+02 l_forw_fit: 3.7835e+02 l_mi: 1.0000e+00 l_h: 5.7777e+03 
26-08-18 06:52:51.538 - INFO: <epoch: 18, iter: 296,000, lr:1.250e-05> l_back_rec: 3.8094e+02 l_forw_fit: 2.9399e+02 l_mi: 1.0000e+00 l_h: 4.9517e+03 
26-08-18 06:53:28.371 - INFO: # Validation # PSNR_Cover: 5.1862e+01, PSNR_Secret: 4.8789e+01, PSNR_Stego: 4.5632e+01
26-08-18 06:54:15.768 - INFO: <epoch: 18, iter: 296,100, lr:1.250e-05> l_back_rec: 4.5542e+02 l_forw_fit: 5.0649e+02 l_mi: 1.0000e+00 l_h: 6.8518e+03 
26-08-18 06:55:03.464 - INFO: <epoch: 18, iter: 296,200, lr:1.250e-05> l_back_rec: 3.6546e+02 l_forw_fit: 2.5276e+02 l_mi: 1.0000e+00 l_h: 4.6397e+03 
26-08-18 06:55:50.724 - INFO: <epoch: 18, iter: 296,300, lr:1.250e-05> l_back_rec: 3.8265e+02 l_forw_fit: 3.5028e+02 l_mi: 1.0000e+00 l_h: 5.6397e+03 
26-08-18 06:56:38.067 - INFO: <epoch: 18, iter: 296,400, lr:1.250e-05> l_back_rec: 3.3640e+02 l_forw_fit: 1.9130e+02 l_mi: 1.0000e+00 l_h: 3.5600e+03 
26-08-18 06:57:25.143 - INFO: <epoch: 18, iter: 296,500, lr:1.250e-05> l_back_rec: 3.8765e+02 l_forw_fit: 3.7966e+02 l_mi: 1.0000e+00 l_h: 5.1521e+03 
26-08-18 06:58:12.605 - INFO: <epoch: 18, iter: 296,600, lr:1.250e-05> l_back_rec: 3.9938e+02 l_forw_fit: 3.9425e+02 l_mi: 1.0000e+00 l_h: 5.3839e+03 
26-08-18 06:58:59.870 - INFO: <epoch: 18, iter: 296,700, lr:1.250e-05> l_back_rec: 4.2640e+02 l_forw_fit: 4.8071e+02 l_mi: 1.0000e+00 l_h: 5.6575e+03 
26-08-18 06:59:47.135 - INFO: <epoch: 18, iter: 296,800, lr:1.250e-05> l_back_rec: 4.3977e+02 l_forw_fit: 3.2937e+02 l_mi: 1.0000e+00 l_h: 5.3437e+03 
26-08-18 07:00:34.366 - INFO: <epoch: 18, iter: 296,900, lr:1.250e-05> l_back_rec: 4.6271e+02 l_forw_fit: 7.0946e+02 l_mi: 1.0000e+00 l_h: 7.4222e+03 
26-08-18 07:01:21.559 - INFO: <epoch: 18, iter: 297,000, lr:1.250e-05> l_back_rec: 3.8259e+02 l_forw_fit: 4.7200e+02 l_mi: 1.0000e+00 l_h: 5.9075e+03 
26-08-18 07:01:58.336 - INFO: # Validation # PSNR_Cover: 5.1954e+01, PSNR_Secret: 4.8898e+01, PSNR_Stego: 4.5380e+01
26-08-18 07:02:45.971 - INFO: <epoch: 18, iter: 297,100, lr:1.250e-05> l_back_rec: 5.6938e+02 l_forw_fit: 9.4939e+02 l_mi: 1.0000e+00 l_h: 1.0268e+04 
26-08-18 07:03:33.263 - INFO: <epoch: 18, iter: 297,200, lr:1.250e-05> l_back_rec: 3.4054e+02 l_forw_fit: 2.8909e+02 l_mi: 1.0000e+00 l_h: 4.7950e+03 
26-08-18 07:04:20.523 - INFO: <epoch: 18, iter: 297,300, lr:1.250e-05> l_back_rec: 4.1417e+02 l_forw_fit: 3.9012e+02 l_mi: 1.0000e+00 l_h: 5.3546e+03 
26-08-18 07:05:07.971 - INFO: <epoch: 18, iter: 297,400, lr:1.250e-05> l_back_rec: 4.5817e+02 l_forw_fit: 5.0843e+02 l_mi: 1.0000e+00 l_h: 6.2920e+03 
26-08-18 07:05:55.319 - INFO: <epoch: 18, iter: 297,500, lr:1.250e-05> l_back_rec: 4.1522e+02 l_forw_fit: 4.8869e+02 l_mi: 1.0000e+00 l_h: 6.6699e+03 
26-08-18 07:06:42.723 - INFO: <epoch: 18, iter: 297,600, lr:1.250e-05> l_back_rec: 4.2094e+02 l_forw_fit: 3.4734e+02 l_mi: 1.0000e+00 l_h: 5.1645e+03 
26-08-18 07:07:29.943 - INFO: <epoch: 18, iter: 297,700, lr:1.250e-05> l_back_rec: 4.4594e+02 l_forw_fit: 5.4516e+02 l_mi: 1.0000e+00 l_h: 6.6115e+03 
26-08-18 07:08:17.287 - INFO: <epoch: 18, iter: 297,800, lr:1.250e-05> l_back_rec: 3.9868e+02 l_forw_fit: 3.4267e+02 l_mi: 1.0000e+00 l_h: 5.0700e+03 
26-08-18 07:09:04.529 - INFO: <epoch: 18, iter: 297,900, lr:1.250e-05> l_back_rec: 4.2209e+02 l_forw_fit: 5.1290e+02 l_mi: 1.0000e+00 l_h: 6.3429e+03 
26-08-18 07:09:51.905 - INFO: <epoch: 18, iter: 298,000, lr:1.250e-05> l_back_rec: 4.2320e+02 l_forw_fit: 5.8430e+02 l_mi: 1.0000e+00 l_h: 6.9473e+03 
26-08-18 07:10:28.832 - INFO: # Validation # PSNR_Cover: 5.2026e+01, PSNR_Secret: 4.8840e+01, PSNR_Stego: 4.5673e+01
26-08-18 07:11:16.197 - INFO: <epoch: 18, iter: 298,100, lr:1.250e-05> l_back_rec: 4.4084e+02 l_forw_fit: 4.2635e+02 l_mi: 1.0000e+00 l_h: 5.5918e+03 
26-08-18 07:12:03.565 - INFO: <epoch: 18, iter: 298,200, lr:1.250e-05> l_back_rec: 3.9439e+02 l_forw_fit: 3.4637e+02 l_mi: 1.0000e+00 l_h: 5.4233e+03 
26-08-18 07:12:50.823 - INFO: <epoch: 18, iter: 298,300, lr:1.250e-05> l_back_rec: 3.5615e+02 l_forw_fit: 3.3867e+02 l_mi: 1.0000e+00 l_h: 5.5096e+03 
26-08-18 07:13:37.885 - INFO: <epoch: 18, iter: 298,400, lr:1.250e-05> l_back_rec: 4.2167e+02 l_forw_fit: 3.9643e+02 l_mi: 1.0000e+00 l_h: 5.5969e+03 
26-08-18 07:14:24.936 - INFO: <epoch: 18, iter: 298,500, lr:1.250e-05> l_back_rec: 4.5232e+02 l_forw_fit: 3.6353e+02 l_mi: 1.0000e+00 l_h: 5.1984e+03 
26-08-18 07:15:12.377 - INFO: <epoch: 18, iter: 298,600, lr:1.250e-05> l_back_rec: 3.7280e+02 l_forw_fit: 3.0983e+02 l_mi: 1.0000e+00 l_h: 5.3753e+03 
26-08-18 07:15:59.462 - INFO: <epoch: 18, iter: 298,700, lr:1.250e-05> l_back_rec: 4.1285e+02 l_forw_fit: 4.1322e+02 l_mi: 1.0000e+00 l_h: 5.3214e+03 
26-08-18 07:16:46.754 - INFO: <epoch: 18, iter: 298,800, lr:1.250e-05> l_back_rec: 3.7176e+02 l_forw_fit: 3.6432e+02 l_mi: 1.0000e+00 l_h: 5.4387e+03 
26-08-18 07:17:34.026 - INFO: <epoch: 18, iter: 298,900, lr:1.250e-05> l_back_rec: 4.8506e+02 l_forw_fit: 5.7251e+02 l_mi: 1.0000e+00 l_h: 5.9251e+03 
26-08-18 07:18:21.535 - INFO: <epoch: 18, iter: 299,000, lr:1.250e-05> l_back_rec: 4.0353e+02 l_forw_fit: 3.8245e+02 l_mi: 1.0000e+00 l_h: 5.5467e+03 
26-08-18 07:18:58.356 - INFO: # Validation # PSNR_Cover: 5.1955e+01, PSNR_Secret: 4.8808e+01, PSNR_Stego: 4.5755e+01
26-08-18 07:19:45.586 - INFO: <epoch: 18, iter: 299,100, lr:1.250e-05> l_back_rec: 4.2706e+02 l_forw_fit: 4.7435e+02 l_mi: 1.0000e+00 l_h: 6.3966e+03 
26-08-18 07:20:32.787 - INFO: <epoch: 18, iter: 299,200, lr:1.250e-05> l_back_rec: 3.8607e+02 l_forw_fit: 3.4831e+02 l_mi: 1.0000e+00 l_h: 5.3202e+03 
26-08-18 07:21:20.331 - INFO: <epoch: 18, iter: 299,300, lr:1.250e-05> l_back_rec: 3.8448e+02 l_forw_fit: 3.1397e+02 l_mi: 1.0000e+00 l_h: 4.6331e+03 
26-08-18 07:22:07.544 - INFO: <epoch: 18, iter: 299,400, lr:1.250e-05> l_back_rec: 4.3210e+02 l_forw_fit: 3.9075e+02 l_mi: 1.0000e+00 l_h: 5.8454e+03 
26-08-18 07:22:54.744 - INFO: <epoch: 18, iter: 299,500, lr:1.250e-05> l_back_rec: 3.4019e+02 l_forw_fit: 2.0952e+02 l_mi: 1.0000e+00 l_h: 3.9540e+03 
26-08-18 07:23:42.266 - INFO: <epoch: 18, iter: 299,600, lr:1.250e-05> l_back_rec: 3.6487e+02 l_forw_fit: 3.4545e+02 l_mi: 1.0000e+00 l_h: 5.3035e+03 
26-08-18 07:24:29.686 - INFO: <epoch: 18, iter: 299,700, lr:1.250e-05> l_back_rec: 4.1644e+02 l_forw_fit: 3.6237e+02 l_mi: 1.0000e+00 l_h: 5.6698e+03 
26-08-18 07:25:17.046 - INFO: <epoch: 18, iter: 299,800, lr:1.250e-05> l_back_rec: 3.6765e+02 l_forw_fit: 2.1740e+02 l_mi: 1.0000e+00 l_h: 4.0248e+03 
26-08-18 07:26:04.115 - INFO: <epoch: 18, iter: 299,900, lr:1.250e-05> l_back_rec: 4.7815e+02 l_forw_fit: 4.5200e+02 l_mi: 1.0000e+00 l_h: 5.9553e+03 
26-08-18 07:26:51.380 - INFO: <epoch: 18, iter: 300,000, lr:6.250e-06> l_back_rec: 4.3108e+02 l_forw_fit: 3.6479e+02 l_mi: 1.0000e+00 l_h: 5.3996e+03 
26-08-18 07:27:28.146 - INFO: # Validation # PSNR_Cover: 5.1937e+01, PSNR_Secret: 4.8864e+01, PSNR_Stego: 4.5663e+01
26-08-18 07:27:28.146 - INFO: Saving models and training states.
26-08-18 07:28:16.315 - INFO: <epoch: 18, iter: 300,100, lr:6.250e-06> l_back_rec: 4.0830e+02 l_forw_fit: 5.0462e+02 l_mi: 1.0000e+00 l_h: 6.4416e+03 
26-08-18 07:29:03.791 - INFO: <epoch: 18, iter: 300,200, lr:6.250e-06> l_back_rec: 4.4914e+02 l_forw_fit: 7.3522e+02 l_mi: 1.0000e+00 l_h: 7.7489e+03 
26-08-18 07:29:51.160 - INFO: <epoch: 18, iter: 300,300, lr:6.250e-06> l_back_rec: 4.1476e+02 l_forw_fit: 3.6199e+02 l_mi: 1.0000e+00 l_h: 5.7260e+03 
26-08-18 07:30:38.597 - INFO: <epoch: 18, iter: 300,400, lr:6.250e-06> l_back_rec: 3.8665e+02 l_forw_fit: 3.7840e+02 l_mi: 1.0000e+00 l_h: 5.8473e+03 
26-08-18 07:31:25.804 - INFO: <epoch: 18, iter: 300,500, lr:6.250e-06> l_back_rec: 3.7659e+02 l_forw_fit: 3.5131e+02 l_mi: 1.0000e+00 l_h: 5.3229e+03 
26-08-18 07:32:13.486 - INFO: <epoch: 18, iter: 300,600, lr:6.250e-06> l_back_rec: 3.7896e+02 l_forw_fit: 3.0496e+02 l_mi: 1.0000e+00 l_h: 4.5676e+03 
26-08-18 07:33:01.058 - INFO: <epoch: 18, iter: 300,700, lr:6.250e-06> l_back_rec: 3.9918e+02 l_forw_fit: 4.7129e+02 l_mi: 1.0000e+00 l_h: 5.2896e+03 
26-08-18 07:33:48.539 - INFO: <epoch: 18, iter: 300,800, lr:6.250e-06> l_back_rec: 4.1351e+02 l_forw_fit: 3.8450e+02 l_mi: 1.0000e+00 l_h: 5.7362e+03 
26-08-18 07:34:35.992 - INFO: <epoch: 18, iter: 300,900, lr:6.250e-06> l_back_rec: 4.0065e+02 l_forw_fit: 3.6050e+02 l_mi: 1.0000e+00 l_h: 5.5488e+03 
26-08-18 07:35:23.434 - INFO: <epoch: 18, iter: 301,000, lr:6.250e-06> l_back_rec: 3.9877e+02 l_forw_fit: 3.5535e+02 l_mi: 1.0000e+00 l_h: 5.2875e+03 
26-08-18 07:36:00.130 - INFO: # Validation # PSNR_Cover: 5.2055e+01, PSNR_Secret: 4.8847e+01, PSNR_Stego: 4.5763e+01
26-08-18 07:36:48.210 - INFO: <epoch: 18, iter: 301,100, lr:6.250e-06> l_back_rec: 4.7376e+02 l_forw_fit: 4.1088e+02 l_mi: 1.0000e+00 l_h: 5.9993e+03 
26-08-18 07:37:36.108 - INFO: <epoch: 18, iter: 301,200, lr:6.250e-06> l_back_rec: 4.2118e+02 l_forw_fit: 5.3236e+02 l_mi: 1.0000e+00 l_h: 6.0602e+03 
26-08-18 07:38:23.525 - INFO: <epoch: 18, iter: 301,300, lr:6.250e-06> l_back_rec: 3.4748e+02 l_forw_fit: 2.5051e+02 l_mi: 1.0000e+00 l_h: 4.3831e+03 
26-08-18 07:39:10.859 - INFO: <epoch: 18, iter: 301,400, lr:6.250e-06> l_back_rec: 3.5587e+02 l_forw_fit: 2.9243e+02 l_mi: 1.0000e+00 l_h: 4.7812e+03 
26-08-18 07:39:57.979 - INFO: <epoch: 18, iter: 301,500, lr:6.250e-06> l_back_rec: 3.9553e+02 l_forw_fit: 3.6442e+02 l_mi: 1.0000e+00 l_h: 5.2003e+03 
26-08-18 07:40:45.517 - INFO: <epoch: 18, iter: 301,600, lr:6.250e-06> l_back_rec: 4.5472e+02 l_forw_fit: 4.9963e+02 l_mi: 1.0000e+00 l_h: 6.8067e+03 
26-08-18 07:41:32.891 - INFO: <epoch: 18, iter: 301,700, lr:6.250e-06> l_back_rec: 3.7844e+02 l_forw_fit: 3.0539e+02 l_mi: 1.0000e+00 l_h: 4.9887e+03 
26-08-18 07:42:20.252 - INFO: <epoch: 18, iter: 301,800, lr:6.250e-06> l_back_rec: 4.4135e+02 l_forw_fit: 4.1910e+02 l_mi: 1.0000e+00 l_h: 6.3341e+03 
26-08-18 07:43:07.731 - INFO: <epoch: 18, iter: 301,900, lr:6.250e-06> l_back_rec: 3.7083e+02 l_forw_fit: 2.3453e+02 l_mi: 1.0000e+00 l_h: 4.4218e+03 
26-08-18 07:43:54.952 - INFO: <epoch: 18, iter: 302,000, lr:6.250e-06> l_back_rec: 4.0972e+02 l_forw_fit: 3.9169e+02 l_mi: 1.0000e+00 l_h: 5.8024e+03 
26-08-18 07:44:31.628 - INFO: # Validation # PSNR_Cover: 5.2064e+01, PSNR_Secret: 4.8955e+01, PSNR_Stego: 4.5720e+01
26-08-18 07:45:19.165 - INFO: <epoch: 18, iter: 302,100, lr:6.250e-06> l_back_rec: 3.9786e+02 l_forw_fit: 4.0670e+02 l_mi: 1.0000e+00 l_h: 6.0348e+03 
26-08-18 07:46:06.486 - INFO: <epoch: 18, iter: 302,200, lr:6.250e-06> l_back_rec: 3.4702e+02 l_forw_fit: 3.2744e+02 l_mi: 1.0000e+00 l_h: 5.0672e+03 
26-08-18 07:46:53.799 - INFO: <epoch: 18, iter: 302,300, lr:6.250e-06> l_back_rec: 3.8732e+02 l_forw_fit: 3.5005e+02 l_mi: 1.0000e+00 l_h: 5.2542e+03 
26-08-18 07:47:41.203 - INFO: <epoch: 18, iter: 302,400, lr:6.250e-06> l_back_rec: 3.5628e+02 l_forw_fit: 4.1103e+02 l_mi: 1.0000e+00 l_h: 5.1146e+03 
26-08-18 07:48:28.293 - INFO: <epoch: 18, iter: 302,500, lr:6.250e-06> l_back_rec: 4.2077e+02 l_forw_fit: 4.3146e+02 l_mi: 1.0000e+00 l_h: 6.1675e+03 
26-08-18 07:49:15.508 - INFO: <epoch: 18, iter: 302,600, lr:6.250e-06> l_back_rec: 4.1232e+02 l_forw_fit: 4.4719e+02 l_mi: 1.0000e+00 l_h: 5.8516e+03 
26-08-18 07:50:03.144 - INFO: <epoch: 18, iter: 302,700, lr:6.250e-06> l_back_rec: 4.6064e+02 l_forw_fit: 6.5947e+02 l_mi: 1.0000e+00 l_h: 7.0582e+03 
26-08-18 07:50:50.616 - INFO: <epoch: 18, iter: 302,800, lr:6.250e-06> l_back_rec: 3.7221e+02 l_forw_fit: 2.7114e+02 l_mi: 1.0000e+00 l_h: 4.7465e+03 
26-08-18 07:51:38.392 - INFO: <epoch: 18, iter: 302,900, lr:6.250e-06> l_back_rec: 3.6344e+02 l_forw_fit: 2.3343e+02 l_mi: 1.0000e+00 l_h: 4.1611e+03 
26-08-18 07:52:26.139 - INFO: <epoch: 18, iter: 303,000, lr:6.250e-06> l_back_rec: 3.7420e+02 l_forw_fit: 2.4512e+02 l_mi: 1.0000e+00 l_h: 4.1682e+03 
26-08-18 07:53:03.008 - INFO: # Validation # PSNR_Cover: 5.2071e+01, PSNR_Secret: 4.9003e+01, PSNR_Stego: 4.5699e+01
26-08-18 07:53:50.387 - INFO: <epoch: 18, iter: 303,100, lr:6.250e-06> l_back_rec: 3.9893e+02 l_forw_fit: 3.6532e+02 l_mi: 1.0000e+00 l_h: 5.2019e+03 
26-08-18 07:54:38.149 - INFO: <epoch: 18, iter: 303,200, lr:6.250e-06> l_back_rec: 3.6089e+02 l_forw_fit: 2.2672e+02 l_mi: 1.0000e+00 l_h: 4.3251e+03 
26-08-18 07:55:25.407 - INFO: <epoch: 18, iter: 303,300, lr:6.250e-06> l_back_rec: 3.7018e+02 l_forw_fit: 2.8283e+02 l_mi: 1.0000e+00 l_h: 4.6216e+03 
26-08-18 07:56:13.023 - INFO: <epoch: 18, iter: 303,400, lr:6.250e-06> l_back_rec: 3.6854e+02 l_forw_fit: 3.2138e+02 l_mi: 1.0000e+00 l_h: 5.4468e+03 
26-08-18 07:57:00.547 - INFO: <epoch: 18, iter: 303,500, lr:6.250e-06> l_back_rec: 4.3468e+02 l_forw_fit: 3.6213e+02 l_mi: 1.0000e+00 l_h: 5.6854e+03 
26-08-18 07:57:48.277 - INFO: <epoch: 18, iter: 303,600, lr:6.250e-06> l_back_rec: 3.7160e+02 l_forw_fit: 3.1232e+02 l_mi: 1.0000e+00 l_h: 5.0043e+03 
26-08-18 07:58:35.698 - INFO: <epoch: 18, iter: 303,700, lr:6.250e-06> l_back_rec: 4.3101e+02 l_forw_fit: 4.5365e+02 l_mi: 1.0000e+00 l_h: 6.4566e+03 
26-08-18 07:59:23.219 - INFO: <epoch: 18, iter: 303,800, lr:6.250e-06> l_back_rec: 4.5454e+02 l_forw_fit: 3.3679e+02 l_mi: 1.0000e+00 l_h: 4.9591e+03 
26-08-18 08:00:10.924 - INFO: <epoch: 18, iter: 303,900, lr:6.250e-06> l_back_rec: 3.9259e+02 l_forw_fit: 4.4963e+02 l_mi: 1.0000e+00 l_h: 6.0589e+03 
26-08-18 08:00:58.469 - INFO: <epoch: 18, iter: 304,000, lr:6.250e-06> l_back_rec: 3.8533e+02 l_forw_fit: 3.3901e+02 l_mi: 1.0000e+00 l_h: 5.2803e+03 
26-08-18 08:01:35.364 - INFO: # Validation # PSNR_Cover: 5.2101e+01, PSNR_Secret: 4.8973e+01, PSNR_Stego: 4.5755e+01
26-08-18 08:02:22.946 - INFO: <epoch: 18, iter: 304,100, lr:6.250e-06> l_back_rec: 3.4278e+02 l_forw_fit: 3.1929e+02 l_mi: 1.0000e+00 l_h: 4.4376e+03 
26-08-18 08:03:10.793 - INFO: <epoch: 18, iter: 304,200, lr:6.250e-06> l_back_rec: 4.1063e+02 l_forw_fit: 4.5367e+02 l_mi: 1.0000e+00 l_h: 6.8943e+03 
26-08-18 08:03:58.134 - INFO: <epoch: 18, iter: 304,300, lr:6.250e-06> l_back_rec: 3.5305e+02 l_forw_fit: 2.9533e+02 l_mi: 1.0000e+00 l_h: 4.5286e+03 
26-08-18 08:04:45.892 - INFO: <epoch: 18, iter: 304,400, lr:6.250e-06> l_back_rec: 3.9170e+02 l_forw_fit: 3.8779e+02 l_mi: 1.0000e+00 l_h: 5.7630e+03 
26-08-18 08:05:33.379 - INFO: <epoch: 18, iter: 304,500, lr:6.250e-06> l_back_rec: 3.9700e+02 l_forw_fit: 4.5893e+02 l_mi: 1.0000e+00 l_h: 6.1910e+03 
26-08-18 08:06:20.948 - INFO: <epoch: 18, iter: 304,600, lr:6.250e-06> l_back_rec: 4.7478e+02 l_forw_fit: 5.6224e+02 l_mi: 1.0000e+00 l_h: 7.1678e+03 
26-08-18 08:07:08.575 - INFO: <epoch: 18, iter: 304,700, lr:6.250e-06> l_back_rec: 4.3913e+02 l_forw_fit: 4.3161e+02 l_mi: 1.0000e+00 l_h: 5.4614e+03 
26-08-18 08:07:55.880 - INFO: <epoch: 18, iter: 304,800, lr:6.250e-06> l_back_rec: 4.6269e+02 l_forw_fit: 4.4225e+02 l_mi: 1.0000e+00 l_h: 6.0086e+03 
26-08-18 08:08:43.433 - INFO: <epoch: 18, iter: 304,900, lr:6.250e-06> l_back_rec: 3.5958e+02 l_forw_fit: 4.3819e+02 l_mi: 1.0000e+00 l_h: 4.6611e+03 
26-08-18 08:09:30.919 - INFO: <epoch: 18, iter: 305,000, lr:6.250e-06> l_back_rec: 4.2656e+02 l_forw_fit: 3.4564e+02 l_mi: 1.0000e+00 l_h: 5.3518e+03 
26-08-18 08:10:07.826 - INFO: # Validation # PSNR_Cover: 5.2111e+01, PSNR_Secret: 4.8969e+01, PSNR_Stego: 4.5761e+01
26-08-18 08:10:07.827 - INFO: Saving models and training states.
26-08-18 08:10:56.017 - INFO: <epoch: 18, iter: 305,100, lr:6.250e-06> l_back_rec: 3.8503e+02 l_forw_fit: 3.3210e+02 l_mi: 1.0000e+00 l_h: 5.3193e+03 
26-08-18 08:11:44.035 - INFO: <epoch: 18, iter: 305,200, lr:6.250e-06> l_back_rec: 4.0467e+02 l_forw_fit: 4.0024e+02 l_mi: 1.0000e+00 l_h: 6.2355e+03 
26-08-18 08:12:31.579 - INFO: <epoch: 18, iter: 305,300, lr:6.250e-06> l_back_rec: 4.4975e+02 l_forw_fit: 4.1425e+02 l_mi: 1.0000e+00 l_h: 5.8197e+03 
26-08-18 08:13:19.255 - INFO: <epoch: 18, iter: 305,400, lr:6.250e-06> l_back_rec: 4.6330e+02 l_forw_fit: 5.7312e+02 l_mi: 1.0000e+00 l_h: 6.4531e+03 
26-08-18 08:14:06.980 - INFO: <epoch: 18, iter: 305,500, lr:6.250e-06> l_back_rec: 5.1643e+02 l_forw_fit: 5.3499e+02 l_mi: 1.0000e+00 l_h: 6.8791e+03 
26-08-18 08:14:54.488 - INFO: <epoch: 18, iter: 305,600, lr:6.250e-06> l_back_rec: 4.3639e+02 l_forw_fit: 6.1461e+02 l_mi: 1.0000e+00 l_h: 6.7265e+03 
26-08-18 08:15:42.120 - INFO: <epoch: 18, iter: 305,700, lr:6.250e-06> l_back_rec: 4.3025e+02 l_forw_fit: 5.4019e+02 l_mi: 1.0000e+00 l_h: 6.6033e+03 
26-08-18 08:16:29.700 - INFO: <epoch: 18, iter: 305,800, lr:6.250e-06> l_back_rec: 4.0660e+02 l_forw_fit: 3.4725e+02 l_mi: 1.0000e+00 l_h: 5.1090e+03 
26-08-18 08:17:17.360 - INFO: <epoch: 18, iter: 305,900, lr:6.250e-06> l_back_rec: 3.5898e+02 l_forw_fit: 2.9357e+02 l_mi: 1.0000e+00 l_h: 5.0429e+03 
26-08-18 08:18:04.992 - INFO: <epoch: 18, iter: 306,000, lr:6.250e-06> l_back_rec: 3.4927e+02 l_forw_fit: 3.0728e+02 l_mi: 1.0000e+00 l_h: 4.7329e+03 
26-08-18 08:18:41.911 - INFO: # Validation # PSNR_Cover: 5.2106e+01, PSNR_Secret: 4.8990e+01, PSNR_Stego: 4.5741e+01
26-08-18 08:19:29.448 - INFO: <epoch: 18, iter: 306,100, lr:6.250e-06> l_back_rec: 3.6829e+02 l_forw_fit: 3.7595e+02 l_mi: 1.0000e+00 l_h: 5.5364e+03 
26-08-18 08:20:16.936 - INFO: <epoch: 18, iter: 306,200, lr:6.250e-06> l_back_rec: 3.6312e+02 l_forw_fit: 2.4313e+02 l_mi: 1.0000e+00 l_h: 4.4034e+03 
26-08-18 08:21:04.440 - INFO: <epoch: 18, iter: 306,300, lr:6.250e-06> l_back_rec: 3.8173e+02 l_forw_fit: 3.6849e+02 l_mi: 1.0000e+00 l_h: 5.7252e+03 
26-08-18 08:21:51.958 - INFO: <epoch: 18, iter: 306,400, lr:6.250e-06> l_back_rec: 3.9560e+02 l_forw_fit: 3.6216e+02 l_mi: 1.0000e+00 l_h: 5.7093e+03 
26-08-18 08:22:39.534 - INFO: <epoch: 18, iter: 306,500, lr:6.250e-06> l_back_rec: 4.2530e+02 l_forw_fit: 8.0846e+02 l_mi: 1.0000e+00 l_h: 6.4593e+03 
26-08-18 08:23:26.468 - INFO: <epoch: 18, iter: 306,600, lr:6.250e-06> l_back_rec: 4.4237e+02 l_forw_fit: 6.0632e+02 l_mi: 1.0000e+00 l_h: 6.4849e+03 
26-08-18 08:24:14.287 - INFO: <epoch: 18, iter: 306,700, lr:6.250e-06> l_back_rec: 4.3918e+02 l_forw_fit: 3.9387e+02 l_mi: 1.0000e+00 l_h: 5.9001e+03 
26-08-18 08:25:01.657 - INFO: <epoch: 18, iter: 306,800, lr:6.250e-06> l_back_rec: 3.4747e+02 l_forw_fit: 2.1934e+02 l_mi: 1.0000e+00 l_h: 4.0939e+03 
26-08-18 08:25:47.269 - INFO: <epoch: 18, iter: 306,900, lr:6.250e-06> l_back_rec: 3.8077e+02 l_forw_fit: 3.0565e+02 l_mi: 1.0000e+00 l_h: 4.9665e+03 
26-08-18 08:27:45.849 - INFO: <epoch: 19, iter: 307,000, lr:6.250e-06> l_back_rec: 4.4944e+02 l_forw_fit: 5.0315e+02 l_mi: 1.0000e+00 l_h: 6.2774e+03 
26-08-18 08:28:23.136 - INFO: # Validation # PSNR_Cover: 5.2067e+01, PSNR_Secret: 4.8956e+01, PSNR_Stego: 4.5739e+01
26-08-18 08:29:10.460 - INFO: <epoch: 19, iter: 307,100, lr:6.250e-06> l_back_rec: 3.8095e+02 l_forw_fit: 2.6407e+02 l_mi: 1.0000e+00 l_h: 4.6170e+03 
26-08-18 08:29:57.557 - INFO: <epoch: 19, iter: 307,200, lr:6.250e-06> l_back_rec: 4.2779e+02 l_forw_fit: 4.6042e+02 l_mi: 1.0000e+00 l_h: 6.6524e+03 
26-08-18 08:30:44.957 - INFO: <epoch: 19, iter: 307,300, lr:6.250e-06> l_back_rec: 3.3542e+02 l_forw_fit: 3.0806e+02 l_mi: 1.0000e+00 l_h: 4.5016e+03 
26-08-18 08:31:32.414 - INFO: <epoch: 19, iter: 307,400, lr:6.250e-06> l_back_rec: 3.5227e+02 l_forw_fit: 3.2931e+02 l_mi: 1.0000e+00 l_h: 5.0741e+03 
26-08-18 08:32:19.652 - INFO: <epoch: 19, iter: 307,500, lr:6.250e-06> l_back_rec: 4.2968e+02 l_forw_fit: 4.8592e+02 l_mi: 1.0000e+00 l_h: 6.1627e+03 
26-08-18 08:33:07.180 - INFO: <epoch: 19, iter: 307,600, lr:6.250e-06> l_back_rec: 4.4667e+02 l_forw_fit: 3.1459e+02 l_mi: 1.0000e+00 l_h: 5.2131e+03 
26-08-18 08:33:54.132 - INFO: <epoch: 19, iter: 307,700, lr:6.250e-06> l_back_rec: 4.7348e+02 l_forw_fit: 5.6448e+02 l_mi: 1.0000e+00 l_h: 7.2321e+03 
26-08-18 08:34:41.436 - INFO: <epoch: 19, iter: 307,800, lr:6.250e-06> l_back_rec: 4.0229e+02 l_forw_fit: 5.1905e+02 l_mi: 1.0000e+00 l_h: 6.4820e+03 
26-08-18 08:35:28.704 - INFO: <epoch: 19, iter: 307,900, lr:6.250e-06> l_back_rec: 3.8227e+02 l_forw_fit: 2.9517e+02 l_mi: 1.0000e+00 l_h: 4.7089e+03 
26-08-18 08:36:16.294 - INFO: <epoch: 19, iter: 308,000, lr:6.250e-06> l_back_rec: 3.6688e+02 l_forw_fit: 3.0234e+02 l_mi: 1.0000e+00 l_h: 4.7567e+03 
26-08-18 08:36:53.299 - INFO: # Validation # PSNR_Cover: 5.2100e+01, PSNR_Secret: 4.9032e+01, PSNR_Stego: 4.5656e+01
26-08-18 08:37:40.819 - INFO: <epoch: 19, iter: 308,100, lr:6.250e-06> l_back_rec: 4.7867e+02 l_forw_fit: 1.0488e+03 l_mi: 1.0000e+00 l_h: 1.0211e+04 
26-08-18 08:38:28.016 - INFO: <epoch: 19, iter: 308,200, lr:6.250e-06> l_back_rec: 4.0345e+02 l_forw_fit: 3.4616e+02 l_mi: 1.0000e+00 l_h: 5.5196e+03 
26-08-18 08:39:15.461 - INFO: <epoch: 19, iter: 308,300, lr:6.250e-06> l_back_rec: 3.4280e+02 l_forw_fit: 2.3452e+02 l_mi: 1.0000e+00 l_h: 4.3313e+03 
26-08-18 08:40:02.525 - INFO: <epoch: 19, iter: 308,400, lr:6.250e-06> l_back_rec: 3.6430e+02 l_forw_fit: 2.8942e+02 l_mi: 1.0000e+00 l_h: 4.7345e+03 
26-08-18 08:40:49.792 - INFO: <epoch: 19, iter: 308,500, lr:6.250e-06> l_back_rec: 4.1436e+02 l_forw_fit: 3.8333e+02 l_mi: 1.0000e+00 l_h: 5.1945e+03 
26-08-18 08:41:37.105 - INFO: <epoch: 19, iter: 308,600, lr:6.250e-06> l_back_rec: 3.4252e+02 l_forw_fit: 2.2035e+02 l_mi: 1.0000e+00 l_h: 4.2306e+03 
26-08-18 08:42:24.310 - INFO: <epoch: 19, iter: 308,700, lr:6.250e-06> l_back_rec: 4.8370e+02 l_forw_fit: 5.5247e+02 l_mi: 1.0000e+00 l_h: 7.0443e+03 
26-08-18 08:43:11.848 - INFO: <epoch: 19, iter: 308,800, lr:6.250e-06> l_back_rec: 3.3526e+02 l_forw_fit: 2.3338e+02 l_mi: 1.0000e+00 l_h: 4.2546e+03 
26-08-18 08:43:58.972 - INFO: <epoch: 19, iter: 308,900, lr:6.250e-06> l_back_rec: 3.5881e+02 l_forw_fit: 2.4254e+02 l_mi: 1.0000e+00 l_h: 4.3743e+03 
26-08-18 08:44:46.385 - INFO: <epoch: 19, iter: 309,000, lr:6.250e-06> l_back_rec: 4.4837e+02 l_forw_fit: 6.2573e+02 l_mi: 1.0000e+00 l_h: 8.1975e+03 
26-08-18 08:45:23.087 - INFO: # Validation # PSNR_Cover: 5.2081e+01, PSNR_Secret: 4.8847e+01, PSNR_Stego: 4.5700e+01
26-08-18 08:46:10.373 - INFO: <epoch: 19, iter: 309,100, lr:6.250e-06> l_back_rec: 3.8249e+02 l_forw_fit: 2.8290e+02 l_mi: 1.0000e+00 l_h: 4.1609e+03 
26-08-18 08:46:57.457 - INFO: <epoch: 19, iter: 309,200, lr:6.250e-06> l_back_rec: 4.0749e+02 l_forw_fit: 3.0362e+02 l_mi: 1.0000e+00 l_h: 4.8665e+03 
26-08-18 08:47:44.763 - INFO: <epoch: 19, iter: 309,300, lr:6.250e-06> l_back_rec: 3.4939e+02 l_forw_fit: 2.6229e+02 l_mi: 1.0000e+00 l_h: 4.6256e+03 
26-08-18 08:48:31.943 - INFO: <epoch: 19, iter: 309,400, lr:6.250e-06> l_back_rec: 4.3144e+02 l_forw_fit: 3.4048e+02 l_mi: 1.0000e+00 l_h: 5.2366e+03 
26-08-18 08:49:19.337 - INFO: <epoch: 19, iter: 309,500, lr:6.250e-06> l_back_rec: 4.2671e+02 l_forw_fit: 4.2280e+02 l_mi: 1.0000e+00 l_h: 6.6646e+03 
26-08-18 08:50:06.570 - INFO: <epoch: 19, iter: 309,600, lr:6.250e-06> l_back_rec: 3.4486e+02 l_forw_fit: 2.7919e+02 l_mi: 1.0000e+00 l_h: 4.7177e+03 
26-08-18 08:50:53.702 - INFO: <epoch: 19, iter: 309,700, lr:6.250e-06> l_back_rec: 4.2147e+02 l_forw_fit: 4.5362e+02 l_mi: 1.0000e+00 l_h: 6.6628e+03 
26-08-18 08:51:41.307 - INFO: <epoch: 19, iter: 309,800, lr:6.250e-06> l_back_rec: 3.8785e+02 l_forw_fit: 3.0757e+02 l_mi: 1.0000e+00 l_h: 5.6716e+03 
26-08-18 08:52:28.428 - INFO: <epoch: 19, iter: 309,900, lr:6.250e-06> l_back_rec: 3.7726e+02 l_forw_fit: 2.5484e+02 l_mi: 1.0000e+00 l_h: 4.5929e+03 
26-08-18 08:53:15.749 - INFO: <epoch: 19, iter: 310,000, lr:6.250e-06> l_back_rec: 3.8538e+02 l_forw_fit: 3.4156e+02 l_mi: 1.0000e+00 l_h: 4.5825e+03 
26-08-18 08:53:52.426 - INFO: # Validation # PSNR_Cover: 5.2052e+01, PSNR_Secret: 4.8504e+01, PSNR_Stego: 4.5750e+01
26-08-18 08:53:52.426 - INFO: Saving models and training states.
26-08-18 08:54:40.297 - INFO: <epoch: 19, iter: 310,100, lr:6.250e-06> l_back_rec: 4.0584e+02 l_forw_fit: 5.0817e+02 l_mi: 1.0000e+00 l_h: 6.8697e+03 
26-08-18 08:55:27.456 - INFO: <epoch: 19, iter: 310,200, lr:6.250e-06> l_back_rec: 4.7095e+02 l_forw_fit: 4.9762e+02 l_mi: 1.0000e+00 l_h: 6.4445e+03 
26-08-18 08:56:14.807 - INFO: <epoch: 19, iter: 310,300, lr:6.250e-06> l_back_rec: 4.2475e+02 l_forw_fit: 4.9608e+02 l_mi: 1.0000e+00 l_h: 7.0124e+03 
26-08-18 08:57:01.795 - INFO: <epoch: 19, iter: 310,400, lr:6.250e-06> l_back_rec: 3.8502e+02 l_forw_fit: 3.7137e+02 l_mi: 1.0000e+00 l_h: 5.3273e+03 
26-08-18 08:57:48.996 - INFO: <epoch: 19, iter: 310,500, lr:6.250e-06> l_back_rec: 3.8996e+02 l_forw_fit: 3.4977e+02 l_mi: 1.0000e+00 l_h: 5.2753e+03 
26-08-18 08:58:38.050 - INFO: <epoch: 19, iter: 310,600, lr:6.250e-06> l_back_rec: 3.9240e+02 l_forw_fit: 2.8985e+02 l_mi: 1.0000e+00 l_h: 4.8660e+03 
26-08-18 08:59:26.858 - INFO: <epoch: 19, iter: 310,700, lr:6.250e-06> l_back_rec: 4.1136e+02 l_forw_fit: 3.6626e+02 l_mi: 1.0000e+00 l_h: 5.5048e+03 
26-08-18 09:00:15.741 - INFO: <epoch: 19, iter: 310,800, lr:6.250e-06> l_back_rec: 3.6081e+02 l_forw_fit: 2.2741e+02 l_mi: 1.0000e+00 l_h: 4.0671e+03 
26-08-18 09:01:04.013 - INFO: <epoch: 19, iter: 310,900, lr:6.250e-06> l_back_rec: 4.2779e+02 l_forw_fit: 5.3355e+02 l_mi: 1.0000e+00 l_h: 5.9851e+03 
26-08-18 09:01:51.424 - INFO: <epoch: 19, iter: 311,000, lr:6.250e-06> l_back_rec: 4.4941e+02 l_forw_fit: 5.9659e+02 l_mi: 1.0000e+00 l_h: 6.1949e+03 
26-08-18 09:02:28.343 - INFO: # Validation # PSNR_Cover: 5.2090e+01, PSNR_Secret: 4.8929e+01, PSNR_Stego: 4.5808e+01
26-08-18 09:03:15.965 - INFO: <epoch: 19, iter: 311,100, lr:6.250e-06> l_back_rec: 4.5821e+02 l_forw_fit: 5.9930e+02 l_mi: 1.0000e+00 l_h: 6.9565e+03 
26-08-18 09:04:03.133 - INFO: <epoch: 19, iter: 311,200, lr:6.250e-06> l_back_rec: 4.0089e+02 l_forw_fit: 3.1957e+02 l_mi: 1.0000e+00 l_h: 5.1326e+03 
26-08-18 09:04:50.893 - INFO: <epoch: 19, iter: 311,300, lr:6.250e-06> l_back_rec: 3.7634e+02 l_forw_fit: 3.5273e+02 l_mi: 1.0000e+00 l_h: 5.3069e+03 
26-08-18 09:05:38.182 - INFO: <epoch: 19, iter: 311,400, lr:6.250e-06> l_back_rec: 4.5042e+02 l_forw_fit: 4.4303e+02 l_mi: 1.0000e+00 l_h: 6.1368e+03 
26-08-18 09:06:25.817 - INFO: <epoch: 19, iter: 311,500, lr:6.250e-06> l_back_rec: 3.5542e+02 l_forw_fit: 3.2230e+02 l_mi: 1.0000e+00 l_h: 4.8349e+03 
26-08-18 09:07:12.872 - INFO: <epoch: 19, iter: 311,600, lr:6.250e-06> l_back_rec: 3.6938e+02 l_forw_fit: 2.8387e+02 l_mi: 1.0000e+00 l_h: 4.8717e+03 
26-08-18 09:07:59.977 - INFO: <epoch: 19, iter: 311,700, lr:6.250e-06> l_back_rec: 3.7043e+02 l_forw_fit: 2.4146e+02 l_mi: 1.0000e+00 l_h: 4.1893e+03 
26-08-18 09:08:47.207 - INFO: <epoch: 19, iter: 311,800, lr:6.250e-06> l_back_rec: 3.8073e+02 l_forw_fit: 3.0690e+02 l_mi: 1.0000e+00 l_h: 5.1259e+03 
26-08-18 09:09:34.202 - INFO: <epoch: 19, iter: 311,900, lr:6.250e-06> l_back_rec: 3.8515e+02 l_forw_fit: 4.3093e+02 l_mi: 1.0000e+00 l_h: 5.5086e+03 
26-08-18 09:10:21.295 - INFO: <epoch: 19, iter: 312,000, lr:6.250e-06> l_back_rec: 4.1067e+02 l_forw_fit: 3.9035e+02 l_mi: 1.0000e+00 l_h: 6.0406e+03 
26-08-18 09:10:58.117 - INFO: # Validation # PSNR_Cover: 5.2179e+01, PSNR_Secret: 4.8989e+01, PSNR_Stego: 4.5774e+01
26-08-18 09:11:45.192 - INFO: <epoch: 19, iter: 312,100, lr:6.250e-06> l_back_rec: 3.5136e+02 l_forw_fit: 3.7490e+02 l_mi: 1.0000e+00 l_h: 5.4972e+03 
26-08-18 09:12:32.128 - INFO: <epoch: 19, iter: 312,200, lr:6.250e-06> l_back_rec: 4.3772e+02 l_forw_fit: 3.9727e+02 l_mi: 1.0000e+00 l_h: 4.8341e+03 
26-08-18 09:13:19.708 - INFO: <epoch: 19, iter: 312,300, lr:6.250e-06> l_back_rec: 4.2525e+02 l_forw_fit: 3.4598e+02 l_mi: 1.0000e+00 l_h: 5.3306e+03 
26-08-18 09:14:07.357 - INFO: <epoch: 19, iter: 312,400, lr:6.250e-06> l_back_rec: 4.4979e+02 l_forw_fit: 4.9656e+02 l_mi: 1.0000e+00 l_h: 6.0890e+03 
26-08-18 09:14:54.735 - INFO: <epoch: 19, iter: 312,500, lr:6.250e-06> l_back_rec: 3.5411e+02 l_forw_fit: 2.6215e+02 l_mi: 1.0000e+00 l_h: 4.2869e+03 
26-08-18 09:15:41.962 - INFO: <epoch: 19, iter: 312,600, lr:6.250e-06> l_back_rec: 3.8854e+02 l_forw_fit: 3.0866e+02 l_mi: 1.0000e+00 l_h: 4.8953e+03 
26-08-18 09:16:29.147 - INFO: <epoch: 19, iter: 312,700, lr:6.250e-06> l_back_rec: 4.0938e+02 l_forw_fit: 3.4378e+02 l_mi: 1.0000e+00 l_h: 5.3723e+03 
26-08-18 09:17:16.552 - INFO: <epoch: 19, iter: 312,800, lr:6.250e-06> l_back_rec: 3.5163e+02 l_forw_fit: 2.8079e+02 l_mi: 1.0000e+00 l_h: 4.6314e+03 
26-08-18 09:18:03.629 - INFO: <epoch: 19, iter: 312,900, lr:6.250e-06> l_back_rec: 3.8046e+02 l_forw_fit: 3.3687e+02 l_mi: 1.0000e+00 l_h: 5.1502e+03 
26-08-18 09:18:50.956 - INFO: <epoch: 19, iter: 313,000, lr:6.250e-06> l_back_rec: 3.9460e+02 l_forw_fit: 3.7766e+02 l_mi: 1.0000e+00 l_h: 5.8504e+03 
26-08-18 09:19:27.875 - INFO: # Validation # PSNR_Cover: 5.2111e+01, PSNR_Secret: 4.8687e+01, PSNR_Stego: 4.5875e+01
26-08-18 09:20:14.955 - INFO: <epoch: 19, iter: 313,100, lr:6.250e-06> l_back_rec: 4.2759e+02 l_forw_fit: 3.8517e+02 l_mi: 1.0000e+00 l_h: 5.8567e+03 
26-08-18 09:21:02.111 - INFO: <epoch: 19, iter: 313,200, lr:6.250e-06> l_back_rec: 4.0685e+02 l_forw_fit: 3.8441e+02 l_mi: 1.0000e+00 l_h: 5.3924e+03 
26-08-18 09:21:49.287 - INFO: <epoch: 19, iter: 313,300, lr:6.250e-06> l_back_rec: 4.3377e+02 l_forw_fit: 3.6960e+02 l_mi: 1.0000e+00 l_h: 5.2077e+03 
26-08-18 09:22:36.300 - INFO: <epoch: 19, iter: 313,400, lr:6.250e-06> l_back_rec: 4.7828e+02 l_forw_fit: 3.9451e+02 l_mi: 1.0000e+00 l_h: 5.5360e+03 
26-08-18 09:23:23.323 - INFO: <epoch: 19, iter: 313,500, lr:6.250e-06> l_back_rec: 3.9164e+02 l_forw_fit: 2.8701e+02 l_mi: 1.0000e+00 l_h: 4.7729e+03 
26-08-18 09:24:10.495 - INFO: <epoch: 19, iter: 313,600, lr:6.250e-06> l_back_rec: 3.8176e+02 l_forw_fit: 3.4979e+02 l_mi: 1.0000e+00 l_h: 5.1419e+03 
26-08-18 09:24:57.485 - INFO: <epoch: 19, iter: 313,700, lr:6.250e-06> l_back_rec: 3.7239e+02 l_forw_fit: 3.4868e+02 l_mi: 1.0000e+00 l_h: 5.3647e+03 
26-08-18 09:25:44.774 - INFO: <epoch: 19, iter: 313,800, lr:6.250e-06> l_back_rec: 3.6551e+02 l_forw_fit: 2.7422e+02 l_mi: 1.0000e+00 l_h: 4.7386e+03 
26-08-18 09:26:31.886 - INFO: <epoch: 19, iter: 313,900, lr:6.250e-06> l_back_rec: 3.8931e+02 l_forw_fit: 3.4696e+02 l_mi: 1.0000e+00 l_h: 5.3664e+03 
26-08-18 09:27:18.975 - INFO: <epoch: 19, iter: 314,000, lr:6.250e-06> l_back_rec: 4.2539e+02 l_forw_fit: 3.9433e+02 l_mi: 1.0000e+00 l_h: 5.6186e+03 
26-08-18 09:27:55.732 - INFO: # Validation # PSNR_Cover: 5.2125e+01, PSNR_Secret: 4.8979e+01, PSNR_Stego: 4.5782e+01
26-08-18 09:28:43.181 - INFO: <epoch: 19, iter: 314,100, lr:6.250e-06> l_back_rec: 3.9314e+02 l_forw_fit: 3.5158e+02 l_mi: 1.0000e+00 l_h: 5.3275e+03 
26-08-18 09:29:30.236 - INFO: <epoch: 19, iter: 314,200, lr:6.250e-06> l_back_rec: 3.6550e+02 l_forw_fit: 4.0238e+02 l_mi: 1.0000e+00 l_h: 5.6925e+03 
26-08-18 09:30:17.650 - INFO: <epoch: 19, iter: 314,300, lr:6.250e-06> l_back_rec: 3.8116e+02 l_forw_fit: 3.5327e+02 l_mi: 1.0000e+00 l_h: 5.0773e+03 
26-08-18 09:31:04.796 - INFO: <epoch: 19, iter: 314,400, lr:6.250e-06> l_back_rec: 3.7557e+02 l_forw_fit: 3.2295e+02 l_mi: 1.0000e+00 l_h: 4.9383e+03 
26-08-18 09:31:52.293 - INFO: <epoch: 19, iter: 314,500, lr:6.250e-06> l_back_rec: 3.6255e+02 l_forw_fit: 2.2809e+02 l_mi: 1.0000e+00 l_h: 4.2168e+03 
26-08-18 09:32:39.738 - INFO: <epoch: 19, iter: 314,600, lr:6.250e-06> l_back_rec: 3.7667e+02 l_forw_fit: 2.1466e+02 l_mi: 1.0000e+00 l_h: 4.2881e+03 
26-08-18 09:33:26.991 - INFO: <epoch: 19, iter: 314,700, lr:6.250e-06> l_back_rec: 3.8828e+02 l_forw_fit: 3.8678e+02 l_mi: 1.0000e+00 l_h: 5.7583e+03 
26-08-18 09:34:14.606 - INFO: <epoch: 19, iter: 314,800, lr:6.250e-06> l_back_rec: 4.2704e+02 l_forw_fit: 3.3671e+02 l_mi: 1.0000e+00 l_h: 4.8397e+03 
26-08-18 09:35:01.856 - INFO: <epoch: 19, iter: 314,900, lr:6.250e-06> l_back_rec: 3.5995e+02 l_forw_fit: 2.3979e+02 l_mi: 1.0000e+00 l_h: 4.2174e+03 
26-08-18 09:35:49.267 - INFO: <epoch: 19, iter: 315,000, lr:6.250e-06> l_back_rec: 4.0864e+02 l_forw_fit: 5.7608e+02 l_mi: 1.0000e+00 l_h: 6.1064e+03 
26-08-18 09:36:25.897 - INFO: # Validation # PSNR_Cover: 5.2133e+01, PSNR_Secret: 4.9034e+01, PSNR_Stego: 4.5721e+01
26-08-18 09:36:25.898 - INFO: Saving models and training states.
26-08-18 09:37:13.977 - INFO: <epoch: 19, iter: 315,100, lr:6.250e-06> l_back_rec: 3.9215e+02 l_forw_fit: 2.9591e+02 l_mi: 1.0000e+00 l_h: 4.6526e+03 
26-08-18 09:38:01.070 - INFO: <epoch: 19, iter: 315,200, lr:6.250e-06> l_back_rec: 3.7357e+02 l_forw_fit: 2.2742e+02 l_mi: 1.0000e+00 l_h: 4.1261e+03 
26-08-18 09:38:48.318 - INFO: <epoch: 19, iter: 315,300, lr:6.250e-06> l_back_rec: 4.0911e+02 l_forw_fit: 2.4444e+02 l_mi: 1.0000e+00 l_h: 4.2312e+03 
26-08-18 09:39:35.460 - INFO: <epoch: 19, iter: 315,400, lr:6.250e-06> l_back_rec: 3.9233e+02 l_forw_fit: 4.6076e+02 l_mi: 1.0000e+00 l_h: 5.8180e+03 
26-08-18 09:40:22.833 - INFO: <epoch: 19, iter: 315,500, lr:6.250e-06> l_back_rec: 3.5915e+02 l_forw_fit: 2.7183e+02 l_mi: 1.0000e+00 l_h: 4.8139e+03 
26-08-18 09:41:10.392 - INFO: <epoch: 19, iter: 315,600, lr:6.250e-06> l_back_rec: 3.9623e+02 l_forw_fit: 3.2795e+02 l_mi: 1.0000e+00 l_h: 5.2143e+03 
26-08-18 09:41:57.353 - INFO: <epoch: 19, iter: 315,700, lr:6.250e-06> l_back_rec: 3.9624e+02 l_forw_fit: 2.6837e+02 l_mi: 1.0000e+00 l_h: 4.4517e+03 
26-08-18 09:42:44.904 - INFO: <epoch: 19, iter: 315,800, lr:6.250e-06> l_back_rec: 3.7402e+02 l_forw_fit: 3.6768e+02 l_mi: 1.0000e+00 l_h: 5.4797e+03 
26-08-18 09:43:32.034 - INFO: <epoch: 19, iter: 315,900, lr:6.250e-06> l_back_rec: 4.2535e+02 l_forw_fit: 3.2915e+02 l_mi: 1.0000e+00 l_h: 4.9016e+03 
26-08-18 09:44:19.288 - INFO: <epoch: 19, iter: 316,000, lr:6.250e-06> l_back_rec: 3.9166e+02 l_forw_fit: 3.7513e+02 l_mi: 1.0000e+00 l_h: 5.4726e+03 
26-08-18 09:44:56.175 - INFO: # Validation # PSNR_Cover: 5.2102e+01, PSNR_Secret: 4.8957e+01, PSNR_Stego: 4.5751e+01
26-08-18 09:45:43.590 - INFO: <epoch: 19, iter: 316,100, lr:6.250e-06> l_back_rec: 3.9456e+02 l_forw_fit: 2.4796e+02 l_mi: 1.0000e+00 l_h: 4.5178e+03 
26-08-18 09:46:30.574 - INFO: <epoch: 19, iter: 316,200, lr:6.250e-06> l_back_rec: 3.4988e+02 l_forw_fit: 2.8223e+02 l_mi: 1.0000e+00 l_h: 4.6051e+03 
26-08-18 09:47:18.067 - INFO: <epoch: 19, iter: 316,300, lr:6.250e-06> l_back_rec: 5.0172e+02 l_forw_fit: 3.3782e+02 l_mi: 1.0000e+00 l_h: 5.0683e+03 
26-08-18 09:48:05.466 - INFO: <epoch: 19, iter: 316,400, lr:6.250e-06> l_back_rec: 3.9850e+02 l_forw_fit: 4.0198e+02 l_mi: 1.0000e+00 l_h: 5.8260e+03 
26-08-18 09:48:52.690 - INFO: <epoch: 19, iter: 316,500, lr:6.250e-06> l_back_rec: 4.1646e+02 l_forw_fit: 3.6984e+02 l_mi: 1.0000e+00 l_h: 5.3799e+03 
26-08-18 09:49:40.006 - INFO: <epoch: 19, iter: 316,600, lr:6.250e-06> l_back_rec: 4.3886e+02 l_forw_fit: 6.7440e+02 l_mi: 1.0000e+00 l_h: 6.8521e+03 
26-08-18 09:50:27.126 - INFO: <epoch: 19, iter: 316,700, lr:6.250e-06> l_back_rec: 3.8862e+02 l_forw_fit: 3.2980e+02 l_mi: 1.0000e+00 l_h: 5.3931e+03 
26-08-18 09:51:14.821 - INFO: <epoch: 19, iter: 316,800, lr:6.250e-06> l_back_rec: 5.7884e+02 l_forw_fit: 5.6496e+02 l_mi: 1.0000e+00 l_h: 7.7132e+03 
26-08-18 09:52:02.063 - INFO: <epoch: 19, iter: 316,900, lr:6.250e-06> l_back_rec: 4.5225e+02 l_forw_fit: 5.8931e+02 l_mi: 1.0000e+00 l_h: 6.6325e+03 
26-08-18 09:52:49.444 - INFO: <epoch: 19, iter: 317,000, lr:6.250e-06> l_back_rec: 3.7191e+02 l_forw_fit: 3.4725e+02 l_mi: 1.0000e+00 l_h: 5.3608e+03 
26-08-18 09:53:26.309 - INFO: # Validation # PSNR_Cover: 5.2111e+01, PSNR_Secret: 4.8948e+01, PSNR_Stego: 4.5778e+01
26-08-18 09:54:13.745 - INFO: <epoch: 19, iter: 317,100, lr:6.250e-06> l_back_rec: 4.2426e+02 l_forw_fit: 5.7065e+02 l_mi: 1.0000e+00 l_h: 5.9893e+03 
26-08-18 09:55:00.822 - INFO: <epoch: 19, iter: 317,200, lr:6.250e-06> l_back_rec: 3.7145e+02 l_forw_fit: 3.8237e+02 l_mi: 1.0000e+00 l_h: 5.4191e+03 
26-08-18 09:55:48.233 - INFO: <epoch: 19, iter: 317,300, lr:6.250e-06> l_back_rec: 3.6219e+02 l_forw_fit: 2.4268e+02 l_mi: 1.0000e+00 l_h: 4.3266e+03 
26-08-18 09:56:35.466 - INFO: <epoch: 19, iter: 317,400, lr:6.250e-06> l_back_rec: 4.2826e+02 l_forw_fit: 2.7544e+02 l_mi: 1.0000e+00 l_h: 4.7380e+03 
26-08-18 09:57:22.374 - INFO: <epoch: 19, iter: 317,500, lr:6.250e-06> l_back_rec: 4.2087e+02 l_forw_fit: 4.5016e+02 l_mi: 1.0000e+00 l_h: 5.6898e+03 
26-08-18 09:58:09.742 - INFO: <epoch: 19, iter: 317,600, lr:6.250e-06> l_back_rec: 4.2499e+02 l_forw_fit: 3.3531e+02 l_mi: 1.0000e+00 l_h: 5.2851e+03 
26-08-18 09:58:56.685 - INFO: <epoch: 19, iter: 317,700, lr:6.250e-06> l_back_rec: 3.7099e+02 l_forw_fit: 3.2533e+02 l_mi: 1.0000e+00 l_h: 5.1900e+03 
26-08-18 09:59:43.873 - INFO: <epoch: 19, iter: 317,800, lr:6.250e-06> l_back_rec: 3.7719e+02 l_forw_fit: 2.8251e+02 l_mi: 1.0000e+00 l_h: 4.7787e+03 
26-08-18 10:00:31.102 - INFO: <epoch: 19, iter: 317,900, lr:6.250e-06> l_back_rec: 4.1978e+02 l_forw_fit: 3.8967e+02 l_mi: 1.0000e+00 l_h: 5.5269e+03 
26-08-18 10:01:18.276 - INFO: <epoch: 19, iter: 318,000, lr:6.250e-06> l_back_rec: 4.4273e+02 l_forw_fit: 2.8672e+02 l_mi: 1.0000e+00 l_h: 4.6962e+03 
26-08-18 10:01:55.201 - INFO: # Validation # PSNR_Cover: 5.2052e+01, PSNR_Secret: 4.8938e+01, PSNR_Stego: 4.5797e+01
26-08-18 10:02:42.509 - INFO: <epoch: 19, iter: 318,100, lr:6.250e-06> l_back_rec: 3.6976e+02 l_forw_fit: 3.7908e+02 l_mi: 1.0000e+00 l_h: 5.8339e+03 
26-08-18 10:03:31.209 - INFO: <epoch: 19, iter: 318,200, lr:6.250e-06> l_back_rec: 3.9992e+02 l_forw_fit: 5.1437e+02 l_mi: 1.0000e+00 l_h: 6.9490e+03 
26-08-18 10:04:22.002 - INFO: <epoch: 19, iter: 318,300, lr:6.250e-06> l_back_rec: 3.7815e+02 l_forw_fit: 4.9394e+02 l_mi: 1.0000e+00 l_h: 6.4681e+03 
26-08-18 10:05:12.387 - INFO: <epoch: 19, iter: 318,400, lr:6.250e-06> l_back_rec: 3.5370e+02 l_forw_fit: 3.4562e+02 l_mi: 1.0000e+00 l_h: 5.4601e+03 
26-08-18 10:06:02.852 - INFO: <epoch: 19, iter: 318,500, lr:6.250e-06> l_back_rec: 3.2581e+02 l_forw_fit: 3.0475e+02 l_mi: 1.0000e+00 l_h: 4.9449e+03 
26-08-18 10:06:48.154 - INFO: <epoch: 19, iter: 318,600, lr:6.250e-06> l_back_rec: 4.2203e+02 l_forw_fit: 4.8632e+02 l_mi: 1.0000e+00 l_h: 6.3727e+03 
26-08-18 10:07:36.219 - INFO: <epoch: 19, iter: 318,700, lr:6.250e-06> l_back_rec: 5.2659e+02 l_forw_fit: 5.7413e+02 l_mi: 1.0000e+00 l_h: 6.7476e+03 
26-08-18 10:08:26.190 - INFO: <epoch: 19, iter: 318,800, lr:6.250e-06> l_back_rec: 4.2096e+02 l_forw_fit: 6.2470e+02 l_mi: 1.0000e+00 l_h: 6.6566e+03 
26-08-18 10:09:16.854 - INFO: <epoch: 19, iter: 318,900, lr:6.250e-06> l_back_rec: 3.6737e+02 l_forw_fit: 3.0054e+02 l_mi: 1.0000e+00 l_h: 4.7643e+03 
26-08-18 10:10:06.933 - INFO: <epoch: 19, iter: 319,000, lr:6.250e-06> l_back_rec: 4.2293e+02 l_forw_fit: 3.8930e+02 l_mi: 1.0000e+00 l_h: 5.4692e+03 
26-08-18 10:10:45.265 - INFO: # Validation # PSNR_Cover: 5.2080e+01, PSNR_Secret: 4.8985e+01, PSNR_Stego: 4.5783e+01
26-08-18 10:11:36.308 - INFO: <epoch: 19, iter: 319,100, lr:6.250e-06> l_back_rec: 4.6629e+02 l_forw_fit: 3.3415e+02 l_mi: 1.0000e+00 l_h: 5.1770e+03 
26-08-18 10:12:26.063 - INFO: <epoch: 19, iter: 319,200, lr:6.250e-06> l_back_rec: 3.5994e+02 l_forw_fit: 2.5720e+02 l_mi: 1.0000e+00 l_h: 4.4955e+03 
26-08-18 10:13:17.045 - INFO: <epoch: 19, iter: 319,300, lr:6.250e-06> l_back_rec: 4.1926e+02 l_forw_fit: 5.8092e+02 l_mi: 1.0000e+00 l_h: 6.3355e+03 
26-08-18 10:14:07.263 - INFO: <epoch: 19, iter: 319,400, lr:6.250e-06> l_back_rec: 3.9645e+02 l_forw_fit: 3.8750e+02 l_mi: 1.0000e+00 l_h: 5.5784e+03 
26-08-18 10:14:57.231 - INFO: <epoch: 19, iter: 319,500, lr:6.250e-06> l_back_rec: 3.8568e+02 l_forw_fit: 2.8461e+02 l_mi: 1.0000e+00 l_h: 4.7833e+03 
26-08-18 10:15:47.528 - INFO: <epoch: 19, iter: 319,600, lr:6.250e-06> l_back_rec: 4.7558e+02 l_forw_fit: 5.4049e+02 l_mi: 1.0000e+00 l_h: 7.4019e+03 
26-08-18 10:16:38.027 - INFO: <epoch: 19, iter: 319,700, lr:6.250e-06> l_back_rec: 3.9567e+02 l_forw_fit: 2.7678e+02 l_mi: 1.0000e+00 l_h: 4.6719e+03 
26-08-18 10:17:27.963 - INFO: <epoch: 19, iter: 319,800, lr:6.250e-06> l_back_rec: 4.1913e+02 l_forw_fit: 4.6265e+02 l_mi: 1.0000e+00 l_h: 6.0678e+03 
26-08-18 10:18:17.816 - INFO: <epoch: 19, iter: 319,900, lr:6.250e-06> l_back_rec: 3.8689e+02 l_forw_fit: 3.0103e+02 l_mi: 1.0000e+00 l_h: 4.8570e+03 
26-08-18 10:19:08.395 - INFO: <epoch: 19, iter: 320,000, lr:6.250e-06> l_back_rec: 3.4698e+02 l_forw_fit: 2.6189e+02 l_mi: 1.0000e+00 l_h: 4.3498e+03 
26-08-18 10:19:46.179 - INFO: # Validation # PSNR_Cover: 5.2087e+01, PSNR_Secret: 4.8998e+01, PSNR_Stego: 4.5780e+01
26-08-18 10:19:46.179 - INFO: Saving models and training states.
26-08-18 10:20:37.186 - INFO: <epoch: 19, iter: 320,100, lr:6.250e-06> l_back_rec: 3.8434e+02 l_forw_fit: 3.1080e+02 l_mi: 1.0000e+00 l_h: 4.9305e+03 
26-08-18 10:21:26.808 - INFO: <epoch: 19, iter: 320,200, lr:6.250e-06> l_back_rec: 3.8701e+02 l_forw_fit: 3.8113e+02 l_mi: 1.0000e+00 l_h: 5.7659e+03 
26-08-18 10:22:14.034 - INFO: <epoch: 19, iter: 320,300, lr:6.250e-06> l_back_rec: 4.1263e+02 l_forw_fit: 3.1982e+02 l_mi: 1.0000e+00 l_h: 4.6457e+03 
26-08-18 10:23:03.893 - INFO: <epoch: 19, iter: 320,400, lr:6.250e-06> l_back_rec: 4.2944e+02 l_forw_fit: 4.3317e+02 l_mi: 1.0000e+00 l_h: 6.3381e+03 
26-08-18 10:23:52.463 - INFO: <epoch: 19, iter: 320,500, lr:6.250e-06> l_back_rec: 4.7070e+02 l_forw_fit: 6.4658e+02 l_mi: 1.0000e+00 l_h: 6.5593e+03 
26-08-18 10:24:41.534 - INFO: <epoch: 19, iter: 320,600, lr:6.250e-06> l_back_rec: 4.2355e+02 l_forw_fit: 2.4644e+02 l_mi: 1.0000e+00 l_h: 4.2540e+03 
26-08-18 10:25:30.375 - INFO: <epoch: 19, iter: 320,700, lr:6.250e-06> l_back_rec: 3.7764e+02 l_forw_fit: 2.9838e+02 l_mi: 1.0000e+00 l_h: 4.5530e+03 
26-08-18 10:26:18.526 - INFO: <epoch: 19, iter: 320,800, lr:6.250e-06> l_back_rec: 3.6129e+02 l_forw_fit: 3.7957e+02 l_mi: 1.0000e+00 l_h: 5.7523e+03 
26-08-18 10:27:07.609 - INFO: <epoch: 19, iter: 320,900, lr:6.250e-06> l_back_rec: 4.1675e+02 l_forw_fit: 4.7281e+02 l_mi: 1.0000e+00 l_h: 6.2243e+03 
26-08-18 10:27:57.975 - INFO: <epoch: 19, iter: 321,000, lr:6.250e-06> l_back_rec: 4.2898e+02 l_forw_fit: 5.2084e+02 l_mi: 1.0000e+00 l_h: 6.0070e+03 
26-08-18 10:28:37.026 - INFO: # Validation # PSNR_Cover: 5.2092e+01, PSNR_Secret: 4.8957e+01, PSNR_Stego: 4.5809e+01
26-08-18 10:29:27.558 - INFO: <epoch: 19, iter: 321,100, lr:6.250e-06> l_back_rec: 4.9874e+02 l_forw_fit: 1.3214e+03 l_mi: 1.0000e+00 l_h: 1.0700e+04 
26-08-18 10:30:18.761 - INFO: <epoch: 19, iter: 321,200, lr:6.250e-06> l_back_rec: 3.7037e+02 l_forw_fit: 2.3385e+02 l_mi: 1.0000e+00 l_h: 4.0995e+03 
26-08-18 10:31:08.733 - INFO: <epoch: 19, iter: 321,300, lr:6.250e-06> l_back_rec: 3.8709e+02 l_forw_fit: 3.5651e+02 l_mi: 1.0000e+00 l_h: 5.3781e+03 
26-08-18 10:31:58.239 - INFO: <epoch: 19, iter: 321,400, lr:6.250e-06> l_back_rec: 4.0612e+02 l_forw_fit: 3.4855e+02 l_mi: 1.0000e+00 l_h: 5.0657e+03 
26-08-18 10:32:47.989 - INFO: <epoch: 19, iter: 321,500, lr:6.250e-06> l_back_rec: 4.2861e+02 l_forw_fit: 3.5769e+02 l_mi: 1.0000e+00 l_h: 4.3831e+03 
26-08-18 10:33:37.643 - INFO: <epoch: 19, iter: 321,600, lr:6.250e-06> l_back_rec: 4.6412e+02 l_forw_fit: 3.5943e+02 l_mi: 1.0000e+00 l_h: 5.9399e+03 
26-08-18 10:34:29.003 - INFO: <epoch: 19, iter: 321,700, lr:6.250e-06> l_back_rec: 3.8907e+02 l_forw_fit: 3.4531e+02 l_mi: 1.0000e+00 l_h: 5.2592e+03 
26-08-18 10:35:22.063 - INFO: <epoch: 19, iter: 321,800, lr:6.250e-06> l_back_rec: 4.0093e+02 l_forw_fit: 3.3489e+02 l_mi: 1.0000e+00 l_h: 5.0868e+03 
26-08-18 10:36:13.463 - INFO: <epoch: 19, iter: 321,900, lr:6.250e-06> l_back_rec: 4.7272e+02 l_forw_fit: 9.3070e+02 l_mi: 1.0000e+00 l_h: 8.0308e+03 
26-08-18 10:37:11.561 - INFO: <epoch: 19, iter: 322,000, lr:6.250e-06> l_back_rec: 3.7503e+02 l_forw_fit: 4.7052e+02 l_mi: 1.0000e+00 l_h: 5.3942e+03 
26-08-18 10:37:53.423 - INFO: # Validation # PSNR_Cover: 5.2029e+01, PSNR_Secret: 4.9010e+01, PSNR_Stego: 4.5750e+01
26-08-18 10:38:45.890 - INFO: <epoch: 19, iter: 322,100, lr:6.250e-06> l_back_rec: 3.5036e+02 l_forw_fit: 3.4051e+02 l_mi: 1.0000e+00 l_h: 5.4135e+03 
26-08-18 10:39:38.163 - INFO: <epoch: 19, iter: 322,200, lr:6.250e-06> l_back_rec: 3.8039e+02 l_forw_fit: 3.7875e+02 l_mi: 1.0000e+00 l_h: 5.2236e+03 
26-08-18 10:40:28.610 - INFO: <epoch: 19, iter: 322,300, lr:6.250e-06> l_back_rec: 4.3406e+02 l_forw_fit: 3.3473e+02 l_mi: 1.0000e+00 l_h: 5.0388e+03 
26-08-18 10:41:20.888 - INFO: <epoch: 19, iter: 322,400, lr:6.250e-06> l_back_rec: 3.9270e+02 l_forw_fit: 3.2613e+02 l_mi: 1.0000e+00 l_h: 5.0846e+03 
26-08-18 10:42:12.626 - INFO: <epoch: 19, iter: 322,500, lr:6.250e-06> l_back_rec: 4.5612e+02 l_forw_fit: 5.4207e+02 l_mi: 1.0000e+00 l_h: 6.9800e+03 
26-08-18 10:43:03.971 - INFO: <epoch: 19, iter: 322,600, lr:6.250e-06> l_back_rec: 3.8827e+02 l_forw_fit: 2.6717e+02 l_mi: 1.0000e+00 l_h: 4.4817e+03 
26-08-18 10:43:54.714 - INFO: <epoch: 19, iter: 322,700, lr:6.250e-06> l_back_rec: 4.0692e+02 l_forw_fit: 3.1591e+02 l_mi: 1.0000e+00 l_h: 5.2358e+03 
26-08-18 10:44:46.126 - INFO: <epoch: 19, iter: 322,800, lr:6.250e-06> l_back_rec: 4.0322e+02 l_forw_fit: 3.7118e+02 l_mi: 1.0000e+00 l_h: 5.0406e+03 
26-08-18 10:45:37.101 - INFO: <epoch: 19, iter: 322,900, lr:6.250e-06> l_back_rec: 3.8996e+02 l_forw_fit: 3.1386e+02 l_mi: 1.0000e+00 l_h: 4.9525e+03 
26-08-18 10:46:27.933 - INFO: <epoch: 19, iter: 323,000, lr:6.250e-06> l_back_rec: 3.7039e+02 l_forw_fit: 2.5955e+02 l_mi: 1.0000e+00 l_h: 4.6242e+03 
26-08-18 10:47:06.954 - INFO: # Validation # PSNR_Cover: 5.2160e+01, PSNR_Secret: 4.8958e+01, PSNR_Stego: 4.5843e+01
26-08-18 10:49:16.791 - INFO: <epoch: 20, iter: 323,100, lr:6.250e-06> l_back_rec: 3.9447e+02 l_forw_fit: 3.6705e+02 l_mi: 1.0000e+00 l_h: 5.0869e+03 
26-08-18 10:50:09.698 - INFO: <epoch: 20, iter: 323,200, lr:6.250e-06> l_back_rec: 4.6399e+02 l_forw_fit: 5.6246e+02 l_mi: 1.0000e+00 l_h: 6.3427e+03 
26-08-18 10:51:00.964 - INFO: <epoch: 20, iter: 323,300, lr:6.250e-06> l_back_rec: 4.1925e+02 l_forw_fit: 3.5820e+02 l_mi: 1.0000e+00 l_h: 5.3934e+03 
26-08-18 10:51:52.755 - INFO: <epoch: 20, iter: 323,400, lr:6.250e-06> l_back_rec: 3.7802e+02 l_forw_fit: 2.9239e+02 l_mi: 1.0000e+00 l_h: 4.9623e+03 
26-08-18 10:52:42.693 - INFO: <epoch: 20, iter: 323,500, lr:6.250e-06> l_back_rec: 3.5340e+02 l_forw_fit: 3.0175e+02 l_mi: 1.0000e+00 l_h: 4.9950e+03 
26-08-18 10:53:33.412 - INFO: <epoch: 20, iter: 323,600, lr:6.250e-06> l_back_rec: 3.7926e+02 l_forw_fit: 3.6623e+02 l_mi: 1.0000e+00 l_h: 5.2167e+03 
26-08-18 10:54:24.312 - INFO: <epoch: 20, iter: 323,700, lr:6.250e-06> l_back_rec: 4.2019e+02 l_forw_fit: 3.8050e+02 l_mi: 1.0000e+00 l_h: 5.7760e+03 
26-08-18 10:55:15.255 - INFO: <epoch: 20, iter: 323,800, lr:6.250e-06> l_back_rec: 3.7522e+02 l_forw_fit: 2.7666e+02 l_mi: 1.0000e+00 l_h: 4.7223e+03 
26-08-18 10:56:06.100 - INFO: <epoch: 20, iter: 323,900, lr:6.250e-06> l_back_rec: 4.3038e+02 l_forw_fit: 3.6650e+02 l_mi: 1.0000e+00 l_h: 5.2005e+03 
26-08-18 10:56:57.030 - INFO: <epoch: 20, iter: 324,000, lr:6.250e-06> l_back_rec: 4.2106e+02 l_forw_fit: 3.7978e+02 l_mi: 1.0000e+00 l_h: 5.8346e+03 
26-08-18 10:57:37.632 - INFO: # Validation # PSNR_Cover: 5.2137e+01, PSNR_Secret: 4.9027e+01, PSNR_Stego: 4.5757e+01
26-08-18 10:58:29.716 - INFO: <epoch: 20, iter: 324,100, lr:6.250e-06> l_back_rec: 4.0758e+02 l_forw_fit: 3.4578e+02 l_mi: 1.0000e+00 l_h: 5.2815e+03 
26-08-18 10:59:20.612 - INFO: <epoch: 20, iter: 324,200, lr:6.250e-06> l_back_rec: 4.2493e+02 l_forw_fit: 5.6094e+02 l_mi: 1.0000e+00 l_h: 7.0974e+03 
26-08-18 11:00:11.883 - INFO: <epoch: 20, iter: 324,300, lr:6.250e-06> l_back_rec: 4.0052e+02 l_forw_fit: 3.2871e+02 l_mi: 1.0000e+00 l_h: 5.0221e+03 
26-08-18 11:01:00.544 - INFO: <epoch: 20, iter: 324,400, lr:6.250e-06> l_back_rec: 3.8775e+02 l_forw_fit: 3.3938e+02 l_mi: 1.0000e+00 l_h: 4.8315e+03 
26-08-18 11:01:51.528 - INFO: <epoch: 20, iter: 324,500, lr:6.250e-06> l_back_rec: 3.3764e+02 l_forw_fit: 2.0647e+02 l_mi: 1.0000e+00 l_h: 3.9142e+03 
26-08-18 11:02:42.537 - INFO: <epoch: 20, iter: 324,600, lr:6.250e-06> l_back_rec: 4.4412e+02 l_forw_fit: 4.8550e+02 l_mi: 1.0000e+00 l_h: 6.2727e+03 
26-08-18 11:03:33.596 - INFO: <epoch: 20, iter: 324,700, lr:6.250e-06> l_back_rec: 4.0359e+02 l_forw_fit: 4.1708e+02 l_mi: 1.0000e+00 l_h: 5.6820e+03 
26-08-18 11:04:24.243 - INFO: <epoch: 20, iter: 324,800, lr:6.250e-06> l_back_rec: 3.4113e+02 l_forw_fit: 2.8852e+02 l_mi: 1.0000e+00 l_h: 4.7088e+03 
26-08-18 11:05:15.795 - INFO: <epoch: 20, iter: 324,900, lr:6.250e-06> l_back_rec: 4.4195e+02 l_forw_fit: 4.1217e+02 l_mi: 1.0000e+00 l_h: 6.0430e+03 
26-08-18 11:06:06.601 - INFO: <epoch: 20, iter: 325,000, lr:6.250e-06> l_back_rec: 3.6662e+02 l_forw_fit: 2.7520e+02 l_mi: 1.0000e+00 l_h: 4.4683e+03 
26-08-18 11:06:45.318 - INFO: # Validation # PSNR_Cover: 5.2112e+01, PSNR_Secret: 4.8856e+01, PSNR_Stego: 4.5746e+01
26-08-18 11:06:45.318 - INFO: Saving models and training states.
26-08-18 11:07:36.722 - INFO: <epoch: 20, iter: 325,100, lr:6.250e-06> l_back_rec: 4.0168e+02 l_forw_fit: 3.1510e+02 l_mi: 1.0000e+00 l_h: 4.9003e+03 
26-08-18 11:08:27.572 - INFO: <epoch: 20, iter: 325,200, lr:6.250e-06> l_back_rec: 4.3146e+02 l_forw_fit: 2.6385e+02 l_mi: 1.0000e+00 l_h: 4.6742e+03 
26-08-18 11:09:19.023 - INFO: <epoch: 20, iter: 325,300, lr:6.250e-06> l_back_rec: 3.6577e+02 l_forw_fit: 3.0279e+02 l_mi: 1.0000e+00 l_h: 4.9192e+03 
26-08-18 11:10:10.003 - INFO: <epoch: 20, iter: 325,400, lr:6.250e-06> l_back_rec: 4.0600e+02 l_forw_fit: 4.1207e+02 l_mi: 1.0000e+00 l_h: 5.4983e+03 
26-08-18 11:11:00.971 - INFO: <epoch: 20, iter: 325,500, lr:6.250e-06> l_back_rec: 3.5144e+02 l_forw_fit: 4.1773e+02 l_mi: 1.0000e+00 l_h: 5.4527e+03 
26-08-18 11:11:52.180 - INFO: <epoch: 20, iter: 325,600, lr:6.250e-06> l_back_rec: 3.7335e+02 l_forw_fit: 5.1582e+02 l_mi: 1.0000e+00 l_h: 5.6685e+03 
26-08-18 11:12:43.755 - INFO: <epoch: 20, iter: 325,700, lr:6.250e-06> l_back_rec: 3.6276e+02 l_forw_fit: 2.4675e+02 l_mi: 1.0000e+00 l_h: 4.3848e+03 
26-08-18 11:13:34.642 - INFO: <epoch: 20, iter: 325,800, lr:6.250e-06> l_back_rec: 3.9190e+02 l_forw_fit: 2.3045e+02 l_mi: 1.0000e+00 l_h: 4.1786e+03 
26-08-18 11:14:25.367 - INFO: <epoch: 20, iter: 325,900, lr:6.250e-06> l_back_rec: 3.6406e+02 l_forw_fit: 3.2534e+02 l_mi: 1.0000e+00 l_h: 5.0618e+03 
26-08-18 11:15:16.201 - INFO: <epoch: 20, iter: 326,000, lr:6.250e-06> l_back_rec: 4.5248e+02 l_forw_fit: 3.4306e+02 l_mi: 1.0000e+00 l_h: 4.7730e+03 
26-08-18 11:15:54.633 - INFO: # Validation # PSNR_Cover: 5.2133e+01, PSNR_Secret: 4.8987e+01, PSNR_Stego: 4.5801e+01
26-08-18 11:16:46.475 - INFO: <epoch: 20, iter: 326,100, lr:6.250e-06> l_back_rec: 4.0725e+02 l_forw_fit: 5.3821e+02 l_mi: 1.0000e+00 l_h: 6.4058e+03 
26-08-18 11:17:37.217 - INFO: <epoch: 20, iter: 326,200, lr:6.250e-06> l_back_rec: 4.1985e+02 l_forw_fit: 4.2866e+02 l_mi: 1.0000e+00 l_h: 6.0377e+03 
26-08-18 11:18:28.095 - INFO: <epoch: 20, iter: 326,300, lr:6.250e-06> l_back_rec: 3.7839e+02 l_forw_fit: 2.9292e+02 l_mi: 1.0000e+00 l_h: 4.5651e+03 
26-08-18 11:19:18.977 - INFO: <epoch: 20, iter: 326,400, lr:6.250e-06> l_back_rec: 3.5807e+02 l_forw_fit: 2.2965e+02 l_mi: 1.0000e+00 l_h: 4.2512e+03 
26-08-18 11:20:09.761 - INFO: <epoch: 20, iter: 326,500, lr:6.250e-06> l_back_rec: 4.5112e+02 l_forw_fit: 3.9445e+02 l_mi: 1.0000e+00 l_h: 5.5672e+03 
26-08-18 11:21:00.608 - INFO: <epoch: 20, iter: 326,600, lr:6.250e-06> l_back_rec: 4.1055e+02 l_forw_fit: 4.9053e+02 l_mi: 1.0000e+00 l_h: 6.4061e+03 
26-08-18 11:21:53.082 - INFO: <epoch: 20, iter: 326,700, lr:6.250e-06> l_back_rec: 4.4122e+02 l_forw_fit: 5.1452e+02 l_mi: 1.0000e+00 l_h: 6.5090e+03 
26-08-18 11:22:44.524 - INFO: <epoch: 20, iter: 326,800, lr:6.250e-06> l_back_rec: 3.6777e+02 l_forw_fit: 2.4071e+02 l_mi: 1.0000e+00 l_h: 4.5708e+03 
26-08-18 11:23:38.222 - INFO: <epoch: 20, iter: 326,900, lr:6.250e-06> l_back_rec: 4.1357e+02 l_forw_fit: 3.1676e+02 l_mi: 1.0000e+00 l_h: 4.8021e+03 
26-08-18 11:24:30.358 - INFO: <epoch: 20, iter: 327,000, lr:6.250e-06> l_back_rec: 3.3895e+02 l_forw_fit: 2.9025e+02 l_mi: 1.0000e+00 l_h: 4.9196e+03 
26-08-18 11:25:09.416 - INFO: # Validation # PSNR_Cover: 5.2132e+01, PSNR_Secret: 4.8959e+01, PSNR_Stego: 4.5804e+01
26-08-18 11:26:03.020 - INFO: <epoch: 20, iter: 327,100, lr:6.250e-06> l_back_rec: 4.1425e+02 l_forw_fit: 4.8362e+02 l_mi: 1.0000e+00 l_h: 5.9992e+03 
26-08-18 11:26:56.895 - INFO: <epoch: 20, iter: 327,200, lr:6.250e-06> l_back_rec: 4.2439e+02 l_forw_fit: 3.8941e+02 l_mi: 1.0000e+00 l_h: 5.1068e+03 
26-08-18 11:27:50.394 - INFO: <epoch: 20, iter: 327,300, lr:6.250e-06> l_back_rec: 4.5194e+02 l_forw_fit: 3.8783e+02 l_mi: 1.0000e+00 l_h: 5.8299e+03 
26-08-18 11:28:44.190 - INFO: <epoch: 20, iter: 327,400, lr:6.250e-06> l_back_rec: 4.2706e+02 l_forw_fit: 4.8760e+02 l_mi: 1.0000e+00 l_h: 5.7241e+03 
26-08-18 11:29:38.116 - INFO: <epoch: 20, iter: 327,500, lr:6.250e-06> l_back_rec: 3.8337e+02 l_forw_fit: 3.4266e+02 l_mi: 1.0000e+00 l_h: 5.0432e+03 
26-08-18 11:30:31.846 - INFO: <epoch: 20, iter: 327,600, lr:6.250e-06> l_back_rec: 4.0020e+02 l_forw_fit: 6.9856e+02 l_mi: 1.0000e+00 l_h: 6.6295e+03 
26-08-18 11:31:25.845 - INFO: <epoch: 20, iter: 327,700, lr:6.250e-06> l_back_rec: 3.8564e+02 l_forw_fit: 3.8596e+02 l_mi: 1.0000e+00 l_h: 5.9563e+03 
26-08-18 11:32:19.709 - INFO: <epoch: 20, iter: 327,800, lr:6.250e-06> l_back_rec: 4.4524e+02 l_forw_fit: 4.5483e+02 l_mi: 1.0000e+00 l_h: 6.1341e+03 
26-08-18 11:33:13.575 - INFO: <epoch: 20, iter: 327,900, lr:6.250e-06> l_back_rec: 3.9185e+02 l_forw_fit: 4.1720e+02 l_mi: 1.0000e+00 l_h: 6.0011e+03 
26-08-18 11:34:07.396 - INFO: <epoch: 20, iter: 328,000, lr:6.250e-06> l_back_rec: 4.2166e+02 l_forw_fit: 3.2099e+02 l_mi: 1.0000e+00 l_h: 5.0044e+03 
26-08-18 11:34:47.354 - INFO: # Validation # PSNR_Cover: 5.2136e+01, PSNR_Secret: 4.9009e+01, PSNR_Stego: 4.5789e+01
26-08-18 11:35:41.192 - INFO: <epoch: 20, iter: 328,100, lr:6.250e-06> l_back_rec: 4.2777e+02 l_forw_fit: 4.6078e+02 l_mi: 1.0000e+00 l_h: 5.8033e+03 
26-08-18 11:36:35.074 - INFO: <epoch: 20, iter: 328,200, lr:6.250e-06> l_back_rec: 4.0748e+02 l_forw_fit: 5.0912e+02 l_mi: 1.0000e+00 l_h: 7.0521e+03 
26-08-18 11:37:29.023 - INFO: <epoch: 20, iter: 328,300, lr:6.250e-06> l_back_rec: 4.0572e+02 l_forw_fit: 3.4871e+02 l_mi: 1.0000e+00 l_h: 5.4578e+03 
26-08-18 11:38:22.802 - INFO: <epoch: 20, iter: 328,400, lr:6.250e-06> l_back_rec: 4.1106e+02 l_forw_fit: 3.1665e+02 l_mi: 1.0000e+00 l_h: 5.3754e+03 
26-08-18 11:39:16.657 - INFO: <epoch: 20, iter: 328,500, lr:6.250e-06> l_back_rec: 3.6866e+02 l_forw_fit: 4.1328e+02 l_mi: 1.0000e+00 l_h: 5.8609e+03 
26-08-18 11:40:10.547 - INFO: <epoch: 20, iter: 328,600, lr:6.250e-06> l_back_rec: 3.5201e+02 l_forw_fit: 2.7943e+02 l_mi: 1.0000e+00 l_h: 4.7586e+03 
26-08-18 11:41:04.014 - INFO: <epoch: 20, iter: 328,700, lr:6.250e-06> l_back_rec: 3.4942e+02 l_forw_fit: 3.4017e+02 l_mi: 1.0000e+00 l_h: 5.2470e+03 
26-08-18 11:41:57.575 - INFO: <epoch: 20, iter: 328,800, lr:6.250e-06> l_back_rec: 3.9625e+02 l_forw_fit: 3.6419e+02 l_mi: 1.0000e+00 l_h: 4.7225e+03 
26-08-18 11:42:51.203 - INFO: <epoch: 20, iter: 328,900, lr:6.250e-06> l_back_rec: 4.6059e+02 l_forw_fit: 8.0759e+02 l_mi: 1.0000e+00 l_h: 7.5076e+03 
26-08-18 11:43:44.721 - INFO: <epoch: 20, iter: 329,000, lr:6.250e-06> l_back_rec: 3.8850e+02 l_forw_fit: 2.7151e+02 l_mi: 1.0000e+00 l_h: 4.7105e+03 
26-08-18 11:44:24.658 - INFO: # Validation # PSNR_Cover: 5.2145e+01, PSNR_Secret: 4.8953e+01, PSNR_Stego: 4.5847e+01
26-08-18 11:45:18.296 - INFO: <epoch: 20, iter: 329,100, lr:6.250e-06> l_back_rec: 3.5423e+02 l_forw_fit: 2.6486e+02 l_mi: 1.0000e+00 l_h: 4.4434e+03 
26-08-18 11:46:11.633 - INFO: <epoch: 20, iter: 329,200, lr:6.250e-06> l_back_rec: 3.9409e+02 l_forw_fit: 3.1058e+02 l_mi: 1.0000e+00 l_h: 4.9149e+03 
26-08-18 11:47:02.902 - INFO: <epoch: 20, iter: 329,300, lr:6.250e-06> l_back_rec: 4.1856e+02 l_forw_fit: 4.1481e+02 l_mi: 1.0000e+00 l_h: 6.0359e+03 
26-08-18 11:47:55.283 - INFO: <epoch: 20, iter: 329,400, lr:6.250e-06> l_back_rec: 5.5626e+02 l_forw_fit: 5.4859e+02 l_mi: 1.0000e+00 l_h: 6.4072e+03 
26-08-18 11:48:46.274 - INFO: <epoch: 20, iter: 329,500, lr:6.250e-06> l_back_rec: 4.6141e+02 l_forw_fit: 5.2487e+02 l_mi: 1.0000e+00 l_h: 6.4870e+03 
26-08-18 11:49:37.087 - INFO: <epoch: 20, iter: 329,600, lr:6.250e-06> l_back_rec: 3.9137e+02 l_forw_fit: 2.4301e+02 l_mi: 1.0000e+00 l_h: 4.2662e+03 
26-08-18 11:50:28.033 - INFO: <epoch: 20, iter: 329,700, lr:6.250e-06> l_back_rec: 5.0854e+02 l_forw_fit: 5.1804e+02 l_mi: 1.0000e+00 l_h: 6.2973e+03 
26-08-18 11:51:18.823 - INFO: <epoch: 20, iter: 329,800, lr:6.250e-06> l_back_rec: 4.2410e+02 l_forw_fit: 4.0883e+02 l_mi: 1.0000e+00 l_h: 5.7975e+03 
26-08-18 11:52:09.525 - INFO: <epoch: 20, iter: 329,900, lr:6.250e-06> l_back_rec: 4.4562e+02 l_forw_fit: 4.6580e+02 l_mi: 1.0000e+00 l_h: 6.6469e+03 
26-08-18 11:53:00.437 - INFO: <epoch: 20, iter: 330,000, lr:6.250e-06> l_back_rec: 3.5637e+02 l_forw_fit: 2.8142e+02 l_mi: 1.0000e+00 l_h: 4.7545e+03 
26-08-18 11:53:39.124 - INFO: # Validation # PSNR_Cover: 5.2111e+01, PSNR_Secret: 4.8683e+01, PSNR_Stego: 4.5803e+01
26-08-18 11:53:39.124 - INFO: Saving models and training states.
26-08-18 11:54:30.370 - INFO: <epoch: 20, iter: 330,100, lr:6.250e-06> l_back_rec: 3.5850e+02 l_forw_fit: 2.5641e+02 l_mi: 1.0000e+00 l_h: 4.4498e+03 
26-08-18 11:55:21.419 - INFO: <epoch: 20, iter: 330,200, lr:6.250e-06> l_back_rec: 4.5632e+02 l_forw_fit: 5.2179e+02 l_mi: 1.0000e+00 l_h: 7.1400e+03 
26-08-18 11:56:13.249 - INFO: <epoch: 20, iter: 330,300, lr:6.250e-06> l_back_rec: 3.5574e+02 l_forw_fit: 3.5716e+02 l_mi: 1.0000e+00 l_h: 5.4692e+03 
26-08-18 11:57:02.069 - INFO: <epoch: 20, iter: 330,400, lr:6.250e-06> l_back_rec: 3.7669e+02 l_forw_fit: 2.7718e+02 l_mi: 1.0000e+00 l_h: 4.7628e+03 
26-08-18 11:57:54.897 - INFO: <epoch: 20, iter: 330,500, lr:6.250e-06> l_back_rec: 3.7891e+02 l_forw_fit: 2.3402e+02 l_mi: 1.0000e+00 l_h: 4.1846e+03 
26-08-18 11:58:45.935 - INFO: <epoch: 20, iter: 330,600, lr:6.250e-06> l_back_rec: 4.1669e+02 l_forw_fit: 3.5900e+02 l_mi: 1.0000e+00 l_h: 5.1196e+03 
26-08-18 11:59:36.574 - INFO: <epoch: 20, iter: 330,700, lr:6.250e-06> l_back_rec: 4.3387e+02 l_forw_fit: 5.0071e+02 l_mi: 1.0000e+00 l_h: 6.8975e+03 
26-08-18 12:00:27.683 - INFO: <epoch: 20, iter: 330,800, lr:6.250e-06> l_back_rec: 5.0366e+02 l_forw_fit: 4.7631e+02 l_mi: 1.0000e+00 l_h: 5.9176e+03 
26-08-18 12:01:18.690 - INFO: <epoch: 20, iter: 330,900, lr:6.250e-06> l_back_rec: 4.0103e+02 l_forw_fit: 3.6596e+02 l_mi: 1.0000e+00 l_h: 5.4767e+03 
26-08-18 12:02:09.414 - INFO: <epoch: 20, iter: 331,000, lr:6.250e-06> l_back_rec: 4.1787e+02 l_forw_fit: 4.7995e+02 l_mi: 1.0000e+00 l_h: 5.2301e+03 
26-08-18 12:02:48.100 - INFO: # Validation # PSNR_Cover: 5.2137e+01, PSNR_Secret: 4.9029e+01, PSNR_Stego: 4.5768e+01
26-08-18 12:03:38.916 - INFO: <epoch: 20, iter: 331,100, lr:6.250e-06> l_back_rec: 4.1197e+02 l_forw_fit: 2.9312e+02 l_mi: 1.0000e+00 l_h: 4.5195e+03 
26-08-18 12:04:29.565 - INFO: <epoch: 20, iter: 331,200, lr:6.250e-06> l_back_rec: 3.5840e+02 l_forw_fit: 2.4211e+02 l_mi: 1.0000e+00 l_h: 4.2108e+03 
26-08-18 12:05:20.738 - INFO: <epoch: 20, iter: 331,300, lr:6.250e-06> l_back_rec: 3.5999e+02 l_forw_fit: 3.1137e+02 l_mi: 1.0000e+00 l_h: 4.7963e+03 
26-08-18 12:06:12.991 - INFO: <epoch: 20, iter: 331,400, lr:6.250e-06> l_back_rec: 3.6971e+02 l_forw_fit: 2.8948e+02 l_mi: 1.0000e+00 l_h: 4.8039e+03 
26-08-18 12:07:04.758 - INFO: <epoch: 20, iter: 331,500, lr:6.250e-06> l_back_rec: 3.6168e+02 l_forw_fit: 3.4189e+02 l_mi: 1.0000e+00 l_h: 4.9363e+03 
26-08-18 12:07:55.539 - INFO: <epoch: 20, iter: 331,600, lr:6.250e-06> l_back_rec: 3.8308e+02 l_forw_fit: 2.7301e+02 l_mi: 1.0000e+00 l_h: 4.9075e+03 
26-08-18 12:08:46.358 - INFO: <epoch: 20, iter: 331,700, lr:6.250e-06> l_back_rec: 4.0833e+02 l_forw_fit: 3.4479e+02 l_mi: 1.0000e+00 l_h: 5.2440e+03 
26-08-18 12:09:37.350 - INFO: <epoch: 20, iter: 331,800, lr:6.250e-06> l_back_rec: 3.6983e+02 l_forw_fit: 2.8862e+02 l_mi: 1.0000e+00 l_h: 4.9838e+03 
26-08-18 12:10:27.924 - INFO: <epoch: 20, iter: 331,900, lr:6.250e-06> l_back_rec: 3.3476e+02 l_forw_fit: 2.6443e+02 l_mi: 1.0000e+00 l_h: 4.5841e+03 
26-08-18 12:11:18.807 - INFO: <epoch: 20, iter: 332,000, lr:6.250e-06> l_back_rec: 4.0882e+02 l_forw_fit: 2.9063e+02 l_mi: 1.0000e+00 l_h: 4.8280e+03 
26-08-18 12:11:58.417 - INFO: # Validation # PSNR_Cover: 5.2093e+01, PSNR_Secret: 4.8987e+01, PSNR_Stego: 4.5752e+01
26-08-18 12:12:49.226 - INFO: <epoch: 20, iter: 332,100, lr:6.250e-06> l_back_rec: 4.2402e+02 l_forw_fit: 2.7653e+02 l_mi: 1.0000e+00 l_h: 4.8179e+03 
26-08-18 12:13:39.893 - INFO: <epoch: 20, iter: 332,200, lr:6.250e-06> l_back_rec: 3.7491e+02 l_forw_fit: 4.4152e+02 l_mi: 1.0000e+00 l_h: 6.0222e+03 
26-08-18 12:14:30.535 - INFO: <epoch: 20, iter: 332,300, lr:6.250e-06> l_back_rec: 4.8917e+02 l_forw_fit: 5.7063e+02 l_mi: 1.0000e+00 l_h: 6.9954e+03 
26-08-18 12:15:21.480 - INFO: <epoch: 20, iter: 332,400, lr:6.250e-06> l_back_rec: 4.1100e+02 l_forw_fit: 3.8019e+02 l_mi: 1.0000e+00 l_h: 5.7413e+03 
26-08-18 12:16:12.251 - INFO: <epoch: 20, iter: 332,500, lr:6.250e-06> l_back_rec: 3.6490e+02 l_forw_fit: 4.0902e+02 l_mi: 1.0000e+00 l_h: 5.1753e+03 
26-08-18 12:17:02.868 - INFO: <epoch: 20, iter: 332,600, lr:6.250e-06> l_back_rec: 3.9861e+02 l_forw_fit: 3.3751e+02 l_mi: 1.0000e+00 l_h: 5.1500e+03 
26-08-18 12:17:53.754 - INFO: <epoch: 20, iter: 332,700, lr:6.250e-06> l_back_rec: 4.6642e+02 l_forw_fit: 5.7756e+02 l_mi: 1.0000e+00 l_h: 6.9960e+03 
26-08-18 12:18:45.281 - INFO: <epoch: 20, iter: 332,800, lr:6.250e-06> l_back_rec: 4.5302e+02 l_forw_fit: 5.0460e+02 l_mi: 1.0000e+00 l_h: 6.8055e+03 
26-08-18 12:19:36.161 - INFO: <epoch: 20, iter: 332,900, lr:6.250e-06> l_back_rec: 3.4670e+02 l_forw_fit: 2.6672e+02 l_mi: 1.0000e+00 l_h: 4.5385e+03 
26-08-18 12:20:26.997 - INFO: <epoch: 20, iter: 333,000, lr:6.250e-06> l_back_rec: 4.3606e+02 l_forw_fit: 3.8024e+02 l_mi: 1.0000e+00 l_h: 5.3764e+03 
26-08-18 12:21:05.776 - INFO: # Validation # PSNR_Cover: 5.2120e+01, PSNR_Secret: 4.9001e+01, PSNR_Stego: 4.5772e+01
26-08-18 12:21:56.092 - INFO: <epoch: 20, iter: 333,100, lr:6.250e-06> l_back_rec: 4.6884e+02 l_forw_fit: 6.3268e+02 l_mi: 1.0000e+00 l_h: 7.0647e+03 
26-08-18 12:22:44.911 - INFO: <epoch: 20, iter: 333,200, lr:6.250e-06> l_back_rec: 4.9022e+02 l_forw_fit: 7.8295e+02 l_mi: 1.0000e+00 l_h: 8.1705e+03 
26-08-18 12:23:32.487 - INFO: <epoch: 20, iter: 333,300, lr:6.250e-06> l_back_rec: 4.3797e+02 l_forw_fit: 4.3898e+02 l_mi: 1.0000e+00 l_h: 6.1186e+03 
26-08-18 12:24:19.800 - INFO: <epoch: 20, iter: 333,400, lr:6.250e-06> l_back_rec: 4.2182e+02 l_forw_fit: 4.2142e+02 l_mi: 1.0000e+00 l_h: 5.6375e+03 
26-08-18 12:25:06.779 - INFO: <epoch: 20, iter: 333,500, lr:6.250e-06> l_back_rec: 3.6424e+02 l_forw_fit: 2.4742e+02 l_mi: 1.0000e+00 l_h: 4.1604e+03 
26-08-18 12:25:53.915 - INFO: <epoch: 20, iter: 333,600, lr:6.250e-06> l_back_rec: 4.9128e+02 l_forw_fit: 4.8456e+02 l_mi: 1.0000e+00 l_h: 6.7329e+03 
26-08-18 12:26:41.296 - INFO: <epoch: 20, iter: 333,700, lr:6.250e-06> l_back_rec: 3.8431e+02 l_forw_fit: 3.1709e+02 l_mi: 1.0000e+00 l_h: 5.0899e+03 
26-08-18 12:27:28.511 - INFO: <epoch: 20, iter: 333,800, lr:6.250e-06> l_back_rec: 3.9148e+02 l_forw_fit: 5.4888e+02 l_mi: 1.0000e+00 l_h: 6.3020e+03 
26-08-18 12:28:15.847 - INFO: <epoch: 20, iter: 333,900, lr:6.250e-06> l_back_rec: 4.0007e+02 l_forw_fit: 2.6924e+02 l_mi: 1.0000e+00 l_h: 4.5044e+03 
26-08-18 12:29:03.026 - INFO: <epoch: 20, iter: 334,000, lr:6.250e-06> l_back_rec: 3.6816e+02 l_forw_fit: 3.4027e+02 l_mi: 1.0000e+00 l_h: 5.5557e+03 
26-08-18 12:29:39.757 - INFO: # Validation # PSNR_Cover: 5.2075e+01, PSNR_Secret: 4.8978e+01, PSNR_Stego: 4.5828e+01
26-08-18 12:30:27.283 - INFO: <epoch: 20, iter: 334,100, lr:6.250e-06> l_back_rec: 4.4954e+02 l_forw_fit: 3.8828e+02 l_mi: 1.0000e+00 l_h: 5.4035e+03 
26-08-18 12:31:14.674 - INFO: <epoch: 20, iter: 334,200, lr:6.250e-06> l_back_rec: 3.7016e+02 l_forw_fit: 4.3714e+02 l_mi: 1.0000e+00 l_h: 5.2815e+03 
26-08-18 12:32:01.609 - INFO: <epoch: 20, iter: 334,300, lr:6.250e-06> l_back_rec: 4.4678e+02 l_forw_fit: 5.4806e+02 l_mi: 1.0000e+00 l_h: 6.7574e+03 
26-08-18 12:32:48.855 - INFO: <epoch: 20, iter: 334,400, lr:6.250e-06> l_back_rec: 4.0767e+02 l_forw_fit: 4.4093e+02 l_mi: 1.0000e+00 l_h: 5.9459e+03 
26-08-18 12:33:35.830 - INFO: <epoch: 20, iter: 334,500, lr:6.250e-06> l_back_rec: 4.2686e+02 l_forw_fit: 4.3898e+02 l_mi: 1.0000e+00 l_h: 5.8895e+03 
26-08-18 12:34:22.743 - INFO: <epoch: 20, iter: 334,600, lr:6.250e-06> l_back_rec: 4.5955e+02 l_forw_fit: 4.7755e+02 l_mi: 1.0000e+00 l_h: 6.4707e+03 
26-08-18 12:35:09.785 - INFO: <epoch: 20, iter: 334,700, lr:6.250e-06> l_back_rec: 4.3367e+02 l_forw_fit: 4.7046e+02 l_mi: 1.0000e+00 l_h: 5.7396e+03 
26-08-18 12:35:56.985 - INFO: <epoch: 20, iter: 334,800, lr:6.250e-06> l_back_rec: 3.8475e+02 l_forw_fit: 2.8848e+02 l_mi: 1.0000e+00 l_h: 4.8152e+03 
26-08-18 12:36:44.370 - INFO: <epoch: 20, iter: 334,900, lr:6.250e-06> l_back_rec: 3.6230e+02 l_forw_fit: 3.5264e+02 l_mi: 1.0000e+00 l_h: 5.2837e+03 
26-08-18 12:37:31.160 - INFO: <epoch: 20, iter: 335,000, lr:6.250e-06> l_back_rec: 3.9028e+02 l_forw_fit: 3.3307e+02 l_mi: 1.0000e+00 l_h: 5.2738e+03 
26-08-18 12:38:07.414 - INFO: # Validation # PSNR_Cover: 5.2083e+01, PSNR_Secret: 4.8947e+01, PSNR_Stego: 4.5877e+01
26-08-18 12:38:07.415 - INFO: Saving models and training states.
26-08-18 12:38:54.986 - INFO: <epoch: 20, iter: 335,100, lr:6.250e-06> l_back_rec: 3.9907e+02 l_forw_fit: 4.1476e+02 l_mi: 1.0000e+00 l_h: 5.5241e+03 
26-08-18 12:39:42.098 - INFO: <epoch: 20, iter: 335,200, lr:6.250e-06> l_back_rec: 3.8592e+02 l_forw_fit: 2.8374e+02 l_mi: 1.0000e+00 l_h: 4.5351e+03 
26-08-18 12:40:29.309 - INFO: <epoch: 20, iter: 335,300, lr:6.250e-06> l_back_rec: 5.0356e+02 l_forw_fit: 5.7903e+02 l_mi: 1.0000e+00 l_h: 6.9233e+03 
26-08-18 12:41:16.555 - INFO: <epoch: 20, iter: 335,400, lr:6.250e-06> l_back_rec: 4.2678e+02 l_forw_fit: 4.1738e+02 l_mi: 1.0000e+00 l_h: 5.6683e+03 
26-08-18 12:42:03.689 - INFO: <epoch: 20, iter: 335,500, lr:6.250e-06> l_back_rec: 4.1294e+02 l_forw_fit: 3.7995e+02 l_mi: 1.0000e+00 l_h: 5.7930e+03 
26-08-18 12:42:50.848 - INFO: <epoch: 20, iter: 335,600, lr:6.250e-06> l_back_rec: 4.3310e+02 l_forw_fit: 5.0777e+02 l_mi: 1.0000e+00 l_h: 6.9398e+03 
26-08-18 12:43:37.736 - INFO: <epoch: 20, iter: 335,700, lr:6.250e-06> l_back_rec: 4.0029e+02 l_forw_fit: 3.6508e+02 l_mi: 1.0000e+00 l_h: 5.8104e+03 
26-08-18 12:44:24.780 - INFO: <epoch: 20, iter: 335,800, lr:6.250e-06> l_back_rec: 4.3074e+02 l_forw_fit: 4.1839e+02 l_mi: 1.0000e+00 l_h: 5.4368e+03 
26-08-18 12:45:11.837 - INFO: <epoch: 20, iter: 335,900, lr:6.250e-06> l_back_rec: 4.3104e+02 l_forw_fit: 5.1832e+02 l_mi: 1.0000e+00 l_h: 6.6114e+03 
26-08-18 12:45:58.948 - INFO: <epoch: 20, iter: 336,000, lr:6.250e-06> l_back_rec: 3.7635e+02 l_forw_fit: 4.0959e+02 l_mi: 1.0000e+00 l_h: 5.7301e+03 
26-08-18 12:46:35.476 - INFO: # Validation # PSNR_Cover: 5.2054e+01, PSNR_Secret: 4.9019e+01, PSNR_Stego: 4.5769e+01
26-08-18 12:47:22.648 - INFO: <epoch: 20, iter: 336,100, lr:6.250e-06> l_back_rec: 3.4926e+02 l_forw_fit: 2.4497e+02 l_mi: 1.0000e+00 l_h: 4.4112e+03 
26-08-18 12:48:09.911 - INFO: <epoch: 20, iter: 336,200, lr:6.250e-06> l_back_rec: 4.2776e+02 l_forw_fit: 4.9313e+02 l_mi: 1.0000e+00 l_h: 6.5115e+03 
26-08-18 12:48:57.107 - INFO: <epoch: 20, iter: 336,300, lr:6.250e-06> l_back_rec: 4.2268e+02 l_forw_fit: 4.0828e+02 l_mi: 1.0000e+00 l_h: 5.9115e+03 
26-08-18 12:49:44.344 - INFO: <epoch: 20, iter: 336,400, lr:6.250e-06> l_back_rec: 3.6269e+02 l_forw_fit: 5.2139e+02 l_mi: 1.0000e+00 l_h: 6.2919e+03 
26-08-18 12:50:31.336 - INFO: <epoch: 20, iter: 336,500, lr:6.250e-06> l_back_rec: 3.8086e+02 l_forw_fit: 3.9723e+02 l_mi: 1.0000e+00 l_h: 5.6164e+03 
26-08-18 12:51:18.340 - INFO: <epoch: 20, iter: 336,600, lr:6.250e-06> l_back_rec: 4.4615e+02 l_forw_fit: 4.4203e+02 l_mi: 1.0000e+00 l_h: 5.5189e+03 
26-08-18 12:52:05.187 - INFO: <epoch: 20, iter: 336,700, lr:6.250e-06> l_back_rec: 3.9941e+02 l_forw_fit: 2.5089e+02 l_mi: 1.0000e+00 l_h: 4.6298e+03 
26-08-18 12:52:52.271 - INFO: <epoch: 20, iter: 336,800, lr:6.250e-06> l_back_rec: 3.6905e+02 l_forw_fit: 4.4537e+02 l_mi: 1.0000e+00 l_h: 5.7319e+03 
26-08-18 12:53:39.555 - INFO: <epoch: 20, iter: 336,900, lr:6.250e-06> l_back_rec: 4.6986e+02 l_forw_fit: 6.2808e+02 l_mi: 1.0000e+00 l_h: 7.3658e+03 
26-08-18 12:54:26.721 - INFO: <epoch: 20, iter: 337,000, lr:6.250e-06> l_back_rec: 4.2542e+02 l_forw_fit: 4.3269e+02 l_mi: 1.0000e+00 l_h: 5.7100e+03 
26-08-18 12:55:03.608 - INFO: # Validation # PSNR_Cover: 5.2109e+01, PSNR_Secret: 4.9027e+01, PSNR_Stego: 4.5760e+01
26-08-18 12:55:50.777 - INFO: <epoch: 20, iter: 337,100, lr:6.250e-06> l_back_rec: 4.1455e+02 l_forw_fit: 5.2909e+02 l_mi: 1.0000e+00 l_h: 6.5599e+03 
26-08-18 12:56:37.705 - INFO: <epoch: 20, iter: 337,200, lr:6.250e-06> l_back_rec: 4.7734e+02 l_forw_fit: 3.5145e+02 l_mi: 1.0000e+00 l_h: 4.6859e+03 
26-08-18 12:57:24.897 - INFO: <epoch: 20, iter: 337,300, lr:6.250e-06> l_back_rec: 3.6539e+02 l_forw_fit: 3.7297e+02 l_mi: 1.0000e+00 l_h: 5.3116e+03 
26-08-18 12:58:12.111 - INFO: <epoch: 20, iter: 337,400, lr:6.250e-06> l_back_rec: 3.7194e+02 l_forw_fit: 3.6041e+02 l_mi: 1.0000e+00 l_h: 4.9903e+03 
26-08-18 12:58:59.221 - INFO: <epoch: 20, iter: 337,500, lr:6.250e-06> l_back_rec: 4.5513e+02 l_forw_fit: 4.0191e+02 l_mi: 1.0000e+00 l_h: 5.8124e+03 
26-08-18 12:59:46.422 - INFO: <epoch: 20, iter: 337,600, lr:6.250e-06> l_back_rec: 5.0565e+02 l_forw_fit: 5.4473e+02 l_mi: 1.0000e+00 l_h: 7.0929e+03 
26-08-18 13:00:33.544 - INFO: <epoch: 20, iter: 337,700, lr:6.250e-06> l_back_rec: 4.6283e+02 l_forw_fit: 3.4893e+02 l_mi: 1.0000e+00 l_h: 5.3067e+03 
26-08-18 13:01:20.844 - INFO: <epoch: 20, iter: 337,800, lr:6.250e-06> l_back_rec: 4.0174e+02 l_forw_fit: 3.8800e+02 l_mi: 1.0000e+00 l_h: 6.3522e+03 
26-08-18 13:02:07.870 - INFO: <epoch: 20, iter: 337,900, lr:6.250e-06> l_back_rec: 3.5404e+02 l_forw_fit: 2.7701e+02 l_mi: 1.0000e+00 l_h: 4.6629e+03 
26-08-18 13:02:55.163 - INFO: <epoch: 20, iter: 338,000, lr:6.250e-06> l_back_rec: 4.4914e+02 l_forw_fit: 5.0418e+02 l_mi: 1.0000e+00 l_h: 7.1757e+03 
26-08-18 13:03:31.686 - INFO: # Validation # PSNR_Cover: 5.2149e+01, PSNR_Secret: 4.9017e+01, PSNR_Stego: 4.5734e+01
26-08-18 13:04:19.540 - INFO: <epoch: 20, iter: 338,100, lr:6.250e-06> l_back_rec: 3.7049e+02 l_forw_fit: 2.9082e+02 l_mi: 1.0000e+00 l_h: 4.8708e+03 
26-08-18 13:05:06.762 - INFO: <epoch: 20, iter: 338,200, lr:6.250e-06> l_back_rec: 3.7241e+02 l_forw_fit: 3.5647e+02 l_mi: 1.0000e+00 l_h: 5.2660e+03 
26-08-18 13:05:53.989 - INFO: <epoch: 20, iter: 338,300, lr:6.250e-06> l_back_rec: 4.1161e+02 l_forw_fit: 3.2107e+02 l_mi: 1.0000e+00 l_h: 5.1879e+03 
26-08-18 13:06:41.486 - INFO: <epoch: 20, iter: 338,400, lr:6.250e-06> l_back_rec: 3.9336e+02 l_forw_fit: 4.1455e+02 l_mi: 1.0000e+00 l_h: 5.8330e+03 
26-08-18 13:07:28.437 - INFO: <epoch: 20, iter: 338,500, lr:6.250e-06> l_back_rec: 4.2314e+02 l_forw_fit: 3.5626e+02 l_mi: 1.0000e+00 l_h: 5.5067e+03 
26-08-18 13:08:15.724 - INFO: <epoch: 20, iter: 338,600, lr:6.250e-06> l_back_rec: 4.3081e+02 l_forw_fit: 4.4032e+02 l_mi: 1.0000e+00 l_h: 6.2978e+03 
26-08-18 13:09:02.951 - INFO: <epoch: 20, iter: 338,700, lr:6.250e-06> l_back_rec: 3.6917e+02 l_forw_fit: 3.8331e+02 l_mi: 1.0000e+00 l_h: 5.4715e+03 
26-08-18 13:09:50.213 - INFO: <epoch: 20, iter: 338,800, lr:6.250e-06> l_back_rec: 4.0948e+02 l_forw_fit: 4.2682e+02 l_mi: 1.0000e+00 l_h: 6.1939e+03 
26-08-18 13:10:37.458 - INFO: <epoch: 20, iter: 338,900, lr:6.250e-06> l_back_rec: 3.7299e+02 l_forw_fit: 3.3355e+02 l_mi: 1.0000e+00 l_h: 5.0061e+03 
26-08-18 13:11:24.886 - INFO: <epoch: 20, iter: 339,000, lr:6.250e-06> l_back_rec: 3.8525e+02 l_forw_fit: 3.1892e+02 l_mi: 1.0000e+00 l_h: 4.9609e+03 
26-08-18 13:12:00.792 - INFO: # Validation # PSNR_Cover: 5.2109e+01, PSNR_Secret: 4.9084e+01, PSNR_Stego: 4.5681e+01
26-08-18 13:12:48.163 - INFO: <epoch: 20, iter: 339,100, lr:6.250e-06> l_back_rec: 4.0612e+02 l_forw_fit: 2.9604e+02 l_mi: 1.0000e+00 l_h: 4.7529e+03 
26-08-18 13:13:33.447 - INFO: <epoch: 20, iter: 339,200, lr:6.250e-06> l_back_rec: 4.1433e+02 l_forw_fit: 4.0367e+02 l_mi: 1.0000e+00 l_h: 4.6039e+03 
26-08-18 13:15:36.335 - INFO: <epoch: 21, iter: 339,300, lr:6.250e-06> l_back_rec: 4.1022e+02 l_forw_fit: 3.0828e+02 l_mi: 1.0000e+00 l_h: 4.7566e+03 
26-08-18 13:16:25.116 - INFO: <epoch: 21, iter: 339,400, lr:6.250e-06> l_back_rec: 4.3417e+02 l_forw_fit: 4.0727e+02 l_mi: 1.0000e+00 l_h: 5.6948e+03 
26-08-18 13:17:13.600 - INFO: <epoch: 21, iter: 339,500, lr:6.250e-06> l_back_rec: 3.7605e+02 l_forw_fit: 3.3814e+02 l_mi: 1.0000e+00 l_h: 5.2307e+03 
26-08-18 13:18:02.704 - INFO: <epoch: 21, iter: 339,600, lr:6.250e-06> l_back_rec: 3.7437e+02 l_forw_fit: 4.2033e+02 l_mi: 1.0000e+00 l_h: 5.6057e+03 
26-08-18 13:18:50.745 - INFO: <epoch: 21, iter: 339,700, lr:6.250e-06> l_back_rec: 3.6010e+02 l_forw_fit: 2.5292e+02 l_mi: 1.0000e+00 l_h: 4.3742e+03 
26-08-18 13:19:38.226 - INFO: <epoch: 21, iter: 339,800, lr:6.250e-06> l_back_rec: 4.2411e+02 l_forw_fit: 5.0532e+02 l_mi: 1.0000e+00 l_h: 6.3916e+03 
26-08-18 13:20:25.583 - INFO: <epoch: 21, iter: 339,900, lr:6.250e-06> l_back_rec: 3.5394e+02 l_forw_fit: 2.9320e+02 l_mi: 1.0000e+00 l_h: 4.7041e+03 
26-08-18 13:21:12.827 - INFO: <epoch: 21, iter: 340,000, lr:6.250e-06> l_back_rec: 3.5966e+02 l_forw_fit: 2.5289e+02 l_mi: 1.0000e+00 l_h: 4.5335e+03 
26-08-18 13:21:50.086 - INFO: # Validation # PSNR_Cover: 5.2088e+01, PSNR_Secret: 4.9074e+01, PSNR_Stego: 4.5710e+01
26-08-18 13:21:50.087 - INFO: Saving models and training states.
26-08-18 13:22:39.149 - INFO: <epoch: 21, iter: 340,100, lr:6.250e-06> l_back_rec: 4.0143e+02 l_forw_fit: 3.7498e+02 l_mi: 1.0000e+00 l_h: 5.5363e+03 
26-08-18 13:23:26.669 - INFO: <epoch: 21, iter: 340,200, lr:6.250e-06> l_back_rec: 5.9445e+02 l_forw_fit: 8.1989e+02 l_mi: 1.0000e+00 l_h: 7.9792e+03 
26-08-18 13:24:14.240 - INFO: <epoch: 21, iter: 340,300, lr:6.250e-06> l_back_rec: 3.6002e+02 l_forw_fit: 2.6402e+02 l_mi: 1.0000e+00 l_h: 4.6762e+03 
26-08-18 13:24:59.979 - INFO: <epoch: 21, iter: 340,400, lr:6.250e-06> l_back_rec: 3.6033e+02 l_forw_fit: 2.4254e+02 l_mi: 1.0000e+00 l_h: 4.2602e+03 
26-08-18 13:25:45.759 - INFO: <epoch: 21, iter: 340,500, lr:6.250e-06> l_back_rec: 3.5421e+02 l_forw_fit: 2.6517e+02 l_mi: 1.0000e+00 l_h: 4.5945e+03 
26-08-18 13:26:32.569 - INFO: <epoch: 21, iter: 340,600, lr:6.250e-06> l_back_rec: 3.8808e+02 l_forw_fit: 2.6525e+02 l_mi: 1.0000e+00 l_h: 4.5788e+03 
26-08-18 13:27:19.607 - INFO: <epoch: 21, iter: 340,700, lr:6.250e-06> l_back_rec: 3.4386e+02 l_forw_fit: 2.1714e+02 l_mi: 1.0000e+00 l_h: 4.0354e+03 
26-08-18 13:28:06.744 - INFO: <epoch: 21, iter: 340,800, lr:6.250e-06> l_back_rec: 5.0185e+02 l_forw_fit: 4.5529e+02 l_mi: 1.0000e+00 l_h: 7.1594e+03 
26-08-18 13:28:53.864 - INFO: <epoch: 21, iter: 340,900, lr:6.250e-06> l_back_rec: 3.8464e+02 l_forw_fit: 4.3876e+02 l_mi: 1.0000e+00 l_h: 5.7674e+03 
26-08-18 13:29:40.961 - INFO: <epoch: 21, iter: 341,000, lr:6.250e-06> l_back_rec: 4.2612e+02 l_forw_fit: 2.3184e+02 l_mi: 1.0000e+00 l_h: 3.7930e+03 
26-08-18 13:30:17.548 - INFO: # Validation # PSNR_Cover: 5.2131e+01, PSNR_Secret: 4.8968e+01, PSNR_Stego: 4.5810e+01
26-08-18 13:31:04.565 - INFO: <epoch: 21, iter: 341,100, lr:6.250e-06> l_back_rec: 4.0731e+02 l_forw_fit: 3.0448e+02 l_mi: 1.0000e+00 l_h: 4.7254e+03 
26-08-18 13:31:52.088 - INFO: <epoch: 21, iter: 341,200, lr:6.250e-06> l_back_rec: 4.8663e+02 l_forw_fit: 4.7785e+02 l_mi: 1.0000e+00 l_h: 6.0930e+03 
26-08-18 13:32:39.181 - INFO: <epoch: 21, iter: 341,300, lr:6.250e-06> l_back_rec: 3.8870e+02 l_forw_fit: 2.9312e+02 l_mi: 1.0000e+00 l_h: 4.9227e+03 
26-08-18 13:33:26.185 - INFO: <epoch: 21, iter: 341,400, lr:6.250e-06> l_back_rec: 3.9969e+02 l_forw_fit: 4.0163e+02 l_mi: 1.0000e+00 l_h: 5.5293e+03 
26-08-18 13:34:13.142 - INFO: <epoch: 21, iter: 341,500, lr:6.250e-06> l_back_rec: 4.3605e+02 l_forw_fit: 2.8590e+02 l_mi: 1.0000e+00 l_h: 4.5531e+03 
26-08-18 13:35:00.172 - INFO: <epoch: 21, iter: 341,600, lr:6.250e-06> l_back_rec: 3.4364e+02 l_forw_fit: 3.3780e+02 l_mi: 1.0000e+00 l_h: 5.3461e+03 
26-08-18 13:35:47.326 - INFO: <epoch: 21, iter: 341,700, lr:6.250e-06> l_back_rec: 4.0160e+02 l_forw_fit: 3.8780e+02 l_mi: 1.0000e+00 l_h: 5.5351e+03 
26-08-18 13:36:34.492 - INFO: <epoch: 21, iter: 341,800, lr:6.250e-06> l_back_rec: 3.8569e+02 l_forw_fit: 3.3481e+02 l_mi: 1.0000e+00 l_h: 5.2054e+03 
26-08-18 13:37:21.856 - INFO: <epoch: 21, iter: 341,900, lr:6.250e-06> l_back_rec: 4.0565e+02 l_forw_fit: 4.5163e+02 l_mi: 1.0000e+00 l_h: 5.5079e+03 
26-08-18 13:38:08.733 - INFO: <epoch: 21, iter: 342,000, lr:6.250e-06> l_back_rec: 3.5276e+02 l_forw_fit: 2.7186e+02 l_mi: 1.0000e+00 l_h: 4.6066e+03 
26-08-18 13:38:45.607 - INFO: # Validation # PSNR_Cover: 5.2090e+01, PSNR_Secret: 4.9034e+01, PSNR_Stego: 4.5714e+01
26-08-18 13:39:32.797 - INFO: <epoch: 21, iter: 342,100, lr:6.250e-06> l_back_rec: 3.5799e+02 l_forw_fit: 2.0306e+02 l_mi: 1.0000e+00 l_h: 4.0649e+03 
26-08-18 13:40:19.816 - INFO: <epoch: 21, iter: 342,200, lr:6.250e-06> l_back_rec: 3.1905e+02 l_forw_fit: 1.9820e+02 l_mi: 1.0000e+00 l_h: 3.8727e+03 
26-08-18 13:41:06.808 - INFO: <epoch: 21, iter: 342,300, lr:6.250e-06> l_back_rec: 3.9029e+02 l_forw_fit: 5.8648e+02 l_mi: 1.0000e+00 l_h: 6.3258e+03 
26-08-18 13:41:54.063 - INFO: <epoch: 21, iter: 342,400, lr:6.250e-06> l_back_rec: 4.9000e+02 l_forw_fit: 4.9616e+02 l_mi: 1.0000e+00 l_h: 6.5578e+03 
26-08-18 13:42:41.142 - INFO: <epoch: 21, iter: 342,500, lr:6.250e-06> l_back_rec: 4.0532e+02 l_forw_fit: 4.7894e+02 l_mi: 1.0000e+00 l_h: 6.2670e+03 
26-08-18 13:43:28.251 - INFO: <epoch: 21, iter: 342,600, lr:6.250e-06> l_back_rec: 4.6942e+02 l_forw_fit: 5.8849e+02 l_mi: 1.0000e+00 l_h: 6.8932e+03 
26-08-18 13:44:15.522 - INFO: <epoch: 21, iter: 342,700, lr:6.250e-06> l_back_rec: 3.8435e+02 l_forw_fit: 3.6162e+02 l_mi: 1.0000e+00 l_h: 5.7540e+03 
26-08-18 13:45:02.522 - INFO: <epoch: 21, iter: 342,800, lr:6.250e-06> l_back_rec: 4.1495e+02 l_forw_fit: 4.5547e+02 l_mi: 1.0000e+00 l_h: 6.1604e+03 
26-08-18 13:45:49.697 - INFO: <epoch: 21, iter: 342,900, lr:6.250e-06> l_back_rec: 4.6958e+02 l_forw_fit: 3.6990e+02 l_mi: 1.0000e+00 l_h: 5.1427e+03 
26-08-18 13:46:36.736 - INFO: <epoch: 21, iter: 343,000, lr:6.250e-06> l_back_rec: 5.1135e+02 l_forw_fit: 4.4046e+02 l_mi: 1.0000e+00 l_h: 5.3709e+03 
26-08-18 13:47:13.566 - INFO: # Validation # PSNR_Cover: 5.2187e+01, PSNR_Secret: 4.9048e+01, PSNR_Stego: 4.5792e+01
26-08-18 13:48:00.543 - INFO: <epoch: 21, iter: 343,100, lr:6.250e-06> l_back_rec: 3.6358e+02 l_forw_fit: 3.0423e+02 l_mi: 1.0000e+00 l_h: 5.0943e+03 
26-08-18 13:48:47.713 - INFO: <epoch: 21, iter: 343,200, lr:6.250e-06> l_back_rec: 3.9129e+02 l_forw_fit: 3.5867e+02 l_mi: 1.0000e+00 l_h: 5.4393e+03 
26-08-18 13:49:34.720 - INFO: <epoch: 21, iter: 343,300, lr:6.250e-06> l_back_rec: 3.6032e+02 l_forw_fit: 2.8119e+02 l_mi: 1.0000e+00 l_h: 4.5487e+03 
26-08-18 13:50:22.134 - INFO: <epoch: 21, iter: 343,400, lr:6.250e-06> l_back_rec: 4.0259e+02 l_forw_fit: 3.6841e+02 l_mi: 1.0000e+00 l_h: 5.5102e+03 
26-08-18 13:51:09.418 - INFO: <epoch: 21, iter: 343,500, lr:6.250e-06> l_back_rec: 4.3474e+02 l_forw_fit: 4.9514e+02 l_mi: 1.0000e+00 l_h: 6.7699e+03 
26-08-18 13:51:56.877 - INFO: <epoch: 21, iter: 343,600, lr:6.250e-06> l_back_rec: 3.8965e+02 l_forw_fit: 3.3623e+02 l_mi: 1.0000e+00 l_h: 5.2057e+03 
26-08-18 13:52:44.143 - INFO: <epoch: 21, iter: 343,700, lr:6.250e-06> l_back_rec: 4.0004e+02 l_forw_fit: 2.9109e+02 l_mi: 1.0000e+00 l_h: 4.8952e+03 
26-08-18 13:53:31.225 - INFO: <epoch: 21, iter: 343,800, lr:6.250e-06> l_back_rec: 3.6388e+02 l_forw_fit: 2.8216e+02 l_mi: 1.0000e+00 l_h: 4.6598e+03 
26-08-18 13:54:18.768 - INFO: <epoch: 21, iter: 343,900, lr:6.250e-06> l_back_rec: 4.1002e+02 l_forw_fit: 2.7389e+02 l_mi: 1.0000e+00 l_h: 4.5492e+03 
26-08-18 13:55:06.009 - INFO: <epoch: 21, iter: 344,000, lr:6.250e-06> l_back_rec: 3.7401e+02 l_forw_fit: 3.5070e+02 l_mi: 1.0000e+00 l_h: 5.4242e+03 
26-08-18 13:55:42.498 - INFO: # Validation # PSNR_Cover: 5.2118e+01, PSNR_Secret: 4.8868e+01, PSNR_Stego: 4.5724e+01
26-08-18 13:56:29.476 - INFO: <epoch: 21, iter: 344,100, lr:6.250e-06> l_back_rec: 3.5139e+02 l_forw_fit: 2.9438e+02 l_mi: 1.0000e+00 l_h: 4.9160e+03 
26-08-18 13:57:16.969 - INFO: <epoch: 21, iter: 344,200, lr:6.250e-06> l_back_rec: 4.2745e+02 l_forw_fit: 4.8373e+02 l_mi: 1.0000e+00 l_h: 6.1607e+03 
26-08-18 13:58:04.000 - INFO: <epoch: 21, iter: 344,300, lr:6.250e-06> l_back_rec: 3.2918e+02 l_forw_fit: 2.1322e+02 l_mi: 1.0000e+00 l_h: 4.0363e+03 
26-08-18 13:58:51.313 - INFO: <epoch: 21, iter: 344,400, lr:6.250e-06> l_back_rec: 3.5503e+02 l_forw_fit: 3.8763e+02 l_mi: 1.0000e+00 l_h: 5.8969e+03 
26-08-18 13:59:38.397 - INFO: <epoch: 21, iter: 344,500, lr:6.250e-06> l_back_rec: 4.2056e+02 l_forw_fit: 4.1395e+02 l_mi: 1.0000e+00 l_h: 6.1269e+03 
26-08-18 14:00:25.920 - INFO: <epoch: 21, iter: 344,600, lr:6.250e-06> l_back_rec: 3.9978e+02 l_forw_fit: 3.4099e+02 l_mi: 1.0000e+00 l_h: 5.1006e+03 
26-08-18 14:01:13.297 - INFO: <epoch: 21, iter: 344,700, lr:6.250e-06> l_back_rec: 3.8724e+02 l_forw_fit: 3.0952e+02 l_mi: 1.0000e+00 l_h: 4.7886e+03 
26-08-18 14:02:00.515 - INFO: <epoch: 21, iter: 344,800, lr:6.250e-06> l_back_rec: 3.9995e+02 l_forw_fit: 5.1594e+02 l_mi: 1.0000e+00 l_h: 6.7367e+03 
26-08-18 14:02:47.973 - INFO: <epoch: 21, iter: 344,900, lr:6.250e-06> l_back_rec: 3.6774e+02 l_forw_fit: 2.5915e+02 l_mi: 1.0000e+00 l_h: 4.4474e+03 
26-08-18 14:03:34.985 - INFO: <epoch: 21, iter: 345,000, lr:6.250e-06> l_back_rec: 3.7970e+02 l_forw_fit: 3.8524e+02 l_mi: 1.0000e+00 l_h: 5.4892e+03 
26-08-18 14:04:12.046 - INFO: # Validation # PSNR_Cover: 5.2076e+01, PSNR_Secret: 4.9051e+01, PSNR_Stego: 4.5759e+01
26-08-18 14:04:12.047 - INFO: Saving models and training states.
26-08-18 14:04:59.916 - INFO: <epoch: 21, iter: 345,100, lr:6.250e-06> l_back_rec: 4.2784e+02 l_forw_fit: 3.7302e+02 l_mi: 1.0000e+00 l_h: 5.4612e+03 
26-08-18 14:05:47.267 - INFO: <epoch: 21, iter: 345,200, lr:6.250e-06> l_back_rec: 4.3330e+02 l_forw_fit: 4.2047e+02 l_mi: 1.0000e+00 l_h: 5.7229e+03 
26-08-18 14:06:34.556 - INFO: <epoch: 21, iter: 345,300, lr:6.250e-06> l_back_rec: 3.5694e+02 l_forw_fit: 2.9434e+02 l_mi: 1.0000e+00 l_h: 4.8654e+03 
26-08-18 14:07:22.015 - INFO: <epoch: 21, iter: 345,400, lr:6.250e-06> l_back_rec: 3.8786e+02 l_forw_fit: 3.4827e+02 l_mi: 1.0000e+00 l_h: 5.0945e+03 
26-08-18 14:08:09.131 - INFO: <epoch: 21, iter: 345,500, lr:6.250e-06> l_back_rec: 3.7221e+02 l_forw_fit: 3.5191e+02 l_mi: 1.0000e+00 l_h: 5.2766e+03 
26-08-18 14:08:56.433 - INFO: <epoch: 21, iter: 345,600, lr:6.250e-06> l_back_rec: 3.5346e+02 l_forw_fit: 2.3613e+02 l_mi: 1.0000e+00 l_h: 4.2345e+03 
26-08-18 14:09:43.702 - INFO: <epoch: 21, iter: 345,700, lr:6.250e-06> l_back_rec: 3.9105e+02 l_forw_fit: 3.7325e+02 l_mi: 1.0000e+00 l_h: 5.4603e+03 
26-08-18 14:10:30.840 - INFO: <epoch: 21, iter: 345,800, lr:6.250e-06> l_back_rec: 4.1855e+02 l_forw_fit: 6.1360e+02 l_mi: 1.0000e+00 l_h: 6.5351e+03 
26-08-18 14:11:18.572 - INFO: <epoch: 21, iter: 345,900, lr:6.250e-06> l_back_rec: 4.9011e+02 l_forw_fit: 4.5771e+02 l_mi: 1.0000e+00 l_h: 6.4330e+03 
26-08-18 14:12:05.932 - INFO: <epoch: 21, iter: 346,000, lr:6.250e-06> l_back_rec: 4.0087e+02 l_forw_fit: 4.7372e+02 l_mi: 1.0000e+00 l_h: 6.4630e+03 
26-08-18 14:12:42.262 - INFO: # Validation # PSNR_Cover: 5.2153e+01, PSNR_Secret: 4.9040e+01, PSNR_Stego: 4.5734e+01
26-08-18 14:13:29.421 - INFO: <epoch: 21, iter: 346,100, lr:6.250e-06> l_back_rec: 4.0621e+02 l_forw_fit: 4.4518e+02 l_mi: 1.0000e+00 l_h: 6.4658e+03 
26-08-18 14:14:16.866 - INFO: <epoch: 21, iter: 346,200, lr:6.250e-06> l_back_rec: 5.1757e+02 l_forw_fit: 4.0021e+02 l_mi: 1.0000e+00 l_h: 5.4896e+03 
26-08-18 14:15:04.018 - INFO: <epoch: 21, iter: 346,300, lr:6.250e-06> l_back_rec: 4.6515e+02 l_forw_fit: 2.8867e+02 l_mi: 1.0000e+00 l_h: 5.0231e+03 
26-08-18 14:15:51.376 - INFO: <epoch: 21, iter: 346,400, lr:6.250e-06> l_back_rec: 3.4818e+02 l_forw_fit: 4.1254e+02 l_mi: 1.0000e+00 l_h: 5.2948e+03 
26-08-18 14:16:38.528 - INFO: <epoch: 21, iter: 346,500, lr:6.250e-06> l_back_rec: 4.0971e+02 l_forw_fit: 4.5890e+02 l_mi: 1.0000e+00 l_h: 6.2483e+03 
26-08-18 14:17:25.889 - INFO: <epoch: 21, iter: 346,600, lr:6.250e-06> l_back_rec: 3.5923e+02 l_forw_fit: 2.9943e+02 l_mi: 1.0000e+00 l_h: 4.8897e+03 
26-08-18 14:18:13.205 - INFO: <epoch: 21, iter: 346,700, lr:6.250e-06> l_back_rec: 4.8539e+02 l_forw_fit: 6.2946e+02 l_mi: 1.0000e+00 l_h: 6.8161e+03 
26-08-18 14:19:00.384 - INFO: <epoch: 21, iter: 346,800, lr:6.250e-06> l_back_rec: 3.6861e+02 l_forw_fit: 3.0149e+02 l_mi: 1.0000e+00 l_h: 4.7194e+03 
26-08-18 14:19:47.674 - INFO: <epoch: 21, iter: 346,900, lr:6.250e-06> l_back_rec: 3.5701e+02 l_forw_fit: 2.2257e+02 l_mi: 1.0000e+00 l_h: 4.3826e+03 
26-08-18 14:20:34.926 - INFO: <epoch: 21, iter: 347,000, lr:6.250e-06> l_back_rec: 3.9046e+02 l_forw_fit: 2.5950e+02 l_mi: 1.0000e+00 l_h: 4.7187e+03 
26-08-18 14:21:11.554 - INFO: # Validation # PSNR_Cover: 5.2148e+01, PSNR_Secret: 4.8939e+01, PSNR_Stego: 4.5883e+01
26-08-18 14:21:58.892 - INFO: <epoch: 21, iter: 347,100, lr:6.250e-06> l_back_rec: 4.4980e+02 l_forw_fit: 4.8969e+02 l_mi: 1.0000e+00 l_h: 6.0503e+03 
26-08-18 14:22:46.622 - INFO: <epoch: 21, iter: 347,200, lr:6.250e-06> l_back_rec: 4.4623e+02 l_forw_fit: 3.9992e+02 l_mi: 1.0000e+00 l_h: 5.8671e+03 
26-08-18 14:23:33.967 - INFO: <epoch: 21, iter: 347,300, lr:6.250e-06> l_back_rec: 4.0314e+02 l_forw_fit: 3.4131e+02 l_mi: 1.0000e+00 l_h: 5.4588e+03 
26-08-18 14:24:21.388 - INFO: <epoch: 21, iter: 347,400, lr:6.250e-06> l_back_rec: 3.9394e+02 l_forw_fit: 4.5348e+02 l_mi: 1.0000e+00 l_h: 5.9977e+03 
26-08-18 14:25:08.671 - INFO: <epoch: 21, iter: 347,500, lr:6.250e-06> l_back_rec: 3.5659e+02 l_forw_fit: 2.3926e+02 l_mi: 1.0000e+00 l_h: 4.2673e+03 
26-08-18 14:25:56.008 - INFO: <epoch: 21, iter: 347,600, lr:6.250e-06> l_back_rec: 4.0852e+02 l_forw_fit: 3.8284e+02 l_mi: 1.0000e+00 l_h: 5.5197e+03 
26-08-18 14:26:43.508 - INFO: <epoch: 21, iter: 347,700, lr:6.250e-06> l_back_rec: 3.5949e+02 l_forw_fit: 5.0137e+02 l_mi: 1.0000e+00 l_h: 5.7200e+03 
26-08-18 14:27:30.769 - INFO: <epoch: 21, iter: 347,800, lr:6.250e-06> l_back_rec: 3.7425e+02 l_forw_fit: 2.4842e+02 l_mi: 1.0000e+00 l_h: 4.3358e+03 
26-08-18 14:28:18.617 - INFO: <epoch: 21, iter: 347,900, lr:6.250e-06> l_back_rec: 3.5050e+02 l_forw_fit: 2.2740e+02 l_mi: 1.0000e+00 l_h: 4.2244e+03 
26-08-18 14:29:05.893 - INFO: <epoch: 21, iter: 348,000, lr:6.250e-06> l_back_rec: 3.7815e+02 l_forw_fit: 3.2148e+02 l_mi: 1.0000e+00 l_h: 5.1198e+03 
26-08-18 14:29:42.921 - INFO: # Validation # PSNR_Cover: 5.2121e+01, PSNR_Secret: 4.9059e+01, PSNR_Stego: 4.5711e+01
26-08-18 14:30:30.030 - INFO: <epoch: 21, iter: 348,100, lr:6.250e-06> l_back_rec: 3.6125e+02 l_forw_fit: 2.4091e+02 l_mi: 1.0000e+00 l_h: 4.0229e+03 
26-08-18 14:31:17.435 - INFO: <epoch: 21, iter: 348,200, lr:6.250e-06> l_back_rec: 3.3538e+02 l_forw_fit: 2.3153e+02 l_mi: 1.0000e+00 l_h: 4.2561e+03 
26-08-18 14:32:04.366 - INFO: <epoch: 21, iter: 348,300, lr:6.250e-06> l_back_rec: 4.4600e+02 l_forw_fit: 5.3197e+02 l_mi: 1.0000e+00 l_h: 7.1218e+03 
26-08-18 14:32:51.638 - INFO: <epoch: 21, iter: 348,400, lr:6.250e-06> l_back_rec: 3.2560e+02 l_forw_fit: 2.2500e+02 l_mi: 1.0000e+00 l_h: 4.1537e+03 
26-08-18 14:33:38.724 - INFO: <epoch: 21, iter: 348,500, lr:6.250e-06> l_back_rec: 3.6913e+02 l_forw_fit: 1.8594e+02 l_mi: 1.0000e+00 l_h: 3.7548e+03 
26-08-18 14:34:25.796 - INFO: <epoch: 21, iter: 348,600, lr:6.250e-06> l_back_rec: 4.4278e+02 l_forw_fit: 2.9335e+02 l_mi: 1.0000e+00 l_h: 4.5596e+03 
26-08-18 14:35:12.908 - INFO: <epoch: 21, iter: 348,700, lr:6.250e-06> l_back_rec: 4.0070e+02 l_forw_fit: 3.6216e+02 l_mi: 1.0000e+00 l_h: 5.5149e+03 
26-08-18 14:36:00.060 - INFO: <epoch: 21, iter: 348,800, lr:6.250e-06> l_back_rec: 3.4852e+02 l_forw_fit: 2.9397e+02 l_mi: 1.0000e+00 l_h: 4.9301e+03 
26-08-18 14:36:47.449 - INFO: <epoch: 21, iter: 348,900, lr:6.250e-06> l_back_rec: 4.4618e+02 l_forw_fit: 4.7541e+02 l_mi: 1.0000e+00 l_h: 6.1729e+03 
26-08-18 14:37:34.458 - INFO: <epoch: 21, iter: 349,000, lr:6.250e-06> l_back_rec: 4.0962e+02 l_forw_fit: 3.0564e+02 l_mi: 1.0000e+00 l_h: 5.4874e+03 
26-08-18 14:38:11.311 - INFO: # Validation # PSNR_Cover: 5.2119e+01, PSNR_Secret: 4.8982e+01, PSNR_Stego: 4.5846e+01
26-08-18 14:38:58.509 - INFO: <epoch: 21, iter: 349,100, lr:6.250e-06> l_back_rec: 3.8755e+02 l_forw_fit: 3.1471e+02 l_mi: 1.0000e+00 l_h: 5.0837e+03 
26-08-18 14:39:46.994 - INFO: <epoch: 21, iter: 349,200, lr:6.250e-06> l_back_rec: 4.3312e+02 l_forw_fit: 3.6156e+02 l_mi: 1.0000e+00 l_h: 5.5395e+03 
26-08-18 14:40:37.784 - INFO: <epoch: 21, iter: 349,300, lr:6.250e-06> l_back_rec: 3.8503e+02 l_forw_fit: 3.6304e+02 l_mi: 1.0000e+00 l_h: 5.3702e+03 
26-08-18 14:41:29.953 - INFO: <epoch: 21, iter: 349,400, lr:6.250e-06> l_back_rec: 3.7897e+02 l_forw_fit: 4.5003e+02 l_mi: 1.0000e+00 l_h: 4.9213e+03 
26-08-18 14:42:20.959 - INFO: <epoch: 21, iter: 349,500, lr:6.250e-06> l_back_rec: 3.8752e+02 l_forw_fit: 3.5173e+02 l_mi: 1.0000e+00 l_h: 5.2404e+03 
26-08-18 14:43:13.028 - INFO: <epoch: 21, iter: 349,600, lr:6.250e-06> l_back_rec: 3.5903e+02 l_forw_fit: 3.0860e+02 l_mi: 1.0000e+00 l_h: 5.2646e+03 
26-08-18 14:44:05.351 - INFO: <epoch: 21, iter: 349,700, lr:6.250e-06> l_back_rec: 4.0250e+02 l_forw_fit: 4.2618e+02 l_mi: 1.0000e+00 l_h: 5.6674e+03 
26-08-18 14:44:57.614 - INFO: <epoch: 21, iter: 349,800, lr:6.250e-06> l_back_rec: 3.8000e+02 l_forw_fit: 3.2022e+02 l_mi: 1.0000e+00 l_h: 4.9217e+03 
26-08-18 14:45:49.800 - INFO: <epoch: 21, iter: 349,900, lr:6.250e-06> l_back_rec: 4.1211e+02 l_forw_fit: 2.7235e+02 l_mi: 1.0000e+00 l_h: 4.5675e+03 
26-08-18 14:46:41.157 - INFO: <epoch: 21, iter: 350,000, lr:6.250e-06> l_back_rec: 3.6665e+02 l_forw_fit: 3.7519e+02 l_mi: 1.0000e+00 l_h: 5.4692e+03 
26-08-18 14:47:20.765 - INFO: # Validation # PSNR_Cover: 5.2139e+01, PSNR_Secret: 4.9017e+01, PSNR_Stego: 4.5762e+01
26-08-18 14:47:20.766 - INFO: Saving models and training states.
26-08-18 14:48:13.744 - INFO: <epoch: 21, iter: 350,100, lr:6.250e-06> l_back_rec: 4.3430e+02 l_forw_fit: 5.3502e+02 l_mi: 1.0000e+00 l_h: 6.7560e+03 
26-08-18 14:49:06.208 - INFO: <epoch: 21, iter: 350,200, lr:6.250e-06> l_back_rec: 4.5853e+02 l_forw_fit: 4.2629e+02 l_mi: 1.0000e+00 l_h: 5.6940e+03 
26-08-18 14:49:58.992 - INFO: <epoch: 21, iter: 350,300, lr:6.250e-06> l_back_rec: 4.0969e+02 l_forw_fit: 2.7081e+02 l_mi: 1.0000e+00 l_h: 4.5689e+03 
26-08-18 14:50:51.342 - INFO: <epoch: 21, iter: 350,400, lr:6.250e-06> l_back_rec: 5.0326e+02 l_forw_fit: 9.6242e+02 l_mi: 1.0000e+00 l_h: 8.3593e+03 
26-08-18 14:51:43.883 - INFO: <epoch: 21, iter: 350,500, lr:6.250e-06> l_back_rec: 3.8416e+02 l_forw_fit: 5.6750e+02 l_mi: 1.0000e+00 l_h: 6.6820e+03 
26-08-18 14:52:35.615 - INFO: <epoch: 21, iter: 350,600, lr:6.250e-06> l_back_rec: 5.2008e+02 l_forw_fit: 7.1980e+02 l_mi: 1.0000e+00 l_h: 7.4783e+03 
26-08-18 14:53:26.214 - INFO: <epoch: 21, iter: 350,700, lr:6.250e-06> l_back_rec: 4.1534e+02 l_forw_fit: 4.3881e+02 l_mi: 1.0000e+00 l_h: 5.8829e+03 
26-08-18 14:54:16.957 - INFO: <epoch: 21, iter: 350,800, lr:6.250e-06> l_back_rec: 4.5133e+02 l_forw_fit: 5.4209e+02 l_mi: 1.0000e+00 l_h: 6.0978e+03 
26-08-18 14:55:08.665 - INFO: <epoch: 21, iter: 350,900, lr:6.250e-06> l_back_rec: 3.4934e+02 l_forw_fit: 2.8620e+02 l_mi: 1.0000e+00 l_h: 4.6990e+03 
26-08-18 14:55:59.730 - INFO: <epoch: 21, iter: 351,000, lr:6.250e-06> l_back_rec: 5.5618e+02 l_forw_fit: 6.2916e+02 l_mi: 1.0000e+00 l_h: 6.4023e+03 
26-08-18 14:56:38.064 - INFO: # Validation # PSNR_Cover: 5.2147e+01, PSNR_Secret: 4.9021e+01, PSNR_Stego: 4.5767e+01
26-08-18 14:57:27.949 - INFO: <epoch: 21, iter: 351,100, lr:6.250e-06> l_back_rec: 3.5466e+02 l_forw_fit: 2.1597e+02 l_mi: 1.0000e+00 l_h: 4.1783e+03 
26-08-18 14:58:15.423 - INFO: <epoch: 21, iter: 351,200, lr:6.250e-06> l_back_rec: 4.1585e+02 l_forw_fit: 3.8475e+02 l_mi: 1.0000e+00 l_h: 5.3933e+03 
26-08-18 14:59:05.403 - INFO: <epoch: 21, iter: 351,300, lr:6.250e-06> l_back_rec: 4.9231e+02 l_forw_fit: 4.6600e+02 l_mi: 1.0000e+00 l_h: 6.7542e+03 
26-08-18 14:59:58.511 - INFO: <epoch: 21, iter: 351,400, lr:6.250e-06> l_back_rec: 3.9102e+02 l_forw_fit: 3.2634e+02 l_mi: 1.0000e+00 l_h: 5.0905e+03 
26-08-18 15:00:51.508 - INFO: <epoch: 21, iter: 351,500, lr:6.250e-06> l_back_rec: 4.3966e+02 l_forw_fit: 4.1660e+02 l_mi: 1.0000e+00 l_h: 5.9479e+03 
26-08-18 15:01:44.650 - INFO: <epoch: 21, iter: 351,600, lr:6.250e-06> l_back_rec: 4.0285e+02 l_forw_fit: 3.3527e+02 l_mi: 1.0000e+00 l_h: 5.2199e+03 
26-08-18 15:02:37.803 - INFO: <epoch: 21, iter: 351,700, lr:6.250e-06> l_back_rec: 4.4174e+02 l_forw_fit: 4.9482e+02 l_mi: 1.0000e+00 l_h: 6.3103e+03 
26-08-18 15:03:32.210 - INFO: <epoch: 21, iter: 351,800, lr:6.250e-06> l_back_rec: 4.5301e+02 l_forw_fit: 4.3265e+02 l_mi: 1.0000e+00 l_h: 6.3668e+03 
26-08-18 15:04:25.541 - INFO: <epoch: 21, iter: 351,900, lr:6.250e-06> l_back_rec: 3.7641e+02 l_forw_fit: 3.2268e+02 l_mi: 1.0000e+00 l_h: 4.8245e+03 
26-08-18 15:05:18.338 - INFO: <epoch: 21, iter: 352,000, lr:6.250e-06> l_back_rec: 3.7476e+02 l_forw_fit: 3.1027e+02 l_mi: 1.0000e+00 l_h: 4.8252e+03 
26-08-18 15:05:57.321 - INFO: # Validation # PSNR_Cover: 5.2142e+01, PSNR_Secret: 4.9050e+01, PSNR_Stego: 4.5783e+01
26-08-18 15:06:50.021 - INFO: <epoch: 21, iter: 352,100, lr:6.250e-06> l_back_rec: 4.2401e+02 l_forw_fit: 3.7268e+02 l_mi: 1.0000e+00 l_h: 5.5963e+03 
26-08-18 15:07:42.555 - INFO: <epoch: 21, iter: 352,200, lr:6.250e-06> l_back_rec: 4.3534e+02 l_forw_fit: 3.0128e+02 l_mi: 1.0000e+00 l_h: 4.8746e+03 
26-08-18 15:08:35.822 - INFO: <epoch: 21, iter: 352,300, lr:6.250e-06> l_back_rec: 3.5710e+02 l_forw_fit: 2.8004e+02 l_mi: 1.0000e+00 l_h: 4.8255e+03 
26-08-18 15:09:29.111 - INFO: <epoch: 21, iter: 352,400, lr:6.250e-06> l_back_rec: 4.0010e+02 l_forw_fit: 5.3259e+02 l_mi: 1.0000e+00 l_h: 6.7314e+03 
26-08-18 15:10:21.719 - INFO: <epoch: 21, iter: 352,500, lr:6.250e-06> l_back_rec: 3.8920e+02 l_forw_fit: 2.5444e+02 l_mi: 1.0000e+00 l_h: 4.5363e+03 
26-08-18 15:11:14.076 - INFO: <epoch: 21, iter: 352,600, lr:6.250e-06> l_back_rec: 3.5900e+02 l_forw_fit: 3.5138e+02 l_mi: 1.0000e+00 l_h: 5.2897e+03 
26-08-18 15:12:06.217 - INFO: <epoch: 21, iter: 352,700, lr:6.250e-06> l_back_rec: 3.7632e+02 l_forw_fit: 5.1163e+02 l_mi: 1.0000e+00 l_h: 5.9276e+03 
26-08-18 15:12:58.680 - INFO: <epoch: 21, iter: 352,800, lr:6.250e-06> l_back_rec: 4.2881e+02 l_forw_fit: 3.4045e+02 l_mi: 1.0000e+00 l_h: 5.0974e+03 
26-08-18 15:13:51.055 - INFO: <epoch: 21, iter: 352,900, lr:6.250e-06> l_back_rec: 3.8299e+02 l_forw_fit: 2.8966e+02 l_mi: 1.0000e+00 l_h: 4.7154e+03 
26-08-18 15:14:43.536 - INFO: <epoch: 21, iter: 353,000, lr:6.250e-06> l_back_rec: 4.3025e+02 l_forw_fit: 4.1950e+02 l_mi: 1.0000e+00 l_h: 5.9583e+03 
26-08-18 15:15:22.572 - INFO: # Validation # PSNR_Cover: 5.2146e+01, PSNR_Secret: 4.9004e+01, PSNR_Stego: 4.5822e+01
26-08-18 15:16:15.513 - INFO: <epoch: 21, iter: 353,100, lr:6.250e-06> l_back_rec: 3.7673e+02 l_forw_fit: 2.8023e+02 l_mi: 1.0000e+00 l_h: 4.8957e+03 
26-08-18 15:17:07.733 - INFO: <epoch: 21, iter: 353,200, lr:6.250e-06> l_back_rec: 3.9300e+02 l_forw_fit: 3.6319e+02 l_mi: 1.0000e+00 l_h: 5.2850e+03 
26-08-18 15:18:00.758 - INFO: <epoch: 21, iter: 353,300, lr:6.250e-06> l_back_rec: 3.7065e+02 l_forw_fit: 2.9684e+02 l_mi: 1.0000e+00 l_h: 4.8465e+03 
26-08-18 15:18:53.572 - INFO: <epoch: 21, iter: 353,400, lr:6.250e-06> l_back_rec: 4.6218e+02 l_forw_fit: 3.9310e+02 l_mi: 1.0000e+00 l_h: 5.7818e+03 
26-08-18 15:19:46.282 - INFO: <epoch: 21, iter: 353,500, lr:6.250e-06> l_back_rec: 4.3822e+02 l_forw_fit: 4.3218e+02 l_mi: 1.0000e+00 l_h: 5.8432e+03 
26-08-18 15:20:39.296 - INFO: <epoch: 21, iter: 353,600, lr:6.250e-06> l_back_rec: 4.1440e+02 l_forw_fit: 4.6071e+02 l_mi: 1.0000e+00 l_h: 6.9429e+03 
26-08-18 15:21:31.710 - INFO: <epoch: 21, iter: 353,700, lr:6.250e-06> l_back_rec: 4.2019e+02 l_forw_fit: 4.9477e+02 l_mi: 1.0000e+00 l_h: 5.9044e+03 
26-08-18 15:22:25.342 - INFO: <epoch: 21, iter: 353,800, lr:6.250e-06> l_back_rec: 4.2046e+02 l_forw_fit: 4.2204e+02 l_mi: 1.0000e+00 l_h: 5.9254e+03 
26-08-18 15:23:19.182 - INFO: <epoch: 21, iter: 353,900, lr:6.250e-06> l_back_rec: 4.4707e+02 l_forw_fit: 3.0248e+02 l_mi: 1.0000e+00 l_h: 4.8092e+03 
26-08-18 15:24:12.313 - INFO: <epoch: 21, iter: 354,000, lr:6.250e-06> l_back_rec: 3.7592e+02 l_forw_fit: 3.8989e+02 l_mi: 1.0000e+00 l_h: 5.5015e+03 
26-08-18 15:24:51.753 - INFO: # Validation # PSNR_Cover: 5.2091e+01, PSNR_Secret: 4.9079e+01, PSNR_Stego: 4.5707e+01
26-08-18 15:25:43.852 - INFO: <epoch: 21, iter: 354,100, lr:6.250e-06> l_back_rec: 3.6658e+02 l_forw_fit: 2.7323e+02 l_mi: 1.0000e+00 l_h: 4.4810e+03 
26-08-18 15:26:35.964 - INFO: <epoch: 21, iter: 354,200, lr:6.250e-06> l_back_rec: 3.8121e+02 l_forw_fit: 3.0267e+02 l_mi: 1.0000e+00 l_h: 4.8115e+03 
26-08-18 15:27:28.389 - INFO: <epoch: 21, iter: 354,300, lr:6.250e-06> l_back_rec: 4.4630e+02 l_forw_fit: 2.6324e+02 l_mi: 1.0000e+00 l_h: 4.6253e+03 
26-08-18 15:28:21.375 - INFO: <epoch: 21, iter: 354,400, lr:6.250e-06> l_back_rec: 3.7118e+02 l_forw_fit: 3.7061e+02 l_mi: 1.0000e+00 l_h: 5.4502e+03 
26-08-18 15:29:13.586 - INFO: <epoch: 21, iter: 354,500, lr:6.250e-06> l_back_rec: 4.3230e+02 l_forw_fit: 4.8994e+02 l_mi: 1.0000e+00 l_h: 6.4060e+03 
26-08-18 15:30:06.010 - INFO: <epoch: 21, iter: 354,600, lr:6.250e-06> l_back_rec: 3.9414e+02 l_forw_fit: 3.3081e+02 l_mi: 1.0000e+00 l_h: 5.2369e+03 
26-08-18 15:30:59.209 - INFO: <epoch: 21, iter: 354,700, lr:6.250e-06> l_back_rec: 3.9411e+02 l_forw_fit: 4.2655e+02 l_mi: 1.0000e+00 l_h: 6.2746e+03 
26-08-18 15:31:53.025 - INFO: <epoch: 21, iter: 354,800, lr:6.250e-06> l_back_rec: 3.8151e+02 l_forw_fit: 3.6355e+02 l_mi: 1.0000e+00 l_h: 5.3629e+03 
26-08-18 15:32:46.261 - INFO: <epoch: 21, iter: 354,900, lr:6.250e-06> l_back_rec: 3.8570e+02 l_forw_fit: 3.0229e+02 l_mi: 1.0000e+00 l_h: 5.0962e+03 
26-08-18 15:33:39.653 - INFO: <epoch: 21, iter: 355,000, lr:6.250e-06> l_back_rec: 3.9934e+02 l_forw_fit: 3.1623e+02 l_mi: 1.0000e+00 l_h: 5.0235e+03 
26-08-18 15:34:18.860 - INFO: # Validation # PSNR_Cover: 5.2133e+01, PSNR_Secret: 4.8996e+01, PSNR_Stego: 4.5817e+01
26-08-18 15:34:18.861 - INFO: Saving models and training states.
26-08-18 15:35:12.280 - INFO: <epoch: 21, iter: 355,100, lr:6.250e-06> l_back_rec: 3.8096e+02 l_forw_fit: 2.2085e+02 l_mi: 1.0000e+00 l_h: 4.1056e+03 
26-08-18 15:36:05.217 - INFO: <epoch: 21, iter: 355,200, lr:6.250e-06> l_back_rec: 3.6762e+02 l_forw_fit: 3.5443e+02 l_mi: 1.0000e+00 l_h: 4.9586e+03 
26-08-18 15:36:58.325 - INFO: <epoch: 21, iter: 355,300, lr:6.250e-06> l_back_rec: 4.4046e+02 l_forw_fit: 5.0062e+02 l_mi: 1.0000e+00 l_h: 6.1158e+03 
26-08-18 15:39:11.357 - INFO: <epoch: 22, iter: 355,400, lr:6.250e-06> l_back_rec: 3.3406e+02 l_forw_fit: 2.1021e+02 l_mi: 1.0000e+00 l_h: 4.0222e+03 
26-08-18 15:40:06.945 - INFO: <epoch: 22, iter: 355,500, lr:6.250e-06> l_back_rec: 3.8956e+02 l_forw_fit: 3.9595e+02 l_mi: 1.0000e+00 l_h: 5.6449e+03 
26-08-18 15:41:00.674 - INFO: <epoch: 22, iter: 355,600, lr:6.250e-06> l_back_rec: 4.5588e+02 l_forw_fit: 4.0446e+02 l_mi: 1.0000e+00 l_h: 5.9260e+03 
26-08-18 15:41:52.111 - INFO: <epoch: 22, iter: 355,700, lr:6.250e-06> l_back_rec: 3.6539e+02 l_forw_fit: 3.9713e+02 l_mi: 1.0000e+00 l_h: 5.5431e+03 
26-08-18 15:42:42.805 - INFO: <epoch: 22, iter: 355,800, lr:6.250e-06> l_back_rec: 3.9143e+02 l_forw_fit: 3.9576e+02 l_mi: 1.0000e+00 l_h: 5.6667e+03 
26-08-18 15:43:33.300 - INFO: <epoch: 22, iter: 355,900, lr:6.250e-06> l_back_rec: 3.7691e+02 l_forw_fit: 3.4502e+02 l_mi: 1.0000e+00 l_h: 5.3526e+03 
26-08-18 15:44:24.034 - INFO: <epoch: 22, iter: 356,000, lr:6.250e-06> l_back_rec: 3.6348e+02 l_forw_fit: 3.9416e+02 l_mi: 1.0000e+00 l_h: 5.4847e+03 
26-08-18 15:45:02.699 - INFO: # Validation # PSNR_Cover: 5.2153e+01, PSNR_Secret: 4.8965e+01, PSNR_Stego: 4.5792e+01
26-08-18 15:45:54.032 - INFO: <epoch: 22, iter: 356,100, lr:6.250e-06> l_back_rec: 3.6986e+02 l_forw_fit: 2.3993e+02 l_mi: 1.0000e+00 l_h: 4.2842e+03 
26-08-18 15:46:44.731 - INFO: <epoch: 22, iter: 356,200, lr:6.250e-06> l_back_rec: 3.7437e+02 l_forw_fit: 3.8775e+02 l_mi: 1.0000e+00 l_h: 5.4939e+03 
26-08-18 15:47:36.615 - INFO: <epoch: 22, iter: 356,300, lr:6.250e-06> l_back_rec: 3.9337e+02 l_forw_fit: 3.5196e+02 l_mi: 1.0000e+00 l_h: 5.2551e+03 
26-08-18 15:48:27.477 - INFO: <epoch: 22, iter: 356,400, lr:6.250e-06> l_back_rec: 3.8140e+02 l_forw_fit: 3.7322e+02 l_mi: 1.0000e+00 l_h: 5.6815e+03 
26-08-18 15:49:17.908 - INFO: <epoch: 22, iter: 356,500, lr:6.250e-06> l_back_rec: 3.4502e+02 l_forw_fit: 1.9592e+02 l_mi: 1.0000e+00 l_h: 4.0350e+03 
26-08-18 15:50:14.191 - INFO: <epoch: 22, iter: 356,600, lr:6.250e-06> l_back_rec: 4.3209e+02 l_forw_fit: 3.7038e+02 l_mi: 1.0000e+00 l_h: 5.4994e+03 
26-08-18 15:51:10.238 - INFO: <epoch: 22, iter: 356,700, lr:6.250e-06> l_back_rec: 4.1529e+02 l_forw_fit: 4.1625e+02 l_mi: 1.0000e+00 l_h: 5.8830e+03 
26-08-18 15:52:05.846 - INFO: <epoch: 22, iter: 356,800, lr:6.250e-06> l_back_rec: 3.5179e+02 l_forw_fit: 2.2839e+02 l_mi: 1.0000e+00 l_h: 4.3158e+03 
26-08-18 15:53:00.920 - INFO: <epoch: 22, iter: 356,900, lr:6.250e-06> l_back_rec: 3.7156e+02 l_forw_fit: 5.8228e+02 l_mi: 1.0000e+00 l_h: 5.7122e+03 
26-08-18 15:53:56.018 - INFO: <epoch: 22, iter: 357,000, lr:6.250e-06> l_back_rec: 4.1555e+02 l_forw_fit: 4.7460e+02 l_mi: 1.0000e+00 l_h: 5.8989e+03 
26-08-18 15:54:36.127 - INFO: # Validation # PSNR_Cover: 5.2154e+01, PSNR_Secret: 4.8973e+01, PSNR_Stego: 4.5909e+01
26-08-18 15:55:30.484 - INFO: <epoch: 22, iter: 357,100, lr:6.250e-06> l_back_rec: 4.4903e+02 l_forw_fit: 5.5429e+02 l_mi: 1.0000e+00 l_h: 7.3546e+03 
26-08-18 15:56:25.151 - INFO: <epoch: 22, iter: 357,200, lr:6.250e-06> l_back_rec: 3.9222e+02 l_forw_fit: 2.7230e+02 l_mi: 1.0000e+00 l_h: 4.2866e+03 
26-08-18 15:57:20.168 - INFO: <epoch: 22, iter: 357,300, lr:6.250e-06> l_back_rec: 3.3583e+02 l_forw_fit: 2.5188e+02 l_mi: 1.0000e+00 l_h: 4.5226e+03 
26-08-18 15:58:15.131 - INFO: <epoch: 22, iter: 357,400, lr:6.250e-06> l_back_rec: 4.8799e+02 l_forw_fit: 5.5655e+02 l_mi: 1.0000e+00 l_h: 7.4781e+03 
26-08-18 15:59:09.086 - INFO: <epoch: 22, iter: 357,500, lr:6.250e-06> l_back_rec: 4.1989e+02 l_forw_fit: 3.5819e+02 l_mi: 1.0000e+00 l_h: 5.2448e+03 
26-08-18 16:00:04.127 - INFO: <epoch: 22, iter: 357,600, lr:6.250e-06> l_back_rec: 3.7908e+02 l_forw_fit: 3.6378e+02 l_mi: 1.0000e+00 l_h: 5.2510e+03 
26-08-18 16:00:59.118 - INFO: <epoch: 22, iter: 357,700, lr:6.250e-06> l_back_rec: 4.1320e+02 l_forw_fit: 3.9437e+02 l_mi: 1.0000e+00 l_h: 5.0873e+03 
26-08-18 16:01:53.761 - INFO: <epoch: 22, iter: 357,800, lr:6.250e-06> l_back_rec: 3.8305e+02 l_forw_fit: 3.5323e+02 l_mi: 1.0000e+00 l_h: 5.0597e+03 
26-08-18 16:02:48.531 - INFO: <epoch: 22, iter: 357,900, lr:6.250e-06> l_back_rec: 4.1285e+02 l_forw_fit: 3.7348e+02 l_mi: 1.0000e+00 l_h: 5.4962e+03 
26-08-18 16:03:43.249 - INFO: <epoch: 22, iter: 358,000, lr:6.250e-06> l_back_rec: 3.7337e+02 l_forw_fit: 3.4673e+02 l_mi: 1.0000e+00 l_h: 5.3026e+03 
26-08-18 16:04:23.732 - INFO: # Validation # PSNR_Cover: 5.2125e+01, PSNR_Secret: 4.9030e+01, PSNR_Stego: 4.5693e+01
26-08-18 16:05:18.957 - INFO: <epoch: 22, iter: 358,100, lr:6.250e-06> l_back_rec: 3.7574e+02 l_forw_fit: 3.3605e+02 l_mi: 1.0000e+00 l_h: 5.2973e+03 
26-08-18 16:06:14.858 - INFO: <epoch: 22, iter: 358,200, lr:6.250e-06> l_back_rec: 3.4034e+02 l_forw_fit: 3.0428e+02 l_mi: 1.0000e+00 l_h: 4.9513e+03 
26-08-18 16:07:09.993 - INFO: <epoch: 22, iter: 358,300, lr:6.250e-06> l_back_rec: 3.9226e+02 l_forw_fit: 3.7888e+02 l_mi: 1.0000e+00 l_h: 5.6436e+03 
26-08-18 16:08:04.675 - INFO: <epoch: 22, iter: 358,400, lr:6.250e-06> l_back_rec: 4.8888e+02 l_forw_fit: 4.4287e+02 l_mi: 1.0000e+00 l_h: 5.7264e+03 
26-08-18 16:08:59.370 - INFO: <epoch: 22, iter: 358,500, lr:6.250e-06> l_back_rec: 4.9810e+02 l_forw_fit: 4.4097e+02 l_mi: 1.0000e+00 l_h: 5.7639e+03 
26-08-18 16:09:52.901 - INFO: <epoch: 22, iter: 358,600, lr:6.250e-06> l_back_rec: 4.0011e+02 l_forw_fit: 4.7019e+02 l_mi: 1.0000e+00 l_h: 5.7760e+03 
26-08-18 16:10:47.708 - INFO: <epoch: 22, iter: 358,700, lr:6.250e-06> l_back_rec: 4.1834e+02 l_forw_fit: 5.1277e+02 l_mi: 1.0000e+00 l_h: 6.3995e+03 
26-08-18 16:11:42.537 - INFO: <epoch: 22, iter: 358,800, lr:6.250e-06> l_back_rec: 3.4071e+02 l_forw_fit: 2.3411e+02 l_mi: 1.0000e+00 l_h: 4.0713e+03 
26-08-18 16:12:37.146 - INFO: <epoch: 22, iter: 358,900, lr:6.250e-06> l_back_rec: 3.7319e+02 l_forw_fit: 2.8750e+02 l_mi: 1.0000e+00 l_h: 4.5248e+03 
26-08-18 16:13:32.062 - INFO: <epoch: 22, iter: 359,000, lr:6.250e-06> l_back_rec: 3.7362e+02 l_forw_fit: 3.5200e+02 l_mi: 1.0000e+00 l_h: 5.3800e+03 
26-08-18 16:14:12.462 - INFO: # Validation # PSNR_Cover: 5.2095e+01, PSNR_Secret: 4.9005e+01, PSNR_Stego: 4.5771e+01
26-08-18 16:15:07.170 - INFO: <epoch: 22, iter: 359,100, lr:6.250e-06> l_back_rec: 3.8470e+02 l_forw_fit: 3.8151e+02 l_mi: 1.0000e+00 l_h: 5.2841e+03 
26-08-18 16:16:01.990 - INFO: <epoch: 22, iter: 359,200, lr:6.250e-06> l_back_rec: 5.1298e+02 l_forw_fit: 6.2888e+02 l_mi: 1.0000e+00 l_h: 7.8310e+03 
26-08-18 16:16:57.255 - INFO: <epoch: 22, iter: 359,300, lr:6.250e-06> l_back_rec: 4.3615e+02 l_forw_fit: 3.7743e+02 l_mi: 1.0000e+00 l_h: 5.3530e+03 
26-08-18 16:17:52.148 - INFO: <epoch: 22, iter: 359,400, lr:6.250e-06> l_back_rec: 3.8497e+02 l_forw_fit: 4.4630e+02 l_mi: 1.0000e+00 l_h: 6.3385e+03 
26-08-18 16:18:47.960 - INFO: <epoch: 22, iter: 359,500, lr:6.250e-06> l_back_rec: 3.9520e+02 l_forw_fit: 4.3886e+02 l_mi: 1.0000e+00 l_h: 5.3084e+03 
26-08-18 16:19:43.151 - INFO: <epoch: 22, iter: 359,600, lr:6.250e-06> l_back_rec: 3.4656e+02 l_forw_fit: 2.2502e+02 l_mi: 1.0000e+00 l_h: 4.1846e+03 
26-08-18 16:20:38.621 - INFO: <epoch: 22, iter: 359,700, lr:6.250e-06> l_back_rec: 4.0576e+02 l_forw_fit: 3.3403e+02 l_mi: 1.0000e+00 l_h: 5.5973e+03 
26-08-18 16:21:33.168 - INFO: <epoch: 22, iter: 359,800, lr:6.250e-06> l_back_rec: 3.4760e+02 l_forw_fit: 3.0377e+02 l_mi: 1.0000e+00 l_h: 4.7262e+03 
26-08-18 16:22:28.112 - INFO: <epoch: 22, iter: 359,900, lr:6.250e-06> l_back_rec: 3.5220e+02 l_forw_fit: 2.1174e+02 l_mi: 1.0000e+00 l_h: 4.0434e+03 
26-08-18 16:23:22.995 - INFO: <epoch: 22, iter: 360,000, lr:3.125e-06> l_back_rec: 4.5903e+02 l_forw_fit: 6.5720e+02 l_mi: 1.0000e+00 l_h: 7.6593e+03 
26-08-18 16:24:11.392 - INFO: # Validation # PSNR_Cover: 5.2131e+01, PSNR_Secret: 4.9074e+01, PSNR_Stego: 4.5779e+01
26-08-18 16:24:11.393 - INFO: Saving models and training states.
26-08-18 16:25:06.812 - INFO: <epoch: 22, iter: 360,100, lr:3.125e-06> l_back_rec: 3.7505e+02 l_forw_fit: 3.6882e+02 l_mi: 1.0000e+00 l_h: 5.4477e+03 
26-08-18 16:26:01.432 - INFO: <epoch: 22, iter: 360,200, lr:3.125e-06> l_back_rec: 3.7403e+02 l_forw_fit: 2.2761e+02 l_mi: 1.0000e+00 l_h: 4.1091e+03 
26-08-18 16:26:56.263 - INFO: <epoch: 22, iter: 360,300, lr:3.125e-06> l_back_rec: 3.3587e+02 l_forw_fit: 2.2864e+02 l_mi: 1.0000e+00 l_h: 4.2153e+03 
26-08-18 16:27:51.706 - INFO: <epoch: 22, iter: 360,400, lr:3.125e-06> l_back_rec: 4.0025e+02 l_forw_fit: 2.8576e+02 l_mi: 1.0000e+00 l_h: 4.8432e+03 
26-08-18 16:28:47.234 - INFO: <epoch: 22, iter: 360,500, lr:3.125e-06> l_back_rec: 3.4742e+02 l_forw_fit: 2.5313e+02 l_mi: 1.0000e+00 l_h: 4.3146e+03 
26-08-18 16:29:43.334 - INFO: <epoch: 22, iter: 360,600, lr:3.125e-06> l_back_rec: 4.0873e+02 l_forw_fit: 3.9621e+02 l_mi: 1.0000e+00 l_h: 5.6768e+03 
26-08-18 16:30:38.309 - INFO: <epoch: 22, iter: 360,700, lr:3.125e-06> l_back_rec: 3.9203e+02 l_forw_fit: 3.1655e+02 l_mi: 1.0000e+00 l_h: 5.0064e+03 
26-08-18 16:31:32.497 - INFO: <epoch: 22, iter: 360,800, lr:3.125e-06> l_back_rec: 4.3466e+02 l_forw_fit: 5.1637e+02 l_mi: 1.0000e+00 l_h: 6.1858e+03 
26-08-18 16:32:28.873 - INFO: <epoch: 22, iter: 360,900, lr:3.125e-06> l_back_rec: 4.4904e+02 l_forw_fit: 5.5147e+02 l_mi: 1.0000e+00 l_h: 7.2447e+03 
26-08-18 16:33:25.621 - INFO: <epoch: 22, iter: 361,000, lr:3.125e-06> l_back_rec: 3.7529e+02 l_forw_fit: 2.6646e+02 l_mi: 1.0000e+00 l_h: 4.4719e+03 
26-08-18 16:34:08.310 - INFO: # Validation # PSNR_Cover: 5.2164e+01, PSNR_Secret: 4.9077e+01, PSNR_Stego: 4.5832e+01
26-08-18 16:35:06.028 - INFO: <epoch: 22, iter: 361,100, lr:3.125e-06> l_back_rec: 3.6329e+02 l_forw_fit: 2.8578e+02 l_mi: 1.0000e+00 l_h: 4.9827e+03 
26-08-18 16:36:03.712 - INFO: <epoch: 22, iter: 361,200, lr:3.125e-06> l_back_rec: 3.9287e+02 l_forw_fit: 2.5068e+02 l_mi: 1.0000e+00 l_h: 4.5057e+03 
26-08-18 16:37:01.690 - INFO: <epoch: 22, iter: 361,300, lr:3.125e-06> l_back_rec: 3.4813e+02 l_forw_fit: 4.2832e+02 l_mi: 1.0000e+00 l_h: 5.1921e+03 
26-08-18 16:37:59.712 - INFO: <epoch: 22, iter: 361,400, lr:3.125e-06> l_back_rec: 3.9334e+02 l_forw_fit: 4.6341e+02 l_mi: 1.0000e+00 l_h: 6.1782e+03 
26-08-18 16:38:56.913 - INFO: <epoch: 22, iter: 361,500, lr:3.125e-06> l_back_rec: 4.0115e+02 l_forw_fit: 3.0557e+02 l_mi: 1.0000e+00 l_h: 4.7028e+03 
26-08-18 16:39:54.505 - INFO: <epoch: 22, iter: 361,600, lr:3.125e-06> l_back_rec: 4.0927e+02 l_forw_fit: 4.0340e+02 l_mi: 1.0000e+00 l_h: 5.5245e+03 
26-08-18 16:40:52.134 - INFO: <epoch: 22, iter: 361,700, lr:3.125e-06> l_back_rec: 4.6001e+02 l_forw_fit: 3.6843e+02 l_mi: 1.0000e+00 l_h: 4.9584e+03 
26-08-18 16:41:49.797 - INFO: <epoch: 22, iter: 361,800, lr:3.125e-06> l_back_rec: 3.8364e+02 l_forw_fit: 2.7749e+02 l_mi: 1.0000e+00 l_h: 4.6596e+03 
26-08-18 16:42:47.620 - INFO: <epoch: 22, iter: 361,900, lr:3.125e-06> l_back_rec: 4.4257e+02 l_forw_fit: 3.9521e+02 l_mi: 1.0000e+00 l_h: 5.7117e+03 
26-08-18 16:43:45.173 - INFO: <epoch: 22, iter: 362,000, lr:3.125e-06> l_back_rec: 4.4294e+02 l_forw_fit: 3.1289e+02 l_mi: 1.0000e+00 l_h: 5.7223e+03 
26-08-18 16:44:27.502 - INFO: # Validation # PSNR_Cover: 5.2178e+01, PSNR_Secret: 4.9116e+01, PSNR_Stego: 4.5779e+01
26-08-18 16:45:25.205 - INFO: <epoch: 22, iter: 362,100, lr:3.125e-06> l_back_rec: 4.0144e+02 l_forw_fit: 3.0387e+02 l_mi: 1.0000e+00 l_h: 4.7291e+03 
26-08-18 16:46:22.793 - INFO: <epoch: 22, iter: 362,200, lr:3.125e-06> l_back_rec: 4.2916e+02 l_forw_fit: 5.4949e+02 l_mi: 1.0000e+00 l_h: 6.9666e+03 
26-08-18 16:47:19.436 - INFO: <epoch: 22, iter: 362,300, lr:3.125e-06> l_back_rec: 4.0693e+02 l_forw_fit: 4.0066e+02 l_mi: 1.0000e+00 l_h: 5.9800e+03 
26-08-18 16:48:14.473 - INFO: <epoch: 22, iter: 362,400, lr:3.125e-06> l_back_rec: 3.8103e+02 l_forw_fit: 4.2386e+02 l_mi: 1.0000e+00 l_h: 6.0756e+03 
26-08-18 16:49:12.649 - INFO: <epoch: 22, iter: 362,500, lr:3.125e-06> l_back_rec: 4.4220e+02 l_forw_fit: 5.3834e+02 l_mi: 1.0000e+00 l_h: 6.2832e+03 
26-08-18 16:50:10.316 - INFO: <epoch: 22, iter: 362,600, lr:3.125e-06> l_back_rec: 3.6573e+02 l_forw_fit: 3.5049e+02 l_mi: 1.0000e+00 l_h: 5.1767e+03 
26-08-18 16:51:08.399 - INFO: <epoch: 22, iter: 362,700, lr:3.125e-06> l_back_rec: 3.7612e+02 l_forw_fit: 2.9056e+02 l_mi: 1.0000e+00 l_h: 4.8771e+03 
26-08-18 16:52:06.413 - INFO: <epoch: 22, iter: 362,800, lr:3.125e-06> l_back_rec: 4.4400e+02 l_forw_fit: 4.8357e+02 l_mi: 1.0000e+00 l_h: 6.3221e+03 
26-08-18 16:53:04.125 - INFO: <epoch: 22, iter: 362,900, lr:3.125e-06> l_back_rec: 3.7139e+02 l_forw_fit: 3.3378e+02 l_mi: 1.0000e+00 l_h: 5.3049e+03 
26-08-18 16:54:01.814 - INFO: <epoch: 22, iter: 363,000, lr:3.125e-06> l_back_rec: 4.7710e+02 l_forw_fit: 8.7023e+02 l_mi: 1.0000e+00 l_h: 7.3242e+03 
26-08-18 16:54:42.026 - INFO: # Validation # PSNR_Cover: 5.2153e+01, PSNR_Secret: 4.9109e+01, PSNR_Stego: 4.5741e+01
26-08-18 16:55:37.953 - INFO: <epoch: 22, iter: 363,100, lr:3.125e-06> l_back_rec: 3.5957e+02 l_forw_fit: 2.7066e+02 l_mi: 1.0000e+00 l_h: 4.5297e+03 
26-08-18 16:56:33.072 - INFO: <epoch: 22, iter: 363,200, lr:3.125e-06> l_back_rec: 3.9079e+02 l_forw_fit: 4.8330e+02 l_mi: 1.0000e+00 l_h: 6.0128e+03 
26-08-18 16:57:28.090 - INFO: <epoch: 22, iter: 363,300, lr:3.125e-06> l_back_rec: 4.0412e+02 l_forw_fit: 3.6952e+02 l_mi: 1.0000e+00 l_h: 5.5015e+03 
26-08-18 16:58:23.087 - INFO: <epoch: 22, iter: 363,400, lr:3.125e-06> l_back_rec: 3.8169e+02 l_forw_fit: 3.1459e+02 l_mi: 1.0000e+00 l_h: 5.1919e+03 
26-08-18 16:59:18.145 - INFO: <epoch: 22, iter: 363,500, lr:3.125e-06> l_back_rec: 3.8148e+02 l_forw_fit: 3.6653e+02 l_mi: 1.0000e+00 l_h: 5.5343e+03 
26-08-18 17:00:12.925 - INFO: <epoch: 22, iter: 363,600, lr:3.125e-06> l_back_rec: 3.8108e+02 l_forw_fit: 3.4435e+02 l_mi: 1.0000e+00 l_h: 5.2926e+03 
26-08-18 17:01:07.825 - INFO: <epoch: 22, iter: 363,700, lr:3.125e-06> l_back_rec: 4.0082e+02 l_forw_fit: 3.6617e+02 l_mi: 1.0000e+00 l_h: 5.8334e+03 
26-08-18 17:02:03.025 - INFO: <epoch: 22, iter: 363,800, lr:3.125e-06> l_back_rec: 4.5361e+02 l_forw_fit: 4.5303e+02 l_mi: 1.0000e+00 l_h: 6.4460e+03 
26-08-18 17:02:58.205 - INFO: <epoch: 22, iter: 363,900, lr:3.125e-06> l_back_rec: 4.0116e+02 l_forw_fit: 3.5609e+02 l_mi: 1.0000e+00 l_h: 5.0366e+03 
26-08-18 17:03:52.963 - INFO: <epoch: 22, iter: 364,000, lr:3.125e-06> l_back_rec: 4.6906e+02 l_forw_fit: 4.0400e+02 l_mi: 1.0000e+00 l_h: 5.8702e+03 
26-08-18 17:04:33.135 - INFO: # Validation # PSNR_Cover: 5.2162e+01, PSNR_Secret: 4.9101e+01, PSNR_Stego: 4.5859e+01
26-08-18 17:05:28.313 - INFO: <epoch: 22, iter: 364,100, lr:3.125e-06> l_back_rec: 4.4712e+02 l_forw_fit: 4.2567e+02 l_mi: 1.0000e+00 l_h: 6.2230e+03 
26-08-18 17:06:23.242 - INFO: <epoch: 22, iter: 364,200, lr:3.125e-06> l_back_rec: 5.9508e+02 l_forw_fit: 7.0581e+02 l_mi: 1.0000e+00 l_h: 5.9651e+03 
26-08-18 17:07:18.828 - INFO: <epoch: 22, iter: 364,300, lr:3.125e-06> l_back_rec: 3.3742e+02 l_forw_fit: 2.6404e+02 l_mi: 1.0000e+00 l_h: 4.5723e+03 
26-08-18 17:08:13.816 - INFO: <epoch: 22, iter: 364,400, lr:3.125e-06> l_back_rec: 3.4395e+02 l_forw_fit: 2.8710e+02 l_mi: 1.0000e+00 l_h: 4.6845e+03 
26-08-18 17:09:08.513 - INFO: <epoch: 22, iter: 364,500, lr:3.125e-06> l_back_rec: 3.6978e+02 l_forw_fit: 3.7706e+02 l_mi: 1.0000e+00 l_h: 4.7522e+03 
26-08-18 17:10:02.039 - INFO: <epoch: 22, iter: 364,600, lr:3.125e-06> l_back_rec: 3.9981e+02 l_forw_fit: 3.7076e+02 l_mi: 1.0000e+00 l_h: 5.6320e+03 
26-08-18 17:10:56.934 - INFO: <epoch: 22, iter: 364,700, lr:3.125e-06> l_back_rec: 3.4020e+02 l_forw_fit: 2.1904e+02 l_mi: 1.0000e+00 l_h: 4.1876e+03 
26-08-18 17:11:52.033 - INFO: <epoch: 22, iter: 364,800, lr:3.125e-06> l_back_rec: 3.5198e+02 l_forw_fit: 2.4674e+02 l_mi: 1.0000e+00 l_h: 3.9987e+03 
26-08-18 17:12:47.129 - INFO: <epoch: 22, iter: 364,900, lr:3.125e-06> l_back_rec: 3.8011e+02 l_forw_fit: 2.4138e+02 l_mi: 1.0000e+00 l_h: 4.2105e+03 
26-08-18 17:13:41.899 - INFO: <epoch: 22, iter: 365,000, lr:3.125e-06> l_back_rec: 3.7239e+02 l_forw_fit: 2.8026e+02 l_mi: 1.0000e+00 l_h: 4.7285e+03 
26-08-18 17:14:22.901 - INFO: # Validation # PSNR_Cover: 5.2195e+01, PSNR_Secret: 4.8903e+01, PSNR_Stego: 4.5826e+01
26-08-18 17:14:22.902 - INFO: Saving models and training states.
26-08-18 17:15:19.139 - INFO: <epoch: 22, iter: 365,100, lr:3.125e-06> l_back_rec: 4.3207e+02 l_forw_fit: 5.0691e+02 l_mi: 1.0000e+00 l_h: 6.4662e+03 
26-08-18 17:16:13.954 - INFO: <epoch: 22, iter: 365,200, lr:3.125e-06> l_back_rec: 3.5606e+02 l_forw_fit: 2.7598e+02 l_mi: 1.0000e+00 l_h: 4.7916e+03 
26-08-18 17:17:08.625 - INFO: <epoch: 22, iter: 365,300, lr:3.125e-06> l_back_rec: 3.9813e+02 l_forw_fit: 5.2251e+02 l_mi: 1.0000e+00 l_h: 6.1054e+03 
26-08-18 17:18:03.676 - INFO: <epoch: 22, iter: 365,400, lr:3.125e-06> l_back_rec: 3.5746e+02 l_forw_fit: 2.5323e+02 l_mi: 1.0000e+00 l_h: 4.4065e+03 
26-08-18 17:18:58.551 - INFO: <epoch: 22, iter: 365,500, lr:3.125e-06> l_back_rec: 4.3129e+02 l_forw_fit: 4.4342e+02 l_mi: 1.0000e+00 l_h: 5.8600e+03 
26-08-18 17:19:53.496 - INFO: <epoch: 22, iter: 365,600, lr:3.125e-06> l_back_rec: 3.7900e+02 l_forw_fit: 2.9738e+02 l_mi: 1.0000e+00 l_h: 4.9208e+03 
26-08-18 17:20:48.436 - INFO: <epoch: 22, iter: 365,700, lr:3.125e-06> l_back_rec: 4.2591e+02 l_forw_fit: 4.7643e+02 l_mi: 1.0000e+00 l_h: 6.3608e+03 
26-08-18 17:21:43.141 - INFO: <epoch: 22, iter: 365,800, lr:3.125e-06> l_back_rec: 3.6098e+02 l_forw_fit: 3.7623e+02 l_mi: 1.0000e+00 l_h: 5.5472e+03 
26-08-18 17:22:37.938 - INFO: <epoch: 22, iter: 365,900, lr:3.125e-06> l_back_rec: 4.1621e+02 l_forw_fit: 5.9309e+02 l_mi: 1.0000e+00 l_h: 6.7667e+03 
26-08-18 17:23:32.993 - INFO: <epoch: 22, iter: 366,000, lr:3.125e-06> l_back_rec: 4.2395e+02 l_forw_fit: 4.2154e+02 l_mi: 1.0000e+00 l_h: 5.4061e+03 
26-08-18 17:24:14.055 - INFO: # Validation # PSNR_Cover: 5.2185e+01, PSNR_Secret: 4.9102e+01, PSNR_Stego: 4.5840e+01
26-08-18 17:25:08.777 - INFO: <epoch: 22, iter: 366,100, lr:3.125e-06> l_back_rec: 4.4726e+02 l_forw_fit: 2.9284e+02 l_mi: 1.0000e+00 l_h: 4.7813e+03 
26-08-18 17:26:01.688 - INFO: <epoch: 22, iter: 366,200, lr:3.125e-06> l_back_rec: 3.7382e+02 l_forw_fit: 2.8829e+02 l_mi: 1.0000e+00 l_h: 4.4761e+03 
26-08-18 17:26:56.894 - INFO: <epoch: 22, iter: 366,300, lr:3.125e-06> l_back_rec: 3.9262e+02 l_forw_fit: 3.0916e+02 l_mi: 1.0000e+00 l_h: 4.7958e+03 
26-08-18 17:27:51.777 - INFO: <epoch: 22, iter: 366,400, lr:3.125e-06> l_back_rec: 4.1076e+02 l_forw_fit: 3.5558e+02 l_mi: 1.0000e+00 l_h: 5.3382e+03 
26-08-18 17:28:46.553 - INFO: <epoch: 22, iter: 366,500, lr:3.125e-06> l_back_rec: 4.3321e+02 l_forw_fit: 5.2771e+02 l_mi: 1.0000e+00 l_h: 6.8961e+03 
26-08-18 17:29:41.236 - INFO: <epoch: 22, iter: 366,600, lr:3.125e-06> l_back_rec: 3.8106e+02 l_forw_fit: 4.3222e+02 l_mi: 1.0000e+00 l_h: 5.4784e+03 
26-08-18 17:30:36.420 - INFO: <epoch: 22, iter: 366,700, lr:3.125e-06> l_back_rec: 3.8178e+02 l_forw_fit: 3.0828e+02 l_mi: 1.0000e+00 l_h: 5.0481e+03 
26-08-18 17:31:31.954 - INFO: <epoch: 22, iter: 366,800, lr:3.125e-06> l_back_rec: 3.5826e+02 l_forw_fit: 3.5014e+02 l_mi: 1.0000e+00 l_h: 4.8658e+03 
26-08-18 17:32:26.887 - INFO: <epoch: 22, iter: 366,900, lr:3.125e-06> l_back_rec: 4.2709e+02 l_forw_fit: 3.6518e+02 l_mi: 1.0000e+00 l_h: 5.2032e+03 
26-08-18 17:33:22.013 - INFO: <epoch: 22, iter: 367,000, lr:3.125e-06> l_back_rec: 3.7918e+02 l_forw_fit: 3.1225e+02 l_mi: 1.0000e+00 l_h: 5.1450e+03 
26-08-18 17:34:02.540 - INFO: # Validation # PSNR_Cover: 5.2171e+01, PSNR_Secret: 4.9118e+01, PSNR_Stego: 4.5805e+01
26-08-18 17:34:54.567 - INFO: <epoch: 22, iter: 367,100, lr:3.125e-06> l_back_rec: 4.1097e+02 l_forw_fit: 3.6414e+02 l_mi: 1.0000e+00 l_h: 5.4716e+03 
26-08-18 17:35:49.499 - INFO: <epoch: 22, iter: 367,200, lr:3.125e-06> l_back_rec: 3.3919e+02 l_forw_fit: 3.3392e+02 l_mi: 1.0000e+00 l_h: 5.1943e+03 
26-08-18 17:36:44.356 - INFO: <epoch: 22, iter: 367,300, lr:3.125e-06> l_back_rec: 4.4264e+02 l_forw_fit: 2.3629e+02 l_mi: 1.0000e+00 l_h: 4.2183e+03 
26-08-18 17:37:39.280 - INFO: <epoch: 22, iter: 367,400, lr:3.125e-06> l_back_rec: 4.5151e+02 l_forw_fit: 3.9632e+02 l_mi: 1.0000e+00 l_h: 5.3731e+03 
26-08-18 17:38:34.208 - INFO: <epoch: 22, iter: 367,500, lr:3.125e-06> l_back_rec: 4.0169e+02 l_forw_fit: 2.9034e+02 l_mi: 1.0000e+00 l_h: 4.7405e+03 
26-08-18 17:39:28.616 - INFO: <epoch: 22, iter: 367,600, lr:3.125e-06> l_back_rec: 3.7343e+02 l_forw_fit: 4.8600e+02 l_mi: 1.0000e+00 l_h: 6.8278e+03 
26-08-18 17:40:23.000 - INFO: <epoch: 22, iter: 367,700, lr:3.125e-06> l_back_rec: 4.7699e+02 l_forw_fit: 5.1384e+02 l_mi: 1.0000e+00 l_h: 6.8942e+03 
26-08-18 17:41:17.462 - INFO: <epoch: 22, iter: 367,800, lr:3.125e-06> l_back_rec: 4.5687e+02 l_forw_fit: 5.4769e+02 l_mi: 1.0000e+00 l_h: 7.4275e+03 
26-08-18 17:42:11.670 - INFO: <epoch: 22, iter: 367,900, lr:3.125e-06> l_back_rec: 4.0262e+02 l_forw_fit: 2.8448e+02 l_mi: 1.0000e+00 l_h: 4.5229e+03 
26-08-18 17:43:06.157 - INFO: <epoch: 22, iter: 368,000, lr:3.125e-06> l_back_rec: 3.3706e+02 l_forw_fit: 3.2031e+02 l_mi: 1.0000e+00 l_h: 4.9644e+03 
26-08-18 17:43:46.296 - INFO: # Validation # PSNR_Cover: 5.2208e+01, PSNR_Secret: 4.9091e+01, PSNR_Stego: 4.5864e+01
26-08-18 17:44:41.048 - INFO: <epoch: 22, iter: 368,100, lr:3.125e-06> l_back_rec: 3.9416e+02 l_forw_fit: 2.2930e+02 l_mi: 1.0000e+00 l_h: 4.1205e+03 
26-08-18 17:45:35.839 - INFO: <epoch: 22, iter: 368,200, lr:3.125e-06> l_back_rec: 3.6708e+02 l_forw_fit: 2.4880e+02 l_mi: 1.0000e+00 l_h: 4.3080e+03 
26-08-18 17:46:30.840 - INFO: <epoch: 22, iter: 368,300, lr:3.125e-06> l_back_rec: 3.5162e+02 l_forw_fit: 3.1442e+02 l_mi: 1.0000e+00 l_h: 5.1319e+03 
26-08-18 17:47:25.662 - INFO: <epoch: 22, iter: 368,400, lr:3.125e-06> l_back_rec: 3.9091e+02 l_forw_fit: 3.5063e+02 l_mi: 1.0000e+00 l_h: 5.4335e+03 
26-08-18 17:48:20.488 - INFO: <epoch: 22, iter: 368,500, lr:3.125e-06> l_back_rec: 4.0343e+02 l_forw_fit: 4.0303e+02 l_mi: 1.0000e+00 l_h: 5.9591e+03 
26-08-18 17:49:15.242 - INFO: <epoch: 22, iter: 368,600, lr:3.125e-06> l_back_rec: 3.8266e+02 l_forw_fit: 2.5525e+02 l_mi: 1.0000e+00 l_h: 4.5213e+03 
26-08-18 17:50:09.813 - INFO: <epoch: 22, iter: 368,700, lr:3.125e-06> l_back_rec: 3.4708e+02 l_forw_fit: 2.1951e+02 l_mi: 1.0000e+00 l_h: 4.0661e+03 
26-08-18 17:51:04.537 - INFO: <epoch: 22, iter: 368,800, lr:3.125e-06> l_back_rec: 3.9566e+02 l_forw_fit: 5.7511e+02 l_mi: 1.0000e+00 l_h: 6.6862e+03 
26-08-18 17:51:59.587 - INFO: <epoch: 22, iter: 368,900, lr:3.125e-06> l_back_rec: 3.6356e+02 l_forw_fit: 4.0780e+02 l_mi: 1.0000e+00 l_h: 5.5846e+03 
26-08-18 17:52:54.498 - INFO: <epoch: 22, iter: 369,000, lr:3.125e-06> l_back_rec: 3.3686e+02 l_forw_fit: 2.5547e+02 l_mi: 1.0000e+00 l_h: 4.2894e+03 
26-08-18 17:53:34.529 - INFO: # Validation # PSNR_Cover: 5.2247e+01, PSNR_Secret: 4.9041e+01, PSNR_Stego: 4.5869e+01
26-08-18 17:54:30.156 - INFO: <epoch: 22, iter: 369,100, lr:3.125e-06> l_back_rec: 3.4752e+02 l_forw_fit: 2.8279e+02 l_mi: 1.0000e+00 l_h: 4.6174e+03 
26-08-18 17:55:25.618 - INFO: <epoch: 22, iter: 369,200, lr:3.125e-06> l_back_rec: 4.0149e+02 l_forw_fit: 4.4168e+02 l_mi: 1.0000e+00 l_h: 5.8898e+03 
26-08-18 17:56:20.627 - INFO: <epoch: 22, iter: 369,300, lr:3.125e-06> l_back_rec: 3.7495e+02 l_forw_fit: 4.3257e+02 l_mi: 1.0000e+00 l_h: 5.4571e+03 
26-08-18 17:57:16.875 - INFO: <epoch: 22, iter: 369,400, lr:3.125e-06> l_back_rec: 3.9690e+02 l_forw_fit: 3.1042e+02 l_mi: 1.0000e+00 l_h: 4.8418e+03 
26-08-18 17:58:12.022 - INFO: <epoch: 22, iter: 369,500, lr:3.125e-06> l_back_rec: 3.9931e+02 l_forw_fit: 4.5157e+02 l_mi: 1.0000e+00 l_h: 6.0881e+03 
26-08-18 17:59:05.904 - INFO: <epoch: 22, iter: 369,600, lr:3.125e-06> l_back_rec: 3.5047e+02 l_forw_fit: 3.0731e+02 l_mi: 1.0000e+00 l_h: 4.6105e+03 
26-08-18 17:59:59.691 - INFO: <epoch: 22, iter: 369,700, lr:3.125e-06> l_back_rec: 4.1454e+02 l_forw_fit: 3.8555e+02 l_mi: 1.0000e+00 l_h: 5.4438e+03 
26-08-18 18:00:54.594 - INFO: <epoch: 22, iter: 369,800, lr:3.125e-06> l_back_rec: 4.2297e+02 l_forw_fit: 3.8824e+02 l_mi: 1.0000e+00 l_h: 6.0131e+03 
26-08-18 18:01:51.325 - INFO: <epoch: 22, iter: 369,900, lr:3.125e-06> l_back_rec: 4.2893e+02 l_forw_fit: 4.6336e+02 l_mi: 1.0000e+00 l_h: 6.5096e+03 
26-08-18 18:02:46.720 - INFO: <epoch: 22, iter: 370,000, lr:3.125e-06> l_back_rec: 3.8872e+02 l_forw_fit: 4.4666e+02 l_mi: 1.0000e+00 l_h: 6.1295e+03 
26-08-18 18:03:28.320 - INFO: # Validation # PSNR_Cover: 5.2216e+01, PSNR_Secret: 4.9097e+01, PSNR_Stego: 4.5827e+01
26-08-18 18:03:28.321 - INFO: Saving models and training states.
26-08-18 18:04:25.463 - INFO: <epoch: 22, iter: 370,100, lr:3.125e-06> l_back_rec: 3.8000e+02 l_forw_fit: 3.7514e+02 l_mi: 1.0000e+00 l_h: 5.2420e+03 
26-08-18 18:05:23.520 - INFO: <epoch: 22, iter: 370,200, lr:3.125e-06> l_back_rec: 3.7105e+02 l_forw_fit: 3.4172e+02 l_mi: 1.0000e+00 l_h: 5.0817e+03 
26-08-18 18:06:21.282 - INFO: <epoch: 22, iter: 370,300, lr:3.125e-06> l_back_rec: 3.9482e+02 l_forw_fit: 3.9617e+02 l_mi: 1.0000e+00 l_h: 5.5320e+03 
26-08-18 18:07:17.962 - INFO: <epoch: 22, iter: 370,400, lr:3.125e-06> l_back_rec: 3.6865e+02 l_forw_fit: 3.6984e+02 l_mi: 1.0000e+00 l_h: 5.1229e+03 
26-08-18 18:08:14.776 - INFO: <epoch: 22, iter: 370,500, lr:3.125e-06> l_back_rec: 3.7396e+02 l_forw_fit: 3.0556e+02 l_mi: 1.0000e+00 l_h: 4.8832e+03 
26-08-18 18:09:12.017 - INFO: <epoch: 22, iter: 370,600, lr:3.125e-06> l_back_rec: 4.5393e+02 l_forw_fit: 5.0026e+02 l_mi: 1.0000e+00 l_h: 7.7657e+03 
26-08-18 18:10:08.121 - INFO: <epoch: 22, iter: 370,700, lr:3.125e-06> l_back_rec: 4.2548e+02 l_forw_fit: 4.7393e+02 l_mi: 1.0000e+00 l_h: 6.1598e+03 
26-08-18 18:11:05.127 - INFO: <epoch: 22, iter: 370,800, lr:3.125e-06> l_back_rec: 4.3800e+02 l_forw_fit: 4.2450e+02 l_mi: 1.0000e+00 l_h: 5.9037e+03 
26-08-18 18:12:02.180 - INFO: <epoch: 22, iter: 370,900, lr:3.125e-06> l_back_rec: 4.0637e+02 l_forw_fit: 4.7974e+02 l_mi: 1.0000e+00 l_h: 6.2371e+03 
26-08-18 18:12:57.658 - INFO: <epoch: 22, iter: 371,000, lr:3.125e-06> l_back_rec: 3.7573e+02 l_forw_fit: 3.6523e+02 l_mi: 1.0000e+00 l_h: 5.3557e+03 
26-08-18 18:13:39.866 - INFO: # Validation # PSNR_Cover: 5.2231e+01, PSNR_Secret: 4.9112e+01, PSNR_Stego: 4.5825e+01
26-08-18 18:14:36.529 - INFO: <epoch: 22, iter: 371,100, lr:3.125e-06> l_back_rec: 4.0381e+02 l_forw_fit: 3.4842e+02 l_mi: 1.0000e+00 l_h: 5.4903e+03 
26-08-18 18:15:34.736 - INFO: <epoch: 22, iter: 371,200, lr:3.125e-06> l_back_rec: 4.6193e+02 l_forw_fit: 3.7373e+02 l_mi: 1.0000e+00 l_h: 5.5084e+03 
26-08-18 18:16:31.884 - INFO: <epoch: 22, iter: 371,300, lr:3.125e-06> l_back_rec: 4.0729e+02 l_forw_fit: 3.0720e+02 l_mi: 1.0000e+00 l_h: 4.8075e+03 
26-08-18 18:17:28.847 - INFO: <epoch: 22, iter: 371,400, lr:3.125e-06> l_back_rec: 3.9857e+02 l_forw_fit: 5.4537e+02 l_mi: 1.0000e+00 l_h: 5.4048e+03 
26-08-18 18:18:22.983 - INFO: <epoch: 22, iter: 371,500, lr:3.125e-06> l_back_rec: 3.8383e+02 l_forw_fit: 2.5946e+02 l_mi: 1.0000e+00 l_h: 4.6889e+03 
26-08-18 18:20:49.835 - INFO: <epoch: 23, iter: 371,600, lr:3.125e-06> l_back_rec: 3.6276e+02 l_forw_fit: 2.8124e+02 l_mi: 1.0000e+00 l_h: 4.7249e+03 
26-08-18 18:21:50.610 - INFO: <epoch: 23, iter: 371,700, lr:3.125e-06> l_back_rec: 4.4203e+02 l_forw_fit: 6.6731e+02 l_mi: 1.0000e+00 l_h: 7.2625e+03 
26-08-18 18:22:49.165 - INFO: <epoch: 23, iter: 371,800, lr:3.125e-06> l_back_rec: 3.4533e+02 l_forw_fit: 1.9724e+02 l_mi: 1.0000e+00 l_h: 3.9547e+03 
26-08-18 18:23:47.241 - INFO: <epoch: 23, iter: 371,900, lr:3.125e-06> l_back_rec: 4.7077e+02 l_forw_fit: 4.6349e+02 l_mi: 1.0000e+00 l_h: 6.2436e+03 
26-08-18 18:24:44.470 - INFO: <epoch: 23, iter: 372,000, lr:3.125e-06> l_back_rec: 4.6412e+02 l_forw_fit: 4.3673e+02 l_mi: 1.0000e+00 l_h: 5.7219e+03 
26-08-18 18:25:24.054 - INFO: # Validation # PSNR_Cover: 5.2206e+01, PSNR_Secret: 4.9098e+01, PSNR_Stego: 4.5850e+01
26-08-18 18:26:21.683 - INFO: <epoch: 23, iter: 372,100, lr:3.125e-06> l_back_rec: 3.8622e+02 l_forw_fit: 2.6810e+02 l_mi: 1.0000e+00 l_h: 4.4371e+03 
26-08-18 18:27:19.156 - INFO: <epoch: 23, iter: 372,200, lr:3.125e-06> l_back_rec: 3.8863e+02 l_forw_fit: 2.8385e+02 l_mi: 1.0000e+00 l_h: 4.4227e+03 
26-08-18 18:28:16.907 - INFO: <epoch: 23, iter: 372,300, lr:3.125e-06> l_back_rec: 4.0069e+02 l_forw_fit: 3.9272e+02 l_mi: 1.0000e+00 l_h: 5.7244e+03 
26-08-18 18:29:13.331 - INFO: <epoch: 23, iter: 372,400, lr:3.125e-06> l_back_rec: 4.4108e+02 l_forw_fit: 3.4149e+02 l_mi: 1.0000e+00 l_h: 5.4581e+03 
26-08-18 18:30:09.383 - INFO: <epoch: 23, iter: 372,500, lr:3.125e-06> l_back_rec: 4.0249e+02 l_forw_fit: 3.2358e+02 l_mi: 1.0000e+00 l_h: 5.2314e+03 
26-08-18 18:31:05.164 - INFO: <epoch: 23, iter: 372,600, lr:3.125e-06> l_back_rec: 3.5230e+02 l_forw_fit: 2.8211e+02 l_mi: 1.0000e+00 l_h: 4.6819e+03 
26-08-18 18:32:00.674 - INFO: <epoch: 23, iter: 372,700, lr:3.125e-06> l_back_rec: 3.7079e+02 l_forw_fit: 2.8251e+02 l_mi: 1.0000e+00 l_h: 4.9262e+03 
26-08-18 18:32:56.927 - INFO: <epoch: 23, iter: 372,800, lr:3.125e-06> l_back_rec: 3.6081e+02 l_forw_fit: 2.4681e+02 l_mi: 1.0000e+00 l_h: 4.4664e+03 
26-08-18 18:33:52.339 - INFO: <epoch: 23, iter: 372,900, lr:3.125e-06> l_back_rec: 3.9020e+02 l_forw_fit: 3.4660e+02 l_mi: 1.0000e+00 l_h: 5.1659e+03 
26-08-18 18:34:49.034 - INFO: <epoch: 23, iter: 373,000, lr:3.125e-06> l_back_rec: 4.2706e+02 l_forw_fit: 4.3099e+02 l_mi: 1.0000e+00 l_h: 5.9750e+03 
26-08-18 18:35:28.860 - INFO: # Validation # PSNR_Cover: 5.2230e+01, PSNR_Secret: 4.9104e+01, PSNR_Stego: 4.5842e+01
26-08-18 18:36:26.913 - INFO: <epoch: 23, iter: 373,100, lr:3.125e-06> l_back_rec: 3.4676e+02 l_forw_fit: 2.9763e+02 l_mi: 1.0000e+00 l_h: 4.7181e+03 
26-08-18 18:37:25.009 - INFO: <epoch: 23, iter: 373,200, lr:3.125e-06> l_back_rec: 4.3088e+02 l_forw_fit: 3.5059e+02 l_mi: 1.0000e+00 l_h: 5.5362e+03 
26-08-18 18:38:22.172 - INFO: <epoch: 23, iter: 373,300, lr:3.125e-06> l_back_rec: 3.9816e+02 l_forw_fit: 4.1211e+02 l_mi: 1.0000e+00 l_h: 5.5271e+03 
26-08-18 18:39:18.622 - INFO: <epoch: 23, iter: 373,400, lr:3.125e-06> l_back_rec: 3.8390e+02 l_forw_fit: 2.5937e+02 l_mi: 1.0000e+00 l_h: 4.4233e+03 
26-08-18 18:40:15.213 - INFO: <epoch: 23, iter: 373,500, lr:3.125e-06> l_back_rec: 3.6671e+02 l_forw_fit: 4.8306e+02 l_mi: 1.0000e+00 l_h: 5.6893e+03 
26-08-18 18:41:11.527 - INFO: <epoch: 23, iter: 373,600, lr:3.125e-06> l_back_rec: 3.8554e+02 l_forw_fit: 3.8353e+02 l_mi: 1.0000e+00 l_h: 5.4548e+03 
26-08-18 18:42:08.904 - INFO: <epoch: 23, iter: 373,700, lr:3.125e-06> l_back_rec: 3.7808e+02 l_forw_fit: 4.1741e+02 l_mi: 1.0000e+00 l_h: 6.0397e+03 
26-08-18 18:43:06.411 - INFO: <epoch: 23, iter: 373,800, lr:3.125e-06> l_back_rec: 4.8467e+02 l_forw_fit: 4.2070e+02 l_mi: 1.0000e+00 l_h: 5.1341e+03 
26-08-18 18:44:03.123 - INFO: <epoch: 23, iter: 373,900, lr:3.125e-06> l_back_rec: 3.6062e+02 l_forw_fit: 1.9385e+02 l_mi: 1.0000e+00 l_h: 3.7166e+03 
26-08-18 18:44:59.575 - INFO: <epoch: 23, iter: 374,000, lr:3.125e-06> l_back_rec: 4.2440e+02 l_forw_fit: 4.1118e+02 l_mi: 1.0000e+00 l_h: 5.9256e+03 
26-08-18 18:45:40.479 - INFO: # Validation # PSNR_Cover: 5.2205e+01, PSNR_Secret: 4.9086e+01, PSNR_Stego: 4.5813e+01
26-08-18 18:46:36.721 - INFO: <epoch: 23, iter: 374,100, lr:3.125e-06> l_back_rec: 3.7831e+02 l_forw_fit: 3.9911e+02 l_mi: 1.0000e+00 l_h: 6.0146e+03 
26-08-18 18:47:33.735 - INFO: <epoch: 23, iter: 374,200, lr:3.125e-06> l_back_rec: 3.4604e+02 l_forw_fit: 1.7582e+02 l_mi: 1.0000e+00 l_h: 3.7616e+03 
26-08-18 18:48:29.409 - INFO: <epoch: 23, iter: 374,300, lr:3.125e-06> l_back_rec: 4.2697e+02 l_forw_fit: 3.7044e+02 l_mi: 1.0000e+00 l_h: 5.4585e+03 
26-08-18 18:49:24.788 - INFO: <epoch: 23, iter: 374,400, lr:3.125e-06> l_back_rec: 4.1311e+02 l_forw_fit: 3.9751e+02 l_mi: 1.0000e+00 l_h: 5.7924e+03 
26-08-18 18:50:21.236 - INFO: <epoch: 23, iter: 374,500, lr:3.125e-06> l_back_rec: 3.8858e+02 l_forw_fit: 2.6616e+02 l_mi: 1.0000e+00 l_h: 4.8596e+03 
26-08-18 18:51:17.346 - INFO: <epoch: 23, iter: 374,600, lr:3.125e-06> l_back_rec: 4.5054e+02 l_forw_fit: 5.0110e+02 l_mi: 1.0000e+00 l_h: 6.6341e+03 
26-08-18 18:52:13.297 - INFO: <epoch: 23, iter: 374,700, lr:3.125e-06> l_back_rec: 3.7816e+02 l_forw_fit: 3.7483e+02 l_mi: 1.0000e+00 l_h: 5.3285e+03 
26-08-18 18:53:10.134 - INFO: <epoch: 23, iter: 374,800, lr:3.125e-06> l_back_rec: 3.6951e+02 l_forw_fit: 3.5255e+02 l_mi: 1.0000e+00 l_h: 5.0934e+03 
26-08-18 18:54:07.373 - INFO: <epoch: 23, iter: 374,900, lr:3.125e-06> l_back_rec: 4.1373e+02 l_forw_fit: 4.5326e+02 l_mi: 1.0000e+00 l_h: 5.9758e+03 
26-08-18 18:55:03.591 - INFO: <epoch: 23, iter: 375,000, lr:3.125e-06> l_back_rec: 3.3284e+02 l_forw_fit: 2.4591e+02 l_mi: 1.0000e+00 l_h: 4.4128e+03 
26-08-18 18:55:44.844 - INFO: # Validation # PSNR_Cover: 5.2203e+01, PSNR_Secret: 4.9062e+01, PSNR_Stego: 4.5819e+01
26-08-18 18:55:44.844 - INFO: Saving models and training states.
26-08-18 18:56:42.638 - INFO: <epoch: 23, iter: 375,100, lr:3.125e-06> l_back_rec: 3.7821e+02 l_forw_fit: 3.4509e+02 l_mi: 1.0000e+00 l_h: 5.3508e+03 
26-08-18 18:57:39.444 - INFO: <epoch: 23, iter: 375,200, lr:3.125e-06> l_back_rec: 4.4545e+02 l_forw_fit: 4.2733e+02 l_mi: 1.0000e+00 l_h: 6.0911e+03 
26-08-18 18:58:36.176 - INFO: <epoch: 23, iter: 375,300, lr:3.125e-06> l_back_rec: 3.9617e+02 l_forw_fit: 3.8912e+02 l_mi: 1.0000e+00 l_h: 5.8353e+03 
26-08-18 18:59:33.070 - INFO: <epoch: 23, iter: 375,400, lr:3.125e-06> l_back_rec: 4.4838e+02 l_forw_fit: 3.7460e+02 l_mi: 1.0000e+00 l_h: 5.3852e+03 
26-08-18 19:00:29.183 - INFO: <epoch: 23, iter: 375,500, lr:3.125e-06> l_back_rec: 4.0484e+02 l_forw_fit: 4.8724e+02 l_mi: 1.0000e+00 l_h: 6.2462e+03 
26-08-18 19:01:25.208 - INFO: <epoch: 23, iter: 375,600, lr:3.125e-06> l_back_rec: 4.1602e+02 l_forw_fit: 3.7527e+02 l_mi: 1.0000e+00 l_h: 5.6580e+03 
26-08-18 19:02:21.470 - INFO: <epoch: 23, iter: 375,700, lr:3.125e-06> l_back_rec: 3.7875e+02 l_forw_fit: 3.4856e+02 l_mi: 1.0000e+00 l_h: 5.0999e+03 
26-08-18 19:03:17.521 - INFO: <epoch: 23, iter: 375,800, lr:3.125e-06> l_back_rec: 4.5620e+02 l_forw_fit: 3.5927e+02 l_mi: 1.0000e+00 l_h: 5.4266e+03 
26-08-18 19:04:13.497 - INFO: <epoch: 23, iter: 375,900, lr:3.125e-06> l_back_rec: 3.4740e+02 l_forw_fit: 2.5418e+02 l_mi: 1.0000e+00 l_h: 4.3339e+03 
26-08-18 19:05:08.371 - INFO: <epoch: 23, iter: 376,000, lr:3.125e-06> l_back_rec: 3.6579e+02 l_forw_fit: 2.1885e+02 l_mi: 1.0000e+00 l_h: 4.1611e+03 
26-08-18 19:05:49.737 - INFO: # Validation # PSNR_Cover: 5.2177e+01, PSNR_Secret: 4.9090e+01, PSNR_Stego: 4.5803e+01
26-08-18 19:06:45.597 - INFO: <epoch: 23, iter: 376,100, lr:3.125e-06> l_back_rec: 3.5472e+02 l_forw_fit: 3.2518e+02 l_mi: 1.0000e+00 l_h: 5.2558e+03 
26-08-18 19:07:41.634 - INFO: <epoch: 23, iter: 376,200, lr:3.125e-06> l_back_rec: 3.7962e+02 l_forw_fit: 3.3763e+02 l_mi: 1.0000e+00 l_h: 4.6858e+03 
26-08-18 19:08:36.655 - INFO: <epoch: 23, iter: 376,300, lr:3.125e-06> l_back_rec: 4.0115e+02 l_forw_fit: 3.9360e+02 l_mi: 1.0000e+00 l_h: 5.5165e+03 
26-08-18 19:09:32.475 - INFO: <epoch: 23, iter: 376,400, lr:3.125e-06> l_back_rec: 4.3985e+02 l_forw_fit: 5.0140e+02 l_mi: 1.0000e+00 l_h: 7.2689e+03 
26-08-18 19:10:28.420 - INFO: <epoch: 23, iter: 376,500, lr:3.125e-06> l_back_rec: 4.1057e+02 l_forw_fit: 4.0962e+02 l_mi: 1.0000e+00 l_h: 5.3665e+03 
26-08-18 19:11:24.602 - INFO: <epoch: 23, iter: 376,600, lr:3.125e-06> l_back_rec: 3.6806e+02 l_forw_fit: 3.2288e+02 l_mi: 1.0000e+00 l_h: 5.2539e+03 
26-08-18 19:12:20.766 - INFO: <epoch: 23, iter: 376,700, lr:3.125e-06> l_back_rec: 4.1131e+02 l_forw_fit: 3.4719e+02 l_mi: 1.0000e+00 l_h: 5.3055e+03 
26-08-18 19:13:16.510 - INFO: <epoch: 23, iter: 376,800, lr:3.125e-06> l_back_rec: 4.0870e+02 l_forw_fit: 3.9003e+02 l_mi: 1.0000e+00 l_h: 6.1786e+03 
26-08-18 19:14:12.433 - INFO: <epoch: 23, iter: 376,900, lr:3.125e-06> l_back_rec: 3.4980e+02 l_forw_fit: 4.0431e+02 l_mi: 1.0000e+00 l_h: 5.9081e+03 
26-08-18 19:15:08.080 - INFO: <epoch: 23, iter: 377,000, lr:3.125e-06> l_back_rec: 4.0266e+02 l_forw_fit: 5.2936e+02 l_mi: 1.0000e+00 l_h: 6.1800e+03 
26-08-18 19:15:49.317 - INFO: # Validation # PSNR_Cover: 5.2203e+01, PSNR_Secret: 4.9112e+01, PSNR_Stego: 4.5831e+01
26-08-18 19:16:44.896 - INFO: <epoch: 23, iter: 377,100, lr:3.125e-06> l_back_rec: 3.4583e+02 l_forw_fit: 2.3397e+02 l_mi: 1.0000e+00 l_h: 4.1421e+03 
26-08-18 19:17:39.137 - INFO: <epoch: 23, iter: 377,200, lr:3.125e-06> l_back_rec: 3.9066e+02 l_forw_fit: 4.3035e+02 l_mi: 1.0000e+00 l_h: 5.6957e+03 
26-08-18 19:18:35.401 - INFO: <epoch: 23, iter: 377,300, lr:3.125e-06> l_back_rec: 4.2650e+02 l_forw_fit: 4.5115e+02 l_mi: 1.0000e+00 l_h: 5.7615e+03 
26-08-18 19:19:32.089 - INFO: <epoch: 23, iter: 377,400, lr:3.125e-06> l_back_rec: 4.0918e+02 l_forw_fit: 5.1004e+02 l_mi: 1.0000e+00 l_h: 6.5729e+03 
26-08-18 19:20:29.144 - INFO: <epoch: 23, iter: 377,500, lr:3.125e-06> l_back_rec: 4.0242e+02 l_forw_fit: 5.2135e+02 l_mi: 1.0000e+00 l_h: 6.5860e+03 
26-08-18 19:21:26.314 - INFO: <epoch: 23, iter: 377,600, lr:3.125e-06> l_back_rec: 3.5865e+02 l_forw_fit: 2.8806e+02 l_mi: 1.0000e+00 l_h: 4.8618e+03 
26-08-18 19:22:21.929 - INFO: <epoch: 23, iter: 377,700, lr:3.125e-06> l_back_rec: 3.7378e+02 l_forw_fit: 3.2599e+02 l_mi: 1.0000e+00 l_h: 5.1589e+03 
26-08-18 19:23:17.172 - INFO: <epoch: 23, iter: 377,800, lr:3.125e-06> l_back_rec: 3.5646e+02 l_forw_fit: 2.7160e+02 l_mi: 1.0000e+00 l_h: 4.5977e+03 
26-08-18 19:24:11.720 - INFO: <epoch: 23, iter: 377,900, lr:3.125e-06> l_back_rec: 3.6866e+02 l_forw_fit: 2.7617e+02 l_mi: 1.0000e+00 l_h: 4.6171e+03 
26-08-18 19:25:07.077 - INFO: <epoch: 23, iter: 378,000, lr:3.125e-06> l_back_rec: 3.7614e+02 l_forw_fit: 3.0729e+02 l_mi: 1.0000e+00 l_h: 4.5920e+03 
26-08-18 19:25:48.286 - INFO: # Validation # PSNR_Cover: 5.2213e+01, PSNR_Secret: 4.9115e+01, PSNR_Stego: 4.5802e+01
26-08-18 19:26:43.678 - INFO: <epoch: 23, iter: 378,100, lr:3.125e-06> l_back_rec: 3.7809e+02 l_forw_fit: 3.7587e+02 l_mi: 1.0000e+00 l_h: 5.5507e+03 
26-08-18 19:27:39.083 - INFO: <epoch: 23, iter: 378,200, lr:3.125e-06> l_back_rec: 4.2281e+02 l_forw_fit: 5.1698e+02 l_mi: 1.0000e+00 l_h: 6.5328e+03 
26-08-18 19:28:34.511 - INFO: <epoch: 23, iter: 378,300, lr:3.125e-06> l_back_rec: 4.3321e+02 l_forw_fit: 3.3292e+02 l_mi: 1.0000e+00 l_h: 5.0741e+03 
26-08-18 19:29:29.173 - INFO: <epoch: 23, iter: 378,400, lr:3.125e-06> l_back_rec: 3.5861e+02 l_forw_fit: 4.6488e+02 l_mi: 1.0000e+00 l_h: 5.2452e+03 
26-08-18 19:30:23.968 - INFO: <epoch: 23, iter: 378,500, lr:3.125e-06> l_back_rec: 3.7018e+02 l_forw_fit: 2.4113e+02 l_mi: 1.0000e+00 l_h: 4.2064e+03 
26-08-18 19:31:19.144 - INFO: <epoch: 23, iter: 378,600, lr:3.125e-06> l_back_rec: 3.9073e+02 l_forw_fit: 3.0190e+02 l_mi: 1.0000e+00 l_h: 4.8577e+03 
26-08-18 19:32:14.029 - INFO: <epoch: 23, iter: 378,700, lr:3.125e-06> l_back_rec: 4.3268e+02 l_forw_fit: 3.9588e+02 l_mi: 1.0000e+00 l_h: 5.6016e+03 
26-08-18 19:33:08.749 - INFO: <epoch: 23, iter: 378,800, lr:3.125e-06> l_back_rec: 4.5316e+02 l_forw_fit: 3.6160e+02 l_mi: 1.0000e+00 l_h: 5.4912e+03 
26-08-18 19:34:03.541 - INFO: <epoch: 23, iter: 378,900, lr:3.125e-06> l_back_rec: 3.7463e+02 l_forw_fit: 3.2769e+02 l_mi: 1.0000e+00 l_h: 5.0392e+03 
26-08-18 19:34:58.433 - INFO: <epoch: 23, iter: 379,000, lr:3.125e-06> l_back_rec: 3.7332e+02 l_forw_fit: 4.0177e+02 l_mi: 1.0000e+00 l_h: 5.2560e+03 
26-08-18 19:35:39.209 - INFO: # Validation # PSNR_Cover: 5.2190e+01, PSNR_Secret: 4.9131e+01, PSNR_Stego: 4.5811e+01
26-08-18 19:36:34.146 - INFO: <epoch: 23, iter: 379,100, lr:3.125e-06> l_back_rec: 3.7040e+02 l_forw_fit: 3.8889e+02 l_mi: 1.0000e+00 l_h: 5.5152e+03 
26-08-18 19:37:29.182 - INFO: <epoch: 23, iter: 379,200, lr:3.125e-06> l_back_rec: 3.8085e+02 l_forw_fit: 3.3343e+02 l_mi: 1.0000e+00 l_h: 5.3320e+03 
26-08-18 19:38:24.356 - INFO: <epoch: 23, iter: 379,300, lr:3.125e-06> l_back_rec: 3.8146e+02 l_forw_fit: 3.2196e+02 l_mi: 1.0000e+00 l_h: 5.1636e+03 
26-08-18 19:39:19.137 - INFO: <epoch: 23, iter: 379,400, lr:3.125e-06> l_back_rec: 4.1245e+02 l_forw_fit: 3.6606e+02 l_mi: 1.0000e+00 l_h: 5.6295e+03 
26-08-18 19:40:13.760 - INFO: <epoch: 23, iter: 379,500, lr:3.125e-06> l_back_rec: 4.7934e+02 l_forw_fit: 4.7834e+02 l_mi: 1.0000e+00 l_h: 6.6125e+03 
26-08-18 19:41:08.456 - INFO: <epoch: 23, iter: 379,600, lr:3.125e-06> l_back_rec: 3.7458e+02 l_forw_fit: 2.8088e+02 l_mi: 1.0000e+00 l_h: 4.7724e+03 
26-08-18 19:42:03.357 - INFO: <epoch: 23, iter: 379,700, lr:3.125e-06> l_back_rec: 3.9424e+02 l_forw_fit: 3.3645e+02 l_mi: 1.0000e+00 l_h: 5.0789e+03 
26-08-18 19:42:58.221 - INFO: <epoch: 23, iter: 379,800, lr:3.125e-06> l_back_rec: 4.1586e+02 l_forw_fit: 3.6679e+02 l_mi: 1.0000e+00 l_h: 5.5913e+03 
26-08-18 19:43:53.071 - INFO: <epoch: 23, iter: 379,900, lr:3.125e-06> l_back_rec: 3.7998e+02 l_forw_fit: 3.5501e+02 l_mi: 1.0000e+00 l_h: 5.2579e+03 
26-08-18 19:44:47.859 - INFO: <epoch: 23, iter: 380,000, lr:3.125e-06> l_back_rec: 3.7873e+02 l_forw_fit: 3.4156e+02 l_mi: 1.0000e+00 l_h: 5.2109e+03 
26-08-18 19:45:28.472 - INFO: # Validation # PSNR_Cover: 5.2194e+01, PSNR_Secret: 4.9117e+01, PSNR_Stego: 4.5851e+01
26-08-18 19:45:28.473 - INFO: Saving models and training states.
26-08-18 19:46:23.843 - INFO: <epoch: 23, iter: 380,100, lr:3.125e-06> l_back_rec: 3.5359e+02 l_forw_fit: 2.2391e+02 l_mi: 1.0000e+00 l_h: 4.0879e+03 
26-08-18 19:47:18.539 - INFO: <epoch: 23, iter: 380,200, lr:3.125e-06> l_back_rec: 3.2428e+02 l_forw_fit: 2.2567e+02 l_mi: 1.0000e+00 l_h: 4.1497e+03 
26-08-18 19:48:12.794 - INFO: <epoch: 23, iter: 380,300, lr:3.125e-06> l_back_rec: 3.9654e+02 l_forw_fit: 2.8951e+02 l_mi: 1.0000e+00 l_h: 4.7387e+03 
26-08-18 19:49:07.365 - INFO: <epoch: 23, iter: 380,400, lr:3.125e-06> l_back_rec: 4.1883e+02 l_forw_fit: 3.8855e+02 l_mi: 1.0000e+00 l_h: 5.6304e+03 
26-08-18 19:50:01.860 - INFO: <epoch: 23, iter: 380,500, lr:3.125e-06> l_back_rec: 3.6594e+02 l_forw_fit: 2.8309e+02 l_mi: 1.0000e+00 l_h: 4.8807e+03 
26-08-18 19:50:57.053 - INFO: <epoch: 23, iter: 380,600, lr:3.125e-06> l_back_rec: 3.5857e+02 l_forw_fit: 2.6009e+02 l_mi: 1.0000e+00 l_h: 4.5683e+03 
26-08-18 19:51:52.007 - INFO: <epoch: 23, iter: 380,700, lr:3.125e-06> l_back_rec: 3.9696e+02 l_forw_fit: 3.3697e+02 l_mi: 1.0000e+00 l_h: 5.5838e+03 
26-08-18 19:52:46.697 - INFO: <epoch: 23, iter: 380,800, lr:3.125e-06> l_back_rec: 4.3345e+02 l_forw_fit: 3.1850e+02 l_mi: 1.0000e+00 l_h: 5.0934e+03 
26-08-18 19:53:41.336 - INFO: <epoch: 23, iter: 380,900, lr:3.125e-06> l_back_rec: 3.3998e+02 l_forw_fit: 1.4960e+02 l_mi: 1.0000e+00 l_h: 3.5354e+03 
26-08-18 19:54:36.126 - INFO: <epoch: 23, iter: 381,000, lr:3.125e-06> l_back_rec: 3.6439e+02 l_forw_fit: 3.2655e+02 l_mi: 1.0000e+00 l_h: 4.4603e+03 
26-08-18 19:55:16.731 - INFO: # Validation # PSNR_Cover: 5.2195e+01, PSNR_Secret: 4.9095e+01, PSNR_Stego: 4.5885e+01
26-08-18 19:56:11.264 - INFO: <epoch: 23, iter: 381,100, lr:3.125e-06> l_back_rec: 3.6907e+02 l_forw_fit: 3.2758e+02 l_mi: 1.0000e+00 l_h: 5.2750e+03 
26-08-18 19:57:06.033 - INFO: <epoch: 23, iter: 381,200, lr:3.125e-06> l_back_rec: 3.9744e+02 l_forw_fit: 2.3849e+02 l_mi: 1.0000e+00 l_h: 4.1953e+03 
26-08-18 19:58:01.104 - INFO: <epoch: 23, iter: 381,300, lr:3.125e-06> l_back_rec: 4.6056e+02 l_forw_fit: 5.7490e+02 l_mi: 1.0000e+00 l_h: 7.3695e+03 
26-08-18 19:58:56.076 - INFO: <epoch: 23, iter: 381,400, lr:3.125e-06> l_back_rec: 4.4313e+02 l_forw_fit: 4.1869e+02 l_mi: 1.0000e+00 l_h: 5.5679e+03 
26-08-18 19:59:50.862 - INFO: <epoch: 23, iter: 381,500, lr:3.125e-06> l_back_rec: 4.2411e+02 l_forw_fit: 3.6841e+02 l_mi: 1.0000e+00 l_h: 5.0509e+03 
26-08-18 20:00:45.433 - INFO: <epoch: 23, iter: 381,600, lr:3.125e-06> l_back_rec: 3.2304e+02 l_forw_fit: 2.2042e+02 l_mi: 1.0000e+00 l_h: 4.0649e+03 
26-08-18 20:01:40.390 - INFO: <epoch: 23, iter: 381,700, lr:3.125e-06> l_back_rec: 3.9174e+02 l_forw_fit: 3.2866e+02 l_mi: 1.0000e+00 l_h: 5.1780e+03 
26-08-18 20:02:35.295 - INFO: <epoch: 23, iter: 381,800, lr:3.125e-06> l_back_rec: 3.3442e+02 l_forw_fit: 1.5595e+02 l_mi: 1.0000e+00 l_h: 3.6955e+03 
26-08-18 20:03:30.132 - INFO: <epoch: 23, iter: 381,900, lr:3.125e-06> l_back_rec: 4.1015e+02 l_forw_fit: 3.3544e+02 l_mi: 1.0000e+00 l_h: 5.1416e+03 
26-08-18 20:04:24.727 - INFO: <epoch: 23, iter: 382,000, lr:3.125e-06> l_back_rec: 4.1221e+02 l_forw_fit: 4.5922e+02 l_mi: 1.0000e+00 l_h: 6.3203e+03 
26-08-18 20:05:04.461 - INFO: # Validation # PSNR_Cover: 5.2208e+01, PSNR_Secret: 4.9084e+01, PSNR_Stego: 4.5851e+01
26-08-18 20:05:59.264 - INFO: <epoch: 23, iter: 382,100, lr:3.125e-06> l_back_rec: 4.1063e+02 l_forw_fit: 3.8192e+02 l_mi: 1.0000e+00 l_h: 5.6620e+03 
26-08-18 20:06:54.051 - INFO: <epoch: 23, iter: 382,200, lr:3.125e-06> l_back_rec: 3.6178e+02 l_forw_fit: 2.3908e+02 l_mi: 1.0000e+00 l_h: 4.4970e+03 
26-08-18 20:07:47.138 - INFO: <epoch: 23, iter: 382,300, lr:3.125e-06> l_back_rec: 4.5925e+02 l_forw_fit: 4.3981e+02 l_mi: 1.0000e+00 l_h: 5.5860e+03 
26-08-18 20:08:39.651 - INFO: <epoch: 23, iter: 382,400, lr:3.125e-06> l_back_rec: 4.0561e+02 l_forw_fit: 2.6570e+02 l_mi: 1.0000e+00 l_h: 4.6344e+03 
26-08-18 20:09:34.662 - INFO: <epoch: 23, iter: 382,500, lr:3.125e-06> l_back_rec: 4.6111e+02 l_forw_fit: 3.9746e+02 l_mi: 1.0000e+00 l_h: 5.7307e+03 
26-08-18 20:10:32.493 - INFO: <epoch: 23, iter: 382,600, lr:3.125e-06> l_back_rec: 4.4608e+02 l_forw_fit: 4.6164e+02 l_mi: 1.0000e+00 l_h: 6.3743e+03 
26-08-18 20:11:29.026 - INFO: <epoch: 23, iter: 382,700, lr:3.125e-06> l_back_rec: 4.3125e+02 l_forw_fit: 3.5801e+02 l_mi: 1.0000e+00 l_h: 6.5633e+03 
26-08-18 20:12:26.041 - INFO: <epoch: 23, iter: 382,800, lr:3.125e-06> l_back_rec: 3.9249e+02 l_forw_fit: 3.2655e+02 l_mi: 1.0000e+00 l_h: 5.0413e+03 
26-08-18 20:13:22.719 - INFO: <epoch: 23, iter: 382,900, lr:3.125e-06> l_back_rec: 4.0038e+02 l_forw_fit: 3.5252e+02 l_mi: 1.0000e+00 l_h: 5.2209e+03 
26-08-18 20:14:18.509 - INFO: <epoch: 23, iter: 383,000, lr:3.125e-06> l_back_rec: 4.2217e+02 l_forw_fit: 5.1701e+02 l_mi: 1.0000e+00 l_h: 4.9833e+03 
26-08-18 20:14:59.212 - INFO: # Validation # PSNR_Cover: 5.2183e+01, PSNR_Secret: 4.9110e+01, PSNR_Stego: 4.5814e+01
26-08-18 20:15:55.665 - INFO: <epoch: 23, iter: 383,100, lr:3.125e-06> l_back_rec: 4.6491e+02 l_forw_fit: 5.1748e+02 l_mi: 1.0000e+00 l_h: 6.8639e+03 
26-08-18 20:16:51.377 - INFO: <epoch: 23, iter: 383,200, lr:3.125e-06> l_back_rec: 3.7396e+02 l_forw_fit: 2.3395e+02 l_mi: 1.0000e+00 l_h: 4.2914e+03 
26-08-18 20:17:46.475 - INFO: <epoch: 23, iter: 383,300, lr:3.125e-06> l_back_rec: 4.4701e+02 l_forw_fit: 3.7700e+02 l_mi: 1.0000e+00 l_h: 5.0603e+03 
26-08-18 20:18:41.872 - INFO: <epoch: 23, iter: 383,400, lr:3.125e-06> l_back_rec: 4.1040e+02 l_forw_fit: 3.8023e+02 l_mi: 1.0000e+00 l_h: 5.5607e+03 
26-08-18 20:19:37.368 - INFO: <epoch: 23, iter: 383,500, lr:3.125e-06> l_back_rec: 4.3883e+02 l_forw_fit: 6.3257e+02 l_mi: 1.0000e+00 l_h: 6.3317e+03 
26-08-18 20:20:33.144 - INFO: <epoch: 23, iter: 383,600, lr:3.125e-06> l_back_rec: 3.8717e+02 l_forw_fit: 3.2634e+02 l_mi: 1.0000e+00 l_h: 4.3865e+03 
26-08-18 20:21:27.643 - INFO: <epoch: 23, iter: 383,700, lr:3.125e-06> l_back_rec: 3.4235e+02 l_forw_fit: 2.6755e+02 l_mi: 1.0000e+00 l_h: 4.3648e+03 
26-08-18 20:22:21.907 - INFO: <epoch: 23, iter: 383,800, lr:3.125e-06> l_back_rec: 3.6625e+02 l_forw_fit: 3.1117e+02 l_mi: 1.0000e+00 l_h: 4.9436e+03 
26-08-18 20:23:15.836 - INFO: <epoch: 23, iter: 383,900, lr:3.125e-06> l_back_rec: 5.1266e+02 l_forw_fit: 6.2999e+02 l_mi: 1.0000e+00 l_h: 7.2657e+03 
26-08-18 20:24:09.918 - INFO: <epoch: 23, iter: 384,000, lr:3.125e-06> l_back_rec: 4.0188e+02 l_forw_fit: 7.4615e+02 l_mi: 1.0000e+00 l_h: 7.1611e+03 
26-08-18 20:24:49.834 - INFO: # Validation # PSNR_Cover: 5.2192e+01, PSNR_Secret: 4.9124e+01, PSNR_Stego: 4.5818e+01
26-08-18 20:25:43.691 - INFO: <epoch: 23, iter: 384,100, lr:3.125e-06> l_back_rec: 4.3567e+02 l_forw_fit: 6.1081e+02 l_mi: 1.0000e+00 l_h: 7.1461e+03 
26-08-18 20:26:37.910 - INFO: <epoch: 23, iter: 384,200, lr:3.125e-06> l_back_rec: 4.2996e+02 l_forw_fit: 3.8312e+02 l_mi: 1.0000e+00 l_h: 5.4816e+03 
26-08-18 20:27:32.030 - INFO: <epoch: 23, iter: 384,300, lr:3.125e-06> l_back_rec: 3.5590e+02 l_forw_fit: 3.2742e+02 l_mi: 1.0000e+00 l_h: 4.7073e+03 
26-08-18 20:28:26.494 - INFO: <epoch: 23, iter: 384,400, lr:3.125e-06> l_back_rec: 3.9794e+02 l_forw_fit: 3.8365e+02 l_mi: 1.0000e+00 l_h: 5.1165e+03 
26-08-18 20:29:20.082 - INFO: <epoch: 23, iter: 384,500, lr:3.125e-06> l_back_rec: 3.4349e+02 l_forw_fit: 3.1043e+02 l_mi: 1.0000e+00 l_h: 4.8237e+03 
26-08-18 20:30:15.938 - INFO: <epoch: 23, iter: 384,600, lr:3.125e-06> l_back_rec: 3.9113e+02 l_forw_fit: 3.1858e+02 l_mi: 1.0000e+00 l_h: 5.0261e+03 
26-08-18 20:31:11.557 - INFO: <epoch: 23, iter: 384,700, lr:3.125e-06> l_back_rec: 4.6424e+02 l_forw_fit: 3.7962e+02 l_mi: 1.0000e+00 l_h: 6.8153e+03 
26-08-18 20:32:07.077 - INFO: <epoch: 23, iter: 384,800, lr:3.125e-06> l_back_rec: 3.8300e+02 l_forw_fit: 4.1290e+02 l_mi: 1.0000e+00 l_h: 5.8503e+03 
26-08-18 20:33:02.945 - INFO: <epoch: 23, iter: 384,900, lr:3.125e-06> l_back_rec: 3.6830e+02 l_forw_fit: 3.7955e+02 l_mi: 1.0000e+00 l_h: 5.5051e+03 
26-08-18 20:33:56.373 - INFO: <epoch: 23, iter: 385,000, lr:3.125e-06> l_back_rec: 3.7323e+02 l_forw_fit: 3.4100e+02 l_mi: 1.0000e+00 l_h: 5.2803e+03 
26-08-18 20:34:44.095 - INFO: # Validation # PSNR_Cover: 5.2196e+01, PSNR_Secret: 4.9154e+01, PSNR_Stego: 4.5755e+01
26-08-18 20:34:44.095 - INFO: Saving models and training states.
26-08-18 20:35:39.985 - INFO: <epoch: 23, iter: 385,100, lr:3.125e-06> l_back_rec: 4.1062e+02 l_forw_fit: 3.3949e+02 l_mi: 1.0000e+00 l_h: 5.4618e+03 
26-08-18 20:36:35.304 - INFO: <epoch: 23, iter: 385,200, lr:3.125e-06> l_back_rec: 4.4829e+02 l_forw_fit: 5.3459e+02 l_mi: 1.0000e+00 l_h: 6.2810e+03 
26-08-18 20:37:30.376 - INFO: <epoch: 23, iter: 385,300, lr:3.125e-06> l_back_rec: 3.7450e+02 l_forw_fit: 2.5300e+02 l_mi: 1.0000e+00 l_h: 4.6353e+03 
26-08-18 20:38:25.272 - INFO: <epoch: 23, iter: 385,400, lr:3.125e-06> l_back_rec: 3.5099e+02 l_forw_fit: 3.5540e+02 l_mi: 1.0000e+00 l_h: 5.1881e+03 
26-08-18 20:39:21.055 - INFO: <epoch: 23, iter: 385,500, lr:3.125e-06> l_back_rec: 3.6430e+02 l_forw_fit: 2.8989e+02 l_mi: 1.0000e+00 l_h: 4.6576e+03 
26-08-18 20:40:15.626 - INFO: <epoch: 23, iter: 385,600, lr:3.125e-06> l_back_rec: 5.0982e+02 l_forw_fit: 6.9886e+02 l_mi: 1.0000e+00 l_h: 8.3563e+03 
26-08-18 20:41:10.690 - INFO: <epoch: 23, iter: 385,700, lr:3.125e-06> l_back_rec: 3.5476e+02 l_forw_fit: 2.8064e+02 l_mi: 1.0000e+00 l_h: 4.6700e+03 
26-08-18 20:42:05.461 - INFO: <epoch: 23, iter: 385,800, lr:3.125e-06> l_back_rec: 3.8759e+02 l_forw_fit: 3.9996e+02 l_mi: 1.0000e+00 l_h: 5.4815e+03 
26-08-18 20:43:00.456 - INFO: <epoch: 23, iter: 385,900, lr:3.125e-06> l_back_rec: 3.2590e+02 l_forw_fit: 2.6350e+02 l_mi: 1.0000e+00 l_h: 4.3603e+03 
26-08-18 20:43:55.420 - INFO: <epoch: 23, iter: 386,000, lr:3.125e-06> l_back_rec: 4.0690e+02 l_forw_fit: 4.4497e+02 l_mi: 1.0000e+00 l_h: 6.7512e+03 
26-08-18 20:44:36.155 - INFO: # Validation # PSNR_Cover: 5.2193e+01, PSNR_Secret: 4.9054e+01, PSNR_Stego: 4.5901e+01
26-08-18 20:45:31.052 - INFO: <epoch: 23, iter: 386,100, lr:3.125e-06> l_back_rec: 3.8932e+02 l_forw_fit: 2.8293e+02 l_mi: 1.0000e+00 l_h: 4.5797e+03 
26-08-18 20:46:25.926 - INFO: <epoch: 23, iter: 386,200, lr:3.125e-06> l_back_rec: 3.5361e+02 l_forw_fit: 2.8976e+02 l_mi: 1.0000e+00 l_h: 4.8883e+03 
26-08-18 20:47:20.888 - INFO: <epoch: 23, iter: 386,300, lr:3.125e-06> l_back_rec: 4.0205e+02 l_forw_fit: 4.6361e+02 l_mi: 1.0000e+00 l_h: 6.0631e+03 
26-08-18 20:48:15.804 - INFO: <epoch: 23, iter: 386,400, lr:3.125e-06> l_back_rec: 3.8947e+02 l_forw_fit: 3.4734e+02 l_mi: 1.0000e+00 l_h: 5.2243e+03 
26-08-18 20:49:10.600 - INFO: <epoch: 23, iter: 386,500, lr:3.125e-06> l_back_rec: 4.3296e+02 l_forw_fit: 7.3991e+02 l_mi: 1.0000e+00 l_h: 7.0505e+03 
26-08-18 20:50:05.650 - INFO: <epoch: 23, iter: 386,600, lr:3.125e-06> l_back_rec: 4.0119e+02 l_forw_fit: 2.7969e+02 l_mi: 1.0000e+00 l_h: 4.9289e+03 
26-08-18 20:51:00.638 - INFO: <epoch: 23, iter: 386,700, lr:3.125e-06> l_back_rec: 4.5482e+02 l_forw_fit: 3.8091e+02 l_mi: 1.0000e+00 l_h: 5.5252e+03 
26-08-18 20:51:55.853 - INFO: <epoch: 23, iter: 386,800, lr:3.125e-06> l_back_rec: 5.2652e+02 l_forw_fit: 6.0546e+02 l_mi: 1.0000e+00 l_h: 6.1945e+03 
26-08-18 20:52:50.735 - INFO: <epoch: 23, iter: 386,900, lr:3.125e-06> l_back_rec: 3.7464e+02 l_forw_fit: 4.0021e+02 l_mi: 1.0000e+00 l_h: 4.7746e+03 
26-08-18 20:53:46.189 - INFO: <epoch: 23, iter: 387,000, lr:3.125e-06> l_back_rec: 3.8561e+02 l_forw_fit: 3.7374e+02 l_mi: 1.0000e+00 l_h: 5.5452e+03 
26-08-18 20:54:26.858 - INFO: # Validation # PSNR_Cover: 5.2165e+01, PSNR_Secret: 4.9111e+01, PSNR_Stego: 4.5772e+01
26-08-18 20:55:22.209 - INFO: <epoch: 23, iter: 387,100, lr:3.125e-06> l_back_rec: 3.2945e+02 l_forw_fit: 2.5320e+02 l_mi: 1.0000e+00 l_h: 5.1764e+03 
26-08-18 20:56:17.720 - INFO: <epoch: 23, iter: 387,200, lr:3.125e-06> l_back_rec: 4.0370e+02 l_forw_fit: 4.1472e+02 l_mi: 1.0000e+00 l_h: 5.9281e+03 
26-08-18 20:57:12.795 - INFO: <epoch: 23, iter: 387,300, lr:3.125e-06> l_back_rec: 3.3006e+02 l_forw_fit: 2.1531e+02 l_mi: 1.0000e+00 l_h: 4.0511e+03 
26-08-18 20:58:08.277 - INFO: <epoch: 23, iter: 387,400, lr:3.125e-06> l_back_rec: 4.0396e+02 l_forw_fit: 3.9038e+02 l_mi: 1.0000e+00 l_h: 5.4343e+03 
26-08-18 20:59:03.167 - INFO: <epoch: 23, iter: 387,500, lr:3.125e-06> l_back_rec: 3.4573e+02 l_forw_fit: 2.5537e+02 l_mi: 1.0000e+00 l_h: 4.5002e+03 
26-08-18 21:00:00.898 - INFO: <epoch: 23, iter: 387,600, lr:3.125e-06> l_back_rec: 3.5577e+02 l_forw_fit: 3.1519e+02 l_mi: 1.0000e+00 l_h: 4.9644e+03 
26-08-18 21:02:24.225 - INFO: <epoch: 24, iter: 387,700, lr:3.125e-06> l_back_rec: 3.7240e+02 l_forw_fit: 3.8659e+02 l_mi: 1.0000e+00 l_h: 5.5310e+03 
26-08-18 21:03:22.998 - INFO: <epoch: 24, iter: 387,800, lr:3.125e-06> l_back_rec: 3.6142e+02 l_forw_fit: 3.0313e+02 l_mi: 1.0000e+00 l_h: 4.8570e+03 
26-08-18 21:04:20.101 - INFO: <epoch: 24, iter: 387,900, lr:3.125e-06> l_back_rec: 3.6361e+02 l_forw_fit: 2.7113e+02 l_mi: 1.0000e+00 l_h: 4.5378e+03 
26-08-18 21:05:17.990 - INFO: <epoch: 24, iter: 388,000, lr:3.125e-06> l_back_rec: 3.8528e+02 l_forw_fit: 3.4751e+02 l_mi: 1.0000e+00 l_h: 5.4122e+03 
26-08-18 21:06:00.959 - INFO: # Validation # PSNR_Cover: 5.2219e+01, PSNR_Secret: 4.9107e+01, PSNR_Stego: 4.5845e+01
26-08-18 21:06:59.655 - INFO: <epoch: 24, iter: 388,100, lr:3.125e-06> l_back_rec: 3.8137e+02 l_forw_fit: 4.0948e+02 l_mi: 1.0000e+00 l_h: 6.0109e+03 
26-08-18 21:07:57.392 - INFO: <epoch: 24, iter: 388,200, lr:3.125e-06> l_back_rec: 4.0032e+02 l_forw_fit: 4.2239e+02 l_mi: 1.0000e+00 l_h: 6.4834e+03 
26-08-18 21:08:54.191 - INFO: <epoch: 24, iter: 388,300, lr:3.125e-06> l_back_rec: 3.6502e+02 l_forw_fit: 1.9780e+02 l_mi: 1.0000e+00 l_h: 3.7909e+03 
26-08-18 21:09:50.616 - INFO: <epoch: 24, iter: 388,400, lr:3.125e-06> l_back_rec: 3.9233e+02 l_forw_fit: 2.8425e+02 l_mi: 1.0000e+00 l_h: 4.8626e+03 
26-08-18 21:10:48.282 - INFO: <epoch: 24, iter: 388,500, lr:3.125e-06> l_back_rec: 4.2507e+02 l_forw_fit: 2.8190e+02 l_mi: 1.0000e+00 l_h: 4.8791e+03 
26-08-18 21:11:46.692 - INFO: <epoch: 24, iter: 388,600, lr:3.125e-06> l_back_rec: 4.1290e+02 l_forw_fit: 3.8595e+02 l_mi: 1.0000e+00 l_h: 5.2450e+03 
26-08-18 21:12:43.289 - INFO: <epoch: 24, iter: 388,700, lr:3.125e-06> l_back_rec: 3.6098e+02 l_forw_fit: 2.6821e+02 l_mi: 1.0000e+00 l_h: 4.6025e+03 
26-08-18 21:13:41.302 - INFO: <epoch: 24, iter: 388,800, lr:3.125e-06> l_back_rec: 4.2614e+02 l_forw_fit: 3.3281e+02 l_mi: 1.0000e+00 l_h: 5.0234e+03 
26-08-18 21:14:38.726 - INFO: <epoch: 24, iter: 388,900, lr:3.125e-06> l_back_rec: 4.0339e+02 l_forw_fit: 4.1632e+02 l_mi: 1.0000e+00 l_h: 5.7752e+03 
26-08-18 21:15:36.285 - INFO: <epoch: 24, iter: 389,000, lr:3.125e-06> l_back_rec: 3.8730e+02 l_forw_fit: 2.9907e+02 l_mi: 1.0000e+00 l_h: 4.9890e+03 
26-08-18 21:16:18.549 - INFO: # Validation # PSNR_Cover: 5.2237e+01, PSNR_Secret: 4.9135e+01, PSNR_Stego: 4.5794e+01
26-08-18 21:17:16.340 - INFO: <epoch: 24, iter: 389,100, lr:3.125e-06> l_back_rec: 4.2831e+02 l_forw_fit: 5.7351e+02 l_mi: 1.0000e+00 l_h: 7.2047e+03 
26-08-18 21:18:11.610 - INFO: <epoch: 24, iter: 389,200, lr:3.125e-06> l_back_rec: 3.7669e+02 l_forw_fit: 5.7180e+02 l_mi: 1.0000e+00 l_h: 5.0235e+03 
26-08-18 21:19:07.550 - INFO: <epoch: 24, iter: 389,300, lr:3.125e-06> l_back_rec: 3.6607e+02 l_forw_fit: 4.8991e+02 l_mi: 1.0000e+00 l_h: 6.2520e+03 
26-08-18 21:20:03.629 - INFO: <epoch: 24, iter: 389,400, lr:3.125e-06> l_back_rec: 3.8417e+02 l_forw_fit: 2.4295e+02 l_mi: 1.0000e+00 l_h: 4.3102e+03 
26-08-18 21:21:00.088 - INFO: <epoch: 24, iter: 389,500, lr:3.125e-06> l_back_rec: 3.6060e+02 l_forw_fit: 3.1588e+02 l_mi: 1.0000e+00 l_h: 4.9679e+03 
26-08-18 21:21:56.191 - INFO: <epoch: 24, iter: 389,600, lr:3.125e-06> l_back_rec: 4.5629e+02 l_forw_fit: 5.8338e+02 l_mi: 1.0000e+00 l_h: 6.2341e+03 
26-08-18 21:22:52.574 - INFO: <epoch: 24, iter: 389,700, lr:3.125e-06> l_back_rec: 4.2022e+02 l_forw_fit: 3.1158e+02 l_mi: 1.0000e+00 l_h: 5.1499e+03 
26-08-18 21:23:48.744 - INFO: <epoch: 24, iter: 389,800, lr:3.125e-06> l_back_rec: 4.3091e+02 l_forw_fit: 5.7133e+02 l_mi: 1.0000e+00 l_h: 6.9978e+03 
26-08-18 21:24:44.739 - INFO: <epoch: 24, iter: 389,900, lr:3.125e-06> l_back_rec: 4.3816e+02 l_forw_fit: 4.6592e+02 l_mi: 1.0000e+00 l_h: 6.3069e+03 
26-08-18 21:25:41.981 - INFO: <epoch: 24, iter: 390,000, lr:3.125e-06> l_back_rec: 3.6901e+02 l_forw_fit: 2.3508e+02 l_mi: 1.0000e+00 l_h: 4.1012e+03 
26-08-18 21:26:24.667 - INFO: # Validation # PSNR_Cover: 5.2213e+01, PSNR_Secret: 4.9099e+01, PSNR_Stego: 4.5896e+01
26-08-18 21:26:24.667 - INFO: Saving models and training states.
26-08-18 21:27:22.260 - INFO: <epoch: 24, iter: 390,100, lr:3.125e-06> l_back_rec: 3.9700e+02 l_forw_fit: 3.2403e+02 l_mi: 1.0000e+00 l_h: 5.0271e+03 
26-08-18 21:28:18.410 - INFO: <epoch: 24, iter: 390,200, lr:3.125e-06> l_back_rec: 4.1220e+02 l_forw_fit: 4.6840e+02 l_mi: 1.0000e+00 l_h: 6.1577e+03 
26-08-18 21:29:14.882 - INFO: <epoch: 24, iter: 390,300, lr:3.125e-06> l_back_rec: 4.0632e+02 l_forw_fit: 4.8554e+02 l_mi: 1.0000e+00 l_h: 6.1532e+03 
26-08-18 21:30:10.195 - INFO: <epoch: 24, iter: 390,400, lr:3.125e-06> l_back_rec: 3.5717e+02 l_forw_fit: 2.2637e+02 l_mi: 1.0000e+00 l_h: 4.1995e+03 
26-08-18 21:31:06.448 - INFO: <epoch: 24, iter: 390,500, lr:3.125e-06> l_back_rec: 3.8475e+02 l_forw_fit: 3.0558e+02 l_mi: 1.0000e+00 l_h: 5.0294e+03 
26-08-18 21:32:02.583 - INFO: <epoch: 24, iter: 390,600, lr:3.125e-06> l_back_rec: 4.4706e+02 l_forw_fit: 4.8681e+02 l_mi: 1.0000e+00 l_h: 7.0831e+03 
26-08-18 21:32:55.175 - INFO: <epoch: 24, iter: 390,700, lr:3.125e-06> l_back_rec: 4.1000e+02 l_forw_fit: 3.6265e+02 l_mi: 1.0000e+00 l_h: 5.7589e+03 
26-08-18 21:33:45.839 - INFO: <epoch: 24, iter: 390,800, lr:3.125e-06> l_back_rec: 3.8433e+02 l_forw_fit: 2.6324e+02 l_mi: 1.0000e+00 l_h: 4.4057e+03 
26-08-18 21:34:40.956 - INFO: <epoch: 24, iter: 390,900, lr:3.125e-06> l_back_rec: 4.6970e+02 l_forw_fit: 5.7142e+02 l_mi: 1.0000e+00 l_h: 6.9804e+03 
26-08-18 21:35:36.766 - INFO: <epoch: 24, iter: 391,000, lr:3.125e-06> l_back_rec: 3.7235e+02 l_forw_fit: 3.0253e+02 l_mi: 1.0000e+00 l_h: 4.8828e+03 
26-08-18 21:36:18.824 - INFO: # Validation # PSNR_Cover: 5.2202e+01, PSNR_Secret: 4.9087e+01, PSNR_Stego: 4.5857e+01
26-08-18 21:37:13.771 - INFO: <epoch: 24, iter: 391,100, lr:3.125e-06> l_back_rec: 4.2907e+02 l_forw_fit: 3.3171e+02 l_mi: 1.0000e+00 l_h: 4.8594e+03 
26-08-18 21:38:08.247 - INFO: <epoch: 24, iter: 391,200, lr:3.125e-06> l_back_rec: 3.7628e+02 l_forw_fit: 3.8116e+02 l_mi: 1.0000e+00 l_h: 5.5878e+03 
26-08-18 21:39:01.982 - INFO: <epoch: 24, iter: 391,300, lr:3.125e-06> l_back_rec: 4.2722e+02 l_forw_fit: 4.1202e+02 l_mi: 1.0000e+00 l_h: 5.9460e+03 
26-08-18 21:39:54.940 - INFO: <epoch: 24, iter: 391,400, lr:3.125e-06> l_back_rec: 4.1507e+02 l_forw_fit: 3.4406e+02 l_mi: 1.0000e+00 l_h: 5.4129e+03 
26-08-18 21:40:47.796 - INFO: <epoch: 24, iter: 391,500, lr:3.125e-06> l_back_rec: 3.7106e+02 l_forw_fit: 3.2502e+02 l_mi: 1.0000e+00 l_h: 4.8393e+03 
26-08-18 21:41:40.479 - INFO: <epoch: 24, iter: 391,600, lr:3.125e-06> l_back_rec: 3.6951e+02 l_forw_fit: 3.1606e+02 l_mi: 1.0000e+00 l_h: 4.9883e+03 
26-08-18 21:42:33.619 - INFO: <epoch: 24, iter: 391,700, lr:3.125e-06> l_back_rec: 3.9781e+02 l_forw_fit: 4.3246e+02 l_mi: 1.0000e+00 l_h: 5.7363e+03 
26-08-18 21:43:26.562 - INFO: <epoch: 24, iter: 391,800, lr:3.125e-06> l_back_rec: 4.7090e+02 l_forw_fit: 4.6052e+02 l_mi: 1.0000e+00 l_h: 6.3048e+03 
26-08-18 21:44:19.374 - INFO: <epoch: 24, iter: 391,900, lr:3.125e-06> l_back_rec: 4.2178e+02 l_forw_fit: 4.0488e+02 l_mi: 1.0000e+00 l_h: 5.7451e+03 
26-08-18 21:45:12.095 - INFO: <epoch: 24, iter: 392,000, lr:3.125e-06> l_back_rec: 3.8673e+02 l_forw_fit: 3.4768e+02 l_mi: 1.0000e+00 l_h: 5.0166e+03 
26-08-18 21:45:51.172 - INFO: # Validation # PSNR_Cover: 5.2209e+01, PSNR_Secret: 4.9057e+01, PSNR_Stego: 4.5910e+01
26-08-18 21:46:43.819 - INFO: <epoch: 24, iter: 392,100, lr:3.125e-06> l_back_rec: 4.2672e+02 l_forw_fit: 3.8866e+02 l_mi: 1.0000e+00 l_h: 5.7549e+03 
26-08-18 21:47:36.674 - INFO: <epoch: 24, iter: 392,200, lr:3.125e-06> l_back_rec: 3.6809e+02 l_forw_fit: 3.4420e+02 l_mi: 1.0000e+00 l_h: 4.9614e+03 
26-08-18 21:48:29.476 - INFO: <epoch: 24, iter: 392,300, lr:3.125e-06> l_back_rec: 3.5258e+02 l_forw_fit: 3.7968e+02 l_mi: 1.0000e+00 l_h: 5.1996e+03 
26-08-18 21:49:22.243 - INFO: <epoch: 24, iter: 392,400, lr:3.125e-06> l_back_rec: 3.8928e+02 l_forw_fit: 3.3475e+02 l_mi: 1.0000e+00 l_h: 5.2638e+03 
26-08-18 21:50:14.963 - INFO: <epoch: 24, iter: 392,500, lr:3.125e-06> l_back_rec: 4.3313e+02 l_forw_fit: 3.9503e+02 l_mi: 1.0000e+00 l_h: 5.6999e+03 
26-08-18 21:51:08.011 - INFO: <epoch: 24, iter: 392,600, lr:3.125e-06> l_back_rec: 4.3107e+02 l_forw_fit: 3.7954e+02 l_mi: 1.0000e+00 l_h: 5.5757e+03 
26-08-18 21:52:01.010 - INFO: <epoch: 24, iter: 392,700, lr:3.125e-06> l_back_rec: 4.0415e+02 l_forw_fit: 3.6687e+02 l_mi: 1.0000e+00 l_h: 5.2972e+03 
26-08-18 21:52:53.957 - INFO: <epoch: 24, iter: 392,800, lr:3.125e-06> l_back_rec: 4.5541e+02 l_forw_fit: 4.6948e+02 l_mi: 1.0000e+00 l_h: 5.8529e+03 
26-08-18 21:53:46.702 - INFO: <epoch: 24, iter: 392,900, lr:3.125e-06> l_back_rec: 4.3290e+02 l_forw_fit: 4.7284e+02 l_mi: 1.0000e+00 l_h: 7.6580e+03 
26-08-18 21:54:39.390 - INFO: <epoch: 24, iter: 393,000, lr:3.125e-06> l_back_rec: 3.5355e+02 l_forw_fit: 5.3852e+02 l_mi: 1.0000e+00 l_h: 6.1025e+03 
26-08-18 21:55:18.114 - INFO: # Validation # PSNR_Cover: 5.2173e+01, PSNR_Secret: 4.9115e+01, PSNR_Stego: 4.5830e+01
26-08-18 21:56:10.710 - INFO: <epoch: 24, iter: 393,100, lr:3.125e-06> l_back_rec: 3.9048e+02 l_forw_fit: 3.7484e+02 l_mi: 1.0000e+00 l_h: 6.0807e+03 
26-08-18 21:57:03.499 - INFO: <epoch: 24, iter: 393,200, lr:3.125e-06> l_back_rec: 5.1348e+02 l_forw_fit: 8.9020e+02 l_mi: 1.0000e+00 l_h: 8.6247e+03 
26-08-18 21:57:56.405 - INFO: <epoch: 24, iter: 393,300, lr:3.125e-06> l_back_rec: 3.7270e+02 l_forw_fit: 2.2990e+02 l_mi: 1.0000e+00 l_h: 4.2746e+03 
26-08-18 21:58:49.327 - INFO: <epoch: 24, iter: 393,400, lr:3.125e-06> l_back_rec: 3.9994e+02 l_forw_fit: 4.2138e+02 l_mi: 1.0000e+00 l_h: 5.9681e+03 
26-08-18 21:59:40.897 - INFO: <epoch: 24, iter: 393,500, lr:3.125e-06> l_back_rec: 4.6449e+02 l_forw_fit: 4.4904e+02 l_mi: 1.0000e+00 l_h: 5.7858e+03 
26-08-18 22:00:31.372 - INFO: <epoch: 24, iter: 393,600, lr:3.125e-06> l_back_rec: 4.0404e+02 l_forw_fit: 3.8933e+02 l_mi: 1.0000e+00 l_h: 5.7242e+03 
26-08-18 22:01:21.945 - INFO: <epoch: 24, iter: 393,700, lr:3.125e-06> l_back_rec: 3.6886e+02 l_forw_fit: 1.9993e+02 l_mi: 1.0000e+00 l_h: 3.8463e+03 
26-08-18 22:02:12.294 - INFO: <epoch: 24, iter: 393,800, lr:3.125e-06> l_back_rec: 4.0059e+02 l_forw_fit: 3.8923e+02 l_mi: 1.0000e+00 l_h: 5.6220e+03 
26-08-18 22:03:02.836 - INFO: <epoch: 24, iter: 393,900, lr:3.125e-06> l_back_rec: 3.4799e+02 l_forw_fit: 3.0014e+02 l_mi: 1.0000e+00 l_h: 4.7948e+03 
26-08-18 22:03:53.516 - INFO: <epoch: 24, iter: 394,000, lr:3.125e-06> l_back_rec: 3.7562e+02 l_forw_fit: 3.4734e+02 l_mi: 1.0000e+00 l_h: 4.9155e+03 
26-08-18 22:04:31.338 - INFO: # Validation # PSNR_Cover: 5.2254e+01, PSNR_Secret: 4.9130e+01, PSNR_Stego: 4.5802e+01
26-08-18 22:05:21.951 - INFO: <epoch: 24, iter: 394,100, lr:3.125e-06> l_back_rec: 4.1228e+02 l_forw_fit: 3.7447e+02 l_mi: 1.0000e+00 l_h: 5.8766e+03 
26-08-18 22:06:12.243 - INFO: <epoch: 24, iter: 394,200, lr:3.125e-06> l_back_rec: 4.2774e+02 l_forw_fit: 4.7482e+02 l_mi: 1.0000e+00 l_h: 6.4505e+03 
26-08-18 22:07:02.736 - INFO: <epoch: 24, iter: 394,300, lr:3.125e-06> l_back_rec: 3.8083e+02 l_forw_fit: 2.9012e+02 l_mi: 1.0000e+00 l_h: 4.6862e+03 
26-08-18 22:07:53.220 - INFO: <epoch: 24, iter: 394,400, lr:3.125e-06> l_back_rec: 3.5338e+02 l_forw_fit: 2.5445e+02 l_mi: 1.0000e+00 l_h: 4.5491e+03 
26-08-18 22:08:43.496 - INFO: <epoch: 24, iter: 394,500, lr:3.125e-06> l_back_rec: 3.9464e+02 l_forw_fit: 4.5674e+02 l_mi: 1.0000e+00 l_h: 5.7961e+03 
26-08-18 22:09:33.973 - INFO: <epoch: 24, iter: 394,600, lr:3.125e-06> l_back_rec: 3.8568e+02 l_forw_fit: 3.3240e+02 l_mi: 1.0000e+00 l_h: 6.1918e+03 
26-08-18 22:10:24.295 - INFO: <epoch: 24, iter: 394,700, lr:3.125e-06> l_back_rec: 3.6228e+02 l_forw_fit: 3.2680e+02 l_mi: 1.0000e+00 l_h: 5.1956e+03 
26-08-18 22:11:14.772 - INFO: <epoch: 24, iter: 394,800, lr:3.125e-06> l_back_rec: 3.7914e+02 l_forw_fit: 3.7658e+02 l_mi: 1.0000e+00 l_h: 5.3599e+03 
26-08-18 22:12:05.267 - INFO: <epoch: 24, iter: 394,900, lr:3.125e-06> l_back_rec: 3.4223e+02 l_forw_fit: 2.9116e+02 l_mi: 1.0000e+00 l_h: 4.7525e+03 
26-08-18 22:12:55.709 - INFO: <epoch: 24, iter: 395,000, lr:3.125e-06> l_back_rec: 3.7618e+02 l_forw_fit: 3.6779e+02 l_mi: 1.0000e+00 l_h: 5.5057e+03 
26-08-18 22:13:33.555 - INFO: # Validation # PSNR_Cover: 5.2228e+01, PSNR_Secret: 4.9090e+01, PSNR_Stego: 4.5867e+01
26-08-18 22:13:33.555 - INFO: Saving models and training states.
26-08-18 22:14:24.577 - INFO: <epoch: 24, iter: 395,100, lr:3.125e-06> l_back_rec: 3.9232e+02 l_forw_fit: 3.0257e+02 l_mi: 1.0000e+00 l_h: 4.8672e+03 
26-08-18 22:15:14.863 - INFO: <epoch: 24, iter: 395,200, lr:3.125e-06> l_back_rec: 3.8662e+02 l_forw_fit: 4.0382e+02 l_mi: 1.0000e+00 l_h: 5.2567e+03 
26-08-18 22:16:05.454 - INFO: <epoch: 24, iter: 395,300, lr:3.125e-06> l_back_rec: 3.9301e+02 l_forw_fit: 5.8757e+02 l_mi: 1.0000e+00 l_h: 6.3633e+03 
26-08-18 22:16:55.988 - INFO: <epoch: 24, iter: 395,400, lr:3.125e-06> l_back_rec: 4.1574e+02 l_forw_fit: 4.3036e+02 l_mi: 1.0000e+00 l_h: 6.2791e+03 
26-08-18 22:17:46.368 - INFO: <epoch: 24, iter: 395,500, lr:3.125e-06> l_back_rec: 5.1858e+02 l_forw_fit: 6.0272e+02 l_mi: 1.0000e+00 l_h: 6.8969e+03 
26-08-18 22:18:36.901 - INFO: <epoch: 24, iter: 395,600, lr:3.125e-06> l_back_rec: 3.9401e+02 l_forw_fit: 3.3560e+02 l_mi: 1.0000e+00 l_h: 4.8923e+03 
26-08-18 22:19:27.435 - INFO: <epoch: 24, iter: 395,700, lr:3.125e-06> l_back_rec: 3.9649e+02 l_forw_fit: 4.7522e+02 l_mi: 1.0000e+00 l_h: 6.0843e+03 
26-08-18 22:20:17.830 - INFO: <epoch: 24, iter: 395,800, lr:3.125e-06> l_back_rec: 4.0194e+02 l_forw_fit: 4.6871e+02 l_mi: 1.0000e+00 l_h: 6.4560e+03 
26-08-18 22:21:08.313 - INFO: <epoch: 24, iter: 395,900, lr:3.125e-06> l_back_rec: 3.6349e+02 l_forw_fit: 2.7098e+02 l_mi: 1.0000e+00 l_h: 4.5029e+03 
26-08-18 22:21:58.670 - INFO: <epoch: 24, iter: 396,000, lr:3.125e-06> l_back_rec: 3.5872e+02 l_forw_fit: 2.9909e+02 l_mi: 1.0000e+00 l_h: 4.8455e+03 
26-08-18 22:22:36.861 - INFO: # Validation # PSNR_Cover: 5.2201e+01, PSNR_Secret: 4.9080e+01, PSNR_Stego: 4.5909e+01
26-08-18 22:23:27.442 - INFO: <epoch: 24, iter: 396,100, lr:3.125e-06> l_back_rec: 3.4850e+02 l_forw_fit: 2.3772e+02 l_mi: 1.0000e+00 l_h: 4.4655e+03 
26-08-18 22:24:17.838 - INFO: <epoch: 24, iter: 396,200, lr:3.125e-06> l_back_rec: 4.3015e+02 l_forw_fit: 4.0243e+02 l_mi: 1.0000e+00 l_h: 5.4814e+03 
26-08-18 22:25:08.264 - INFO: <epoch: 24, iter: 396,300, lr:3.125e-06> l_back_rec: 3.9735e+02 l_forw_fit: 3.2263e+02 l_mi: 1.0000e+00 l_h: 5.0844e+03 
26-08-18 22:25:58.858 - INFO: <epoch: 24, iter: 396,400, lr:3.125e-06> l_back_rec: 4.0104e+02 l_forw_fit: 3.8040e+02 l_mi: 1.0000e+00 l_h: 5.4826e+03 
26-08-18 22:26:49.160 - INFO: <epoch: 24, iter: 396,500, lr:3.125e-06> l_back_rec: 3.1604e+02 l_forw_fit: 2.1733e+02 l_mi: 1.0000e+00 l_h: 4.0256e+03 
26-08-18 22:27:39.479 - INFO: <epoch: 24, iter: 396,600, lr:3.125e-06> l_back_rec: 3.8073e+02 l_forw_fit: 2.7412e+02 l_mi: 1.0000e+00 l_h: 4.2959e+03 
26-08-18 22:28:30.010 - INFO: <epoch: 24, iter: 396,700, lr:3.125e-06> l_back_rec: 5.0478e+02 l_forw_fit: 4.6391e+02 l_mi: 1.0000e+00 l_h: 5.8005e+03 
26-08-18 22:29:20.602 - INFO: <epoch: 24, iter: 396,800, lr:3.125e-06> l_back_rec: 4.6228e+02 l_forw_fit: 6.9079e+02 l_mi: 1.0000e+00 l_h: 8.1493e+03 
26-08-18 22:30:11.106 - INFO: <epoch: 24, iter: 396,900, lr:3.125e-06> l_back_rec: 3.6610e+02 l_forw_fit: 4.1644e+02 l_mi: 1.0000e+00 l_h: 5.6166e+03 
26-08-18 22:31:01.555 - INFO: <epoch: 24, iter: 397,000, lr:3.125e-06> l_back_rec: 4.0218e+02 l_forw_fit: 3.2178e+02 l_mi: 1.0000e+00 l_h: 4.7513e+03 
26-08-18 22:31:39.445 - INFO: # Validation # PSNR_Cover: 5.2164e+01, PSNR_Secret: 4.9080e+01, PSNR_Stego: 4.5871e+01
26-08-18 22:32:30.157 - INFO: <epoch: 24, iter: 397,100, lr:3.125e-06> l_back_rec: 4.5415e+02 l_forw_fit: 3.4442e+02 l_mi: 1.0000e+00 l_h: 5.7578e+03 
26-08-18 22:33:21.073 - INFO: <epoch: 24, iter: 397,200, lr:3.125e-06> l_back_rec: 4.4103e+02 l_forw_fit: 4.4279e+02 l_mi: 1.0000e+00 l_h: 6.1129e+03 
26-08-18 22:34:11.534 - INFO: <epoch: 24, iter: 397,300, lr:3.125e-06> l_back_rec: 4.6408e+02 l_forw_fit: 5.9543e+02 l_mi: 1.0000e+00 l_h: 7.8827e+03 
26-08-18 22:35:02.010 - INFO: <epoch: 24, iter: 397,400, lr:3.125e-06> l_back_rec: 3.7708e+02 l_forw_fit: 3.8046e+02 l_mi: 1.0000e+00 l_h: 5.0609e+03 
26-08-18 22:35:52.504 - INFO: <epoch: 24, iter: 397,500, lr:3.125e-06> l_back_rec: 3.8236e+02 l_forw_fit: 4.1231e+02 l_mi: 1.0000e+00 l_h: 5.9708e+03 
26-08-18 22:36:42.847 - INFO: <epoch: 24, iter: 397,600, lr:3.125e-06> l_back_rec: 3.9105e+02 l_forw_fit: 4.1067e+02 l_mi: 1.0000e+00 l_h: 5.3743e+03 
26-08-18 22:37:33.466 - INFO: <epoch: 24, iter: 397,700, lr:3.125e-06> l_back_rec: 3.7651e+02 l_forw_fit: 3.7330e+02 l_mi: 1.0000e+00 l_h: 5.2473e+03 
26-08-18 22:38:24.079 - INFO: <epoch: 24, iter: 397,800, lr:3.125e-06> l_back_rec: 3.7680e+02 l_forw_fit: 3.2177e+02 l_mi: 1.0000e+00 l_h: 5.2209e+03 
26-08-18 22:39:14.397 - INFO: <epoch: 24, iter: 397,900, lr:3.125e-06> l_back_rec: 3.9746e+02 l_forw_fit: 3.7354e+02 l_mi: 1.0000e+00 l_h: 5.5847e+03 
26-08-18 22:40:04.855 - INFO: <epoch: 24, iter: 398,000, lr:3.125e-06> l_back_rec: 4.7421e+02 l_forw_fit: 4.9098e+02 l_mi: 1.0000e+00 l_h: 6.6756e+03 
26-08-18 22:40:42.723 - INFO: # Validation # PSNR_Cover: 5.2189e+01, PSNR_Secret: 4.9023e+01, PSNR_Stego: 4.5869e+01
26-08-18 22:41:33.143 - INFO: <epoch: 24, iter: 398,100, lr:3.125e-06> l_back_rec: 4.3262e+02 l_forw_fit: 3.6910e+02 l_mi: 1.0000e+00 l_h: 5.6426e+03 
26-08-18 22:42:23.596 - INFO: <epoch: 24, iter: 398,200, lr:3.125e-06> l_back_rec: 4.8150e+02 l_forw_fit: 6.3641e+02 l_mi: 1.0000e+00 l_h: 8.4324e+03 
26-08-18 22:43:13.996 - INFO: <epoch: 24, iter: 398,300, lr:3.125e-06> l_back_rec: 4.5651e+02 l_forw_fit: 4.5352e+02 l_mi: 1.0000e+00 l_h: 6.3050e+03 
26-08-18 22:44:04.371 - INFO: <epoch: 24, iter: 398,400, lr:3.125e-06> l_back_rec: 4.3765e+02 l_forw_fit: 4.0428e+02 l_mi: 1.0000e+00 l_h: 5.7070e+03 
26-08-18 22:44:54.879 - INFO: <epoch: 24, iter: 398,500, lr:3.125e-06> l_back_rec: 4.0003e+02 l_forw_fit: 3.6274e+02 l_mi: 1.0000e+00 l_h: 5.5358e+03 
26-08-18 22:45:45.111 - INFO: <epoch: 24, iter: 398,600, lr:3.125e-06> l_back_rec: 3.7721e+02 l_forw_fit: 4.3997e+02 l_mi: 1.0000e+00 l_h: 6.1753e+03 
26-08-18 22:46:35.689 - INFO: <epoch: 24, iter: 398,700, lr:3.125e-06> l_back_rec: 3.5514e+02 l_forw_fit: 2.3478e+02 l_mi: 1.0000e+00 l_h: 4.2389e+03 
26-08-18 22:47:26.094 - INFO: <epoch: 24, iter: 398,800, lr:3.125e-06> l_back_rec: 3.7598e+02 l_forw_fit: 2.9216e+02 l_mi: 1.0000e+00 l_h: 5.0581e+03 
26-08-18 22:48:16.324 - INFO: <epoch: 24, iter: 398,900, lr:3.125e-06> l_back_rec: 3.8086e+02 l_forw_fit: 2.5820e+02 l_mi: 1.0000e+00 l_h: 4.5899e+03 
26-08-18 22:49:06.794 - INFO: <epoch: 24, iter: 399,000, lr:3.125e-06> l_back_rec: 4.0719e+02 l_forw_fit: 3.9149e+02 l_mi: 1.0000e+00 l_h: 5.2669e+03 
26-08-18 22:49:44.569 - INFO: # Validation # PSNR_Cover: 5.2186e+01, PSNR_Secret: 4.9128e+01, PSNR_Stego: 4.5829e+01
26-08-18 22:50:35.198 - INFO: <epoch: 24, iter: 399,100, lr:3.125e-06> l_back_rec: 4.0455e+02 l_forw_fit: 4.6711e+02 l_mi: 1.0000e+00 l_h: 6.2341e+03 
26-08-18 22:51:25.893 - INFO: <epoch: 24, iter: 399,200, lr:3.125e-06> l_back_rec: 3.9581e+02 l_forw_fit: 3.7007e+02 l_mi: 1.0000e+00 l_h: 5.6393e+03 
26-08-18 22:52:16.231 - INFO: <epoch: 24, iter: 399,300, lr:3.125e-06> l_back_rec: 4.7851e+02 l_forw_fit: 5.6458e+02 l_mi: 1.0000e+00 l_h: 6.4119e+03 
26-08-18 22:53:06.881 - INFO: <epoch: 24, iter: 399,400, lr:3.125e-06> l_back_rec: 4.7014e+02 l_forw_fit: 4.7286e+02 l_mi: 1.0000e+00 l_h: 6.2661e+03 
26-08-18 22:53:57.440 - INFO: <epoch: 24, iter: 399,500, lr:3.125e-06> l_back_rec: 3.7178e+02 l_forw_fit: 3.6170e+02 l_mi: 1.0000e+00 l_h: 5.0242e+03 
26-08-18 22:54:47.828 - INFO: <epoch: 24, iter: 399,600, lr:3.125e-06> l_back_rec: 3.6824e+02 l_forw_fit: 3.1409e+02 l_mi: 1.0000e+00 l_h: 4.7833e+03 
26-08-18 22:55:38.446 - INFO: <epoch: 24, iter: 399,700, lr:3.125e-06> l_back_rec: 4.6243e+02 l_forw_fit: 5.6245e+02 l_mi: 1.0000e+00 l_h: 5.7044e+03 
26-08-18 22:56:28.876 - INFO: <epoch: 24, iter: 399,800, lr:3.125e-06> l_back_rec: 3.5854e+02 l_forw_fit: 2.8879e+02 l_mi: 1.0000e+00 l_h: 4.4313e+03 
26-08-18 22:57:19.279 - INFO: <epoch: 24, iter: 399,900, lr:3.125e-06> l_back_rec: 4.0874e+02 l_forw_fit: 3.5527e+02 l_mi: 1.0000e+00 l_h: 5.0025e+03 
26-08-18 22:58:09.780 - INFO: <epoch: 24, iter: 400,000, lr:3.125e-06> l_back_rec: 4.1645e+02 l_forw_fit: 3.7942e+02 l_mi: 1.0000e+00 l_h: 5.3643e+03 
26-08-18 22:58:47.513 - INFO: # Validation # PSNR_Cover: 5.2199e+01, PSNR_Secret: 4.9116e+01, PSNR_Stego: 4.5819e+01
26-08-18 22:58:47.514 - INFO: Saving models and training states.
26-08-18 22:59:38.502 - INFO: <epoch: 24, iter: 400,100, lr:3.125e-06> l_back_rec: 3.8366e+02 l_forw_fit: 4.2984e+02 l_mi: 1.0000e+00 l_h: 5.7003e+03 
26-08-18 23:00:29.026 - INFO: <epoch: 24, iter: 400,200, lr:3.125e-06> l_back_rec: 4.3199e+02 l_forw_fit: 3.9243e+02 l_mi: 1.0000e+00 l_h: 5.1426e+03 
26-08-18 23:01:19.306 - INFO: <epoch: 24, iter: 400,300, lr:3.125e-06> l_back_rec: 3.5316e+02 l_forw_fit: 4.1015e+02 l_mi: 1.0000e+00 l_h: 5.9052e+03 
26-08-18 23:02:09.640 - INFO: <epoch: 24, iter: 400,400, lr:3.125e-06> l_back_rec: 3.5121e+02 l_forw_fit: 2.5414e+02 l_mi: 1.0000e+00 l_h: 4.3686e+03 
26-08-18 23:03:00.106 - INFO: <epoch: 24, iter: 400,500, lr:3.125e-06> l_back_rec: 3.7678e+02 l_forw_fit: 2.9559e+02 l_mi: 1.0000e+00 l_h: 5.1241e+03 
26-08-18 23:03:50.443 - INFO: <epoch: 24, iter: 400,600, lr:3.125e-06> l_back_rec: 4.2726e+02 l_forw_fit: 3.8867e+02 l_mi: 1.0000e+00 l_h: 5.8839e+03 
26-08-18 23:04:40.813 - INFO: <epoch: 24, iter: 400,700, lr:3.125e-06> l_back_rec: 5.1726e+02 l_forw_fit: 9.4597e+02 l_mi: 1.0000e+00 l_h: 7.3500e+03 
26-08-18 23:05:31.395 - INFO: <epoch: 24, iter: 400,800, lr:3.125e-06> l_back_rec: 4.0849e+02 l_forw_fit: 3.6168e+02 l_mi: 1.0000e+00 l_h: 5.5455e+03 
26-08-18 23:06:21.757 - INFO: <epoch: 24, iter: 400,900, lr:3.125e-06> l_back_rec: 4.1026e+02 l_forw_fit: 4.9682e+02 l_mi: 1.0000e+00 l_h: 5.9053e+03 
26-08-18 23:07:11.999 - INFO: <epoch: 24, iter: 401,000, lr:3.125e-06> l_back_rec: 3.9170e+02 l_forw_fit: 4.0507e+02 l_mi: 1.0000e+00 l_h: 5.7979e+03 
26-08-18 23:07:49.839 - INFO: # Validation # PSNR_Cover: 5.2190e+01, PSNR_Secret: 4.9130e+01, PSNR_Stego: 4.5858e+01
26-08-18 23:08:40.172 - INFO: <epoch: 24, iter: 401,100, lr:3.125e-06> l_back_rec: 4.0471e+02 l_forw_fit: 4.1384e+02 l_mi: 1.0000e+00 l_h: 5.5577e+03 
26-08-18 23:09:30.727 - INFO: <epoch: 24, iter: 401,200, lr:3.125e-06> l_back_rec: 5.1964e+02 l_forw_fit: 6.5670e+02 l_mi: 1.0000e+00 l_h: 6.7714e+03 
26-08-18 23:10:21.158 - INFO: <epoch: 24, iter: 401,300, lr:3.125e-06> l_back_rec: 3.4462e+02 l_forw_fit: 2.7586e+02 l_mi: 1.0000e+00 l_h: 4.4469e+03 
26-08-18 23:11:11.683 - INFO: <epoch: 24, iter: 401,400, lr:3.125e-06> l_back_rec: 3.4439e+02 l_forw_fit: 2.3022e+02 l_mi: 1.0000e+00 l_h: 1.8143e+04 
26-08-18 23:12:02.248 - INFO: <epoch: 24, iter: 401,500, lr:3.125e-06> l_back_rec: 4.3059e+02 l_forw_fit: 2.7943e+02 l_mi: 1.0000e+00 l_h: 4.6171e+03 
26-08-18 23:12:52.789 - INFO: <epoch: 24, iter: 401,600, lr:3.125e-06> l_back_rec: 3.7535e+02 l_forw_fit: 3.1398e+02 l_mi: 1.0000e+00 l_h: 5.0895e+03 
26-08-18 23:13:43.133 - INFO: <epoch: 24, iter: 401,700, lr:3.125e-06> l_back_rec: 3.8984e+02 l_forw_fit: 3.8801e+02 l_mi: 1.0000e+00 l_h: 5.6190e+03 
26-08-18 23:14:33.701 - INFO: <epoch: 24, iter: 401,800, lr:3.125e-06> l_back_rec: 3.6599e+02 l_forw_fit: 2.8669e+02 l_mi: 1.0000e+00 l_h: 4.5465e+03 
26-08-18 23:15:24.159 - INFO: <epoch: 24, iter: 401,900, lr:3.125e-06> l_back_rec: 3.8111e+02 l_forw_fit: 3.9166e+02 l_mi: 1.0000e+00 l_h: 5.3433e+03 
26-08-18 23:16:14.427 - INFO: <epoch: 24, iter: 402,000, lr:3.125e-06> l_back_rec: 4.3147e+02 l_forw_fit: 4.8035e+02 l_mi: 1.0000e+00 l_h: 6.8542e+03 
26-08-18 23:16:52.258 - INFO: # Validation # PSNR_Cover: 5.2182e+01, PSNR_Secret: 4.9161e+01, PSNR_Stego: 4.5794e+01
26-08-18 23:17:42.598 - INFO: <epoch: 24, iter: 402,100, lr:3.125e-06> l_back_rec: 3.5972e+02 l_forw_fit: 2.9882e+02 l_mi: 1.0000e+00 l_h: 4.7723e+03 
26-08-18 23:18:33.059 - INFO: <epoch: 24, iter: 402,200, lr:3.125e-06> l_back_rec: 3.9421e+02 l_forw_fit: 3.6139e+02 l_mi: 1.0000e+00 l_h: 5.3496e+03 
26-08-18 23:19:23.581 - INFO: <epoch: 24, iter: 402,300, lr:3.125e-06> l_back_rec: 4.3147e+02 l_forw_fit: 3.9257e+02 l_mi: 1.0000e+00 l_h: 5.2964e+03 
26-08-18 23:20:13.999 - INFO: <epoch: 24, iter: 402,400, lr:3.125e-06> l_back_rec: 3.7788e+02 l_forw_fit: 2.5240e+02 l_mi: 1.0000e+00 l_h: 4.0950e+03 
26-08-18 23:21:04.646 - INFO: <epoch: 24, iter: 402,500, lr:3.125e-06> l_back_rec: 4.3388e+02 l_forw_fit: 4.3939e+02 l_mi: 1.0000e+00 l_h: 5.8375e+03 
26-08-18 23:21:55.176 - INFO: <epoch: 24, iter: 402,600, lr:3.125e-06> l_back_rec: 3.5804e+02 l_forw_fit: 4.2120e+02 l_mi: 1.0000e+00 l_h: 5.4213e+03 
26-08-18 23:22:45.476 - INFO: <epoch: 24, iter: 402,700, lr:3.125e-06> l_back_rec: 3.7698e+02 l_forw_fit: 2.3623e+02 l_mi: 1.0000e+00 l_h: 3.9754e+03 
26-08-18 23:23:36.078 - INFO: <epoch: 24, iter: 402,800, lr:3.125e-06> l_back_rec: 4.1367e+02 l_forw_fit: 4.6598e+02 l_mi: 1.0000e+00 l_h: 6.4047e+03 
26-08-18 23:24:26.682 - INFO: <epoch: 24, iter: 402,900, lr:3.125e-06> l_back_rec: 3.8453e+02 l_forw_fit: 2.9446e+02 l_mi: 1.0000e+00 l_h: 4.7189e+03 
26-08-18 23:25:17.060 - INFO: <epoch: 24, iter: 403,000, lr:3.125e-06> l_back_rec: 3.9623e+02 l_forw_fit: 4.0736e+02 l_mi: 1.0000e+00 l_h: 6.0336e+03 
26-08-18 23:25:54.830 - INFO: # Validation # PSNR_Cover: 5.2214e+01, PSNR_Secret: 4.9086e+01, PSNR_Stego: 4.5915e+01
26-08-18 23:26:45.178 - INFO: <epoch: 24, iter: 403,100, lr:3.125e-06> l_back_rec: 4.1385e+02 l_forw_fit: 3.7643e+02 l_mi: 1.0000e+00 l_h: 5.3983e+03 
26-08-18 23:27:35.653 - INFO: <epoch: 24, iter: 403,200, lr:3.125e-06> l_back_rec: 4.2363e+02 l_forw_fit: 4.2604e+02 l_mi: 1.0000e+00 l_h: 5.7196e+03 
26-08-18 23:28:26.185 - INFO: <epoch: 24, iter: 403,300, lr:3.125e-06> l_back_rec: 4.2775e+02 l_forw_fit: 3.0517e+02 l_mi: 1.0000e+00 l_h: 4.8726e+03 
26-08-18 23:29:16.556 - INFO: <epoch: 24, iter: 403,400, lr:3.125e-06> l_back_rec: 3.8548e+02 l_forw_fit: 2.4886e+02 l_mi: 1.0000e+00 l_h: 4.4132e+03 
26-08-18 23:30:07.157 - INFO: <epoch: 24, iter: 403,500, lr:3.125e-06> l_back_rec: 3.9993e+02 l_forw_fit: 3.3782e+02 l_mi: 1.0000e+00 l_h: 5.3147e+03 
26-08-18 23:30:57.524 - INFO: <epoch: 24, iter: 403,600, lr:3.125e-06> l_back_rec: 4.0787e+02 l_forw_fit: 3.6966e+02 l_mi: 1.0000e+00 l_h: 5.2231e+03 
26-08-18 23:31:48.197 - INFO: <epoch: 24, iter: 403,700, lr:3.125e-06> l_back_rec: 3.9634e+02 l_forw_fit: 4.3655e+02 l_mi: 1.0000e+00 l_h: 5.5963e+03 
26-08-18 23:32:38.114 - INFO: <epoch: 24, iter: 403,800, lr:3.125e-06> l_back_rec: 3.9121e+02 l_forw_fit: 3.1912e+02 l_mi: 1.0000e+00 l_h: 5.0541e+03 
26-08-18 23:34:46.569 - INFO: <epoch: 25, iter: 403,900, lr:3.125e-06> l_back_rec: 3.7508e+02 l_forw_fit: 4.7572e+02 l_mi: 1.0000e+00 l_h: 6.6283e+03 
26-08-18 23:35:39.152 - INFO: <epoch: 25, iter: 404,000, lr:3.125e-06> l_back_rec: 3.5901e+02 l_forw_fit: 2.7354e+02 l_mi: 1.0000e+00 l_h: 4.6300e+03 
26-08-18 23:36:14.354 - INFO: # Validation # PSNR_Cover: 5.2217e+01, PSNR_Secret: 4.9080e+01, PSNR_Stego: 4.5827e+01
26-08-18 23:37:03.910 - INFO: <epoch: 25, iter: 404,100, lr:3.125e-06> l_back_rec: 4.1175e+02 l_forw_fit: 2.3888e+02 l_mi: 1.0000e+00 l_h: 4.4034e+03 
26-08-18 23:37:53.799 - INFO: <epoch: 25, iter: 404,200, lr:3.125e-06> l_back_rec: 3.5172e+02 l_forw_fit: 3.3261e+02 l_mi: 1.0000e+00 l_h: 4.8709e+03 
26-08-18 23:38:44.153 - INFO: <epoch: 25, iter: 404,300, lr:3.125e-06> l_back_rec: 4.3545e+02 l_forw_fit: 5.0827e+02 l_mi: 1.0000e+00 l_h: 6.0669e+03 
26-08-18 23:39:34.744 - INFO: <epoch: 25, iter: 404,400, lr:3.125e-06> l_back_rec: 3.5150e+02 l_forw_fit: 2.2175e+02 l_mi: 1.0000e+00 l_h: 4.1546e+03 
26-08-18 23:40:25.228 - INFO: <epoch: 25, iter: 404,500, lr:3.125e-06> l_back_rec: 4.1015e+02 l_forw_fit: 2.8827e+02 l_mi: 1.0000e+00 l_h: 5.1107e+03 
26-08-18 23:41:15.676 - INFO: <epoch: 25, iter: 404,600, lr:3.125e-06> l_back_rec: 3.6319e+02 l_forw_fit: 4.9377e+02 l_mi: 1.0000e+00 l_h: 5.7779e+03 
26-08-18 23:42:06.377 - INFO: <epoch: 25, iter: 404,700, lr:3.125e-06> l_back_rec: 3.7206e+02 l_forw_fit: 2.5313e+02 l_mi: 1.0000e+00 l_h: 4.4461e+03 
26-08-18 23:42:57.008 - INFO: <epoch: 25, iter: 404,800, lr:3.125e-06> l_back_rec: 4.0100e+02 l_forw_fit: 3.1680e+02 l_mi: 1.0000e+00 l_h: 4.8631e+03 
26-08-18 23:43:47.376 - INFO: <epoch: 25, iter: 404,900, lr:3.125e-06> l_back_rec: 3.4204e+02 l_forw_fit: 2.8827e+02 l_mi: 1.0000e+00 l_h: 4.8587e+03 
26-08-18 23:44:38.044 - INFO: <epoch: 25, iter: 405,000, lr:3.125e-06> l_back_rec: 4.2145e+02 l_forw_fit: 3.3606e+02 l_mi: 1.0000e+00 l_h: 5.1180e+03 
26-08-18 23:45:15.600 - INFO: # Validation # PSNR_Cover: 5.2225e+01, PSNR_Secret: 4.9155e+01, PSNR_Stego: 4.5790e+01
26-08-18 23:45:15.601 - INFO: Saving models and training states.
26-08-18 23:46:06.598 - INFO: <epoch: 25, iter: 405,100, lr:3.125e-06> l_back_rec: 3.8287e+02 l_forw_fit: 3.1791e+02 l_mi: 1.0000e+00 l_h: 4.3757e+03 
26-08-18 23:46:57.032 - INFO: <epoch: 25, iter: 405,200, lr:3.125e-06> l_back_rec: 3.6394e+02 l_forw_fit: 3.2091e+02 l_mi: 1.0000e+00 l_h: 5.1806e+03 
26-08-18 23:47:47.397 - INFO: <epoch: 25, iter: 405,300, lr:3.125e-06> l_back_rec: 4.0572e+02 l_forw_fit: 4.2782e+02 l_mi: 1.0000e+00 l_h: 5.2870e+03 
26-08-18 23:48:37.801 - INFO: <epoch: 25, iter: 405,400, lr:3.125e-06> l_back_rec: 3.9198e+02 l_forw_fit: 3.9534e+02 l_mi: 1.0000e+00 l_h: 5.2401e+03 
26-08-18 23:49:28.285 - INFO: <epoch: 25, iter: 405,500, lr:3.125e-06> l_back_rec: 3.7852e+02 l_forw_fit: 3.5621e+02 l_mi: 1.0000e+00 l_h: 5.4392e+03 
26-08-18 23:50:18.726 - INFO: <epoch: 25, iter: 405,600, lr:3.125e-06> l_back_rec: 4.2734e+02 l_forw_fit: 7.6932e+02 l_mi: 1.0000e+00 l_h: 6.8616e+03 
26-08-18 23:51:09.457 - INFO: <epoch: 25, iter: 405,700, lr:3.125e-06> l_back_rec: 4.0161e+02 l_forw_fit: 4.0491e+02 l_mi: 1.0000e+00 l_h: 5.9487e+03 
26-08-18 23:52:00.099 - INFO: <epoch: 25, iter: 405,800, lr:3.125e-06> l_back_rec: 3.8321e+02 l_forw_fit: 3.3012e+02 l_mi: 1.0000e+00 l_h: 5.0360e+03 
26-08-18 23:52:50.667 - INFO: <epoch: 25, iter: 405,900, lr:3.125e-06> l_back_rec: 3.9023e+02 l_forw_fit: 3.1711e+02 l_mi: 1.0000e+00 l_h: 5.3464e+03 
26-08-18 23:53:41.170 - INFO: <epoch: 25, iter: 406,000, lr:3.125e-06> l_back_rec: 3.6281e+02 l_forw_fit: 2.6616e+02 l_mi: 1.0000e+00 l_h: 4.6259e+03 
26-08-18 23:54:18.555 - INFO: # Validation # PSNR_Cover: 5.2243e+01, PSNR_Secret: 4.9100e+01, PSNR_Stego: 4.5868e+01
26-08-18 23:55:08.968 - INFO: <epoch: 25, iter: 406,100, lr:3.125e-06> l_back_rec: 3.8850e+02 l_forw_fit: 3.6790e+02 l_mi: 1.0000e+00 l_h: 5.6557e+03 
26-08-18 23:55:59.482 - INFO: <epoch: 25, iter: 406,200, lr:3.125e-06> l_back_rec: 4.0608e+02 l_forw_fit: 4.1032e+02 l_mi: 1.0000e+00 l_h: 6.0401e+03 
26-08-18 23:56:49.930 - INFO: <epoch: 25, iter: 406,300, lr:3.125e-06> l_back_rec: 4.7864e+02 l_forw_fit: 3.7776e+02 l_mi: 1.0000e+00 l_h: 5.1605e+03 
26-08-18 23:57:40.417 - INFO: <epoch: 25, iter: 406,400, lr:3.125e-06> l_back_rec: 4.1445e+02 l_forw_fit: 2.8272e+02 l_mi: 1.0000e+00 l_h: 4.8408e+03 
26-08-18 23:58:31.009 - INFO: <epoch: 25, iter: 406,500, lr:3.125e-06> l_back_rec: 3.9222e+02 l_forw_fit: 5.0733e+02 l_mi: 1.0000e+00 l_h: 6.2132e+03 
26-08-18 23:59:21.389 - INFO: <epoch: 25, iter: 406,600, lr:3.125e-06> l_back_rec: 4.1307e+02 l_forw_fit: 4.6408e+02 l_mi: 1.0000e+00 l_h: 6.1389e+03 
26-08-19 00:00:11.887 - INFO: <epoch: 25, iter: 406,700, lr:3.125e-06> l_back_rec: 3.6972e+02 l_forw_fit: 3.8023e+02 l_mi: 1.0000e+00 l_h: 5.1715e+03 
26-08-19 00:01:02.776 - INFO: <epoch: 25, iter: 406,800, lr:3.125e-06> l_back_rec: 4.6419e+02 l_forw_fit: 4.3600e+02 l_mi: 1.0000e+00 l_h: 5.6701e+03 
26-08-19 00:01:53.359 - INFO: <epoch: 25, iter: 406,900, lr:3.125e-06> l_back_rec: 3.7285e+02 l_forw_fit: 3.1377e+02 l_mi: 1.0000e+00 l_h: 4.4773e+03 
26-08-19 00:02:43.897 - INFO: <epoch: 25, iter: 407,000, lr:3.125e-06> l_back_rec: 4.0390e+02 l_forw_fit: 3.8780e+02 l_mi: 1.0000e+00 l_h: 5.5310e+03 
26-08-19 00:03:20.998 - INFO: # Validation # PSNR_Cover: 5.2196e+01, PSNR_Secret: 4.9130e+01, PSNR_Stego: 4.5811e+01
26-08-19 00:04:11.586 - INFO: <epoch: 25, iter: 407,100, lr:3.125e-06> l_back_rec: 3.7596e+02 l_forw_fit: 3.1434e+02 l_mi: 1.0000e+00 l_h: 4.9003e+03 
26-08-19 00:05:02.351 - INFO: <epoch: 25, iter: 407,200, lr:3.125e-06> l_back_rec: 3.5754e+02 l_forw_fit: 2.6942e+02 l_mi: 1.0000e+00 l_h: 4.6878e+03 
26-08-19 00:05:53.142 - INFO: <epoch: 25, iter: 407,300, lr:3.125e-06> l_back_rec: 3.9822e+02 l_forw_fit: 3.2655e+02 l_mi: 1.0000e+00 l_h: 5.1072e+03 
26-08-19 00:06:43.657 - INFO: <epoch: 25, iter: 407,400, lr:3.125e-06> l_back_rec: 4.0500e+02 l_forw_fit: 3.1600e+02 l_mi: 1.0000e+00 l_h: 5.1445e+03 
26-08-19 00:07:34.269 - INFO: <epoch: 25, iter: 407,500, lr:3.125e-06> l_back_rec: 4.6420e+02 l_forw_fit: 5.3263e+02 l_mi: 1.0000e+00 l_h: 7.0203e+03 
26-08-19 00:08:24.796 - INFO: <epoch: 25, iter: 407,600, lr:3.125e-06> l_back_rec: 4.4549e+02 l_forw_fit: 4.3268e+02 l_mi: 1.0000e+00 l_h: 5.8460e+03 
26-08-19 00:09:15.175 - INFO: <epoch: 25, iter: 407,700, lr:3.125e-06> l_back_rec: 3.7755e+02 l_forw_fit: 3.1727e+02 l_mi: 1.0000e+00 l_h: 4.9315e+03 
26-08-19 00:10:05.714 - INFO: <epoch: 25, iter: 407,800, lr:3.125e-06> l_back_rec: 3.5676e+02 l_forw_fit: 2.9337e+02 l_mi: 1.0000e+00 l_h: 4.6846e+03 
26-08-19 00:10:56.313 - INFO: <epoch: 25, iter: 407,900, lr:3.125e-06> l_back_rec: 3.5944e+02 l_forw_fit: 3.8213e+02 l_mi: 1.0000e+00 l_h: 5.5259e+03 
26-08-19 00:11:46.857 - INFO: <epoch: 25, iter: 408,000, lr:3.125e-06> l_back_rec: 4.1731e+02 l_forw_fit: 3.3367e+02 l_mi: 1.0000e+00 l_h: 5.3470e+03 
26-08-19 00:12:24.303 - INFO: # Validation # PSNR_Cover: 5.2216e+01, PSNR_Secret: 4.9140e+01, PSNR_Stego: 4.5837e+01
26-08-19 00:13:14.899 - INFO: <epoch: 25, iter: 408,100, lr:3.125e-06> l_back_rec: 3.4339e+02 l_forw_fit: 2.4537e+02 l_mi: 1.0000e+00 l_h: 4.5640e+03 
26-08-19 00:14:05.399 - INFO: <epoch: 25, iter: 408,200, lr:3.125e-06> l_back_rec: 4.0138e+02 l_forw_fit: 3.9259e+02 l_mi: 1.0000e+00 l_h: 5.5516e+03 
26-08-19 00:14:56.033 - INFO: <epoch: 25, iter: 408,300, lr:3.125e-06> l_back_rec: 3.9005e+02 l_forw_fit: 3.7232e+02 l_mi: 1.0000e+00 l_h: 5.5808e+03 
26-08-19 00:15:46.407 - INFO: <epoch: 25, iter: 408,400, lr:3.125e-06> l_back_rec: 4.4342e+02 l_forw_fit: 5.5465e+02 l_mi: 1.0000e+00 l_h: 6.0903e+03 
26-08-19 00:16:36.940 - INFO: <epoch: 25, iter: 408,500, lr:3.125e-06> l_back_rec: 3.8950e+02 l_forw_fit: 4.1153e+02 l_mi: 1.0000e+00 l_h: 5.5793e+03 
26-08-19 00:17:27.582 - INFO: <epoch: 25, iter: 408,600, lr:3.125e-06> l_back_rec: 3.7414e+02 l_forw_fit: 3.1900e+02 l_mi: 1.0000e+00 l_h: 5.1156e+03 
26-08-19 00:18:17.976 - INFO: <epoch: 25, iter: 408,700, lr:3.125e-06> l_back_rec: 4.6655e+02 l_forw_fit: 3.7781e+02 l_mi: 1.0000e+00 l_h: 5.7962e+03 
26-08-19 00:19:08.458 - INFO: <epoch: 25, iter: 408,800, lr:3.125e-06> l_back_rec: 4.2846e+02 l_forw_fit: 4.7878e+02 l_mi: 1.0000e+00 l_h: 5.7958e+03 
26-08-19 00:19:58.972 - INFO: <epoch: 25, iter: 408,900, lr:3.125e-06> l_back_rec: 4.3330e+02 l_forw_fit: 6.2727e+02 l_mi: 1.0000e+00 l_h: 6.5636e+03 
26-08-19 00:20:49.569 - INFO: <epoch: 25, iter: 409,000, lr:3.125e-06> l_back_rec: 3.8581e+02 l_forw_fit: 3.8439e+02 l_mi: 1.0000e+00 l_h: 5.6516e+03 
26-08-19 00:21:27.579 - INFO: # Validation # PSNR_Cover: 5.2299e+01, PSNR_Secret: 4.9071e+01, PSNR_Stego: 4.5903e+01
26-08-19 00:22:18.065 - INFO: <epoch: 25, iter: 409,100, lr:3.125e-06> l_back_rec: 3.7882e+02 l_forw_fit: 3.1063e+02 l_mi: 1.0000e+00 l_h: 4.9612e+03 
26-08-19 00:23:08.579 - INFO: <epoch: 25, iter: 409,200, lr:3.125e-06> l_back_rec: 3.6458e+02 l_forw_fit: 3.6486e+02 l_mi: 1.0000e+00 l_h: 6.9251e+03 
26-08-19 00:23:59.134 - INFO: <epoch: 25, iter: 409,300, lr:3.125e-06> l_back_rec: 4.1118e+02 l_forw_fit: 3.3756e+02 l_mi: 1.0000e+00 l_h: 5.2373e+03 
26-08-19 00:24:49.541 - INFO: <epoch: 25, iter: 409,400, lr:3.125e-06> l_back_rec: 3.8715e+02 l_forw_fit: 3.0972e+02 l_mi: 1.0000e+00 l_h: 5.0329e+03 
26-08-19 00:25:40.082 - INFO: <epoch: 25, iter: 409,500, lr:3.125e-06> l_back_rec: 4.5459e+02 l_forw_fit: 4.0989e+02 l_mi: 1.0000e+00 l_h: 5.8210e+03 
26-08-19 00:26:30.617 - INFO: <epoch: 25, iter: 409,600, lr:3.125e-06> l_back_rec: 3.9927e+02 l_forw_fit: 3.1389e+02 l_mi: 1.0000e+00 l_h: 5.0006e+03 
26-08-19 00:27:21.129 - INFO: <epoch: 25, iter: 409,700, lr:3.125e-06> l_back_rec: 4.3617e+02 l_forw_fit: 3.6489e+02 l_mi: 1.0000e+00 l_h: 5.5695e+03 
26-08-19 00:28:11.654 - INFO: <epoch: 25, iter: 409,800, lr:3.125e-06> l_back_rec: 3.9216e+02 l_forw_fit: 3.8985e+02 l_mi: 1.0000e+00 l_h: 5.5875e+03 
26-08-19 00:29:02.478 - INFO: <epoch: 25, iter: 409,900, lr:3.125e-06> l_back_rec: 3.3835e+02 l_forw_fit: 2.6400e+02 l_mi: 1.0000e+00 l_h: 4.6758e+03 
26-08-19 00:29:53.313 - INFO: <epoch: 25, iter: 410,000, lr:3.125e-06> l_back_rec: 4.0677e+02 l_forw_fit: 4.2882e+02 l_mi: 1.0000e+00 l_h: 5.5256e+03 
26-08-19 00:30:31.034 - INFO: # Validation # PSNR_Cover: 5.2190e+01, PSNR_Secret: 4.9162e+01, PSNR_Stego: 4.5820e+01
26-08-19 00:30:31.034 - INFO: Saving models and training states.
26-08-19 00:31:22.229 - INFO: <epoch: 25, iter: 410,100, lr:3.125e-06> l_back_rec: 3.6361e+02 l_forw_fit: 2.8455e+02 l_mi: 1.0000e+00 l_h: 4.6247e+03 
26-08-19 00:32:12.961 - INFO: <epoch: 25, iter: 410,200, lr:3.125e-06> l_back_rec: 4.1963e+02 l_forw_fit: 4.1809e+02 l_mi: 1.0000e+00 l_h: 5.8000e+03 
26-08-19 00:33:04.764 - INFO: <epoch: 25, iter: 410,300, lr:3.125e-06> l_back_rec: 4.0480e+02 l_forw_fit: 2.9451e+02 l_mi: 1.0000e+00 l_h: 5.0464e+03 
26-08-19 00:33:57.588 - INFO: <epoch: 25, iter: 410,400, lr:3.125e-06> l_back_rec: 3.6216e+02 l_forw_fit: 3.2470e+02 l_mi: 1.0000e+00 l_h: 4.9521e+03 
26-08-19 00:34:49.975 - INFO: <epoch: 25, iter: 410,500, lr:3.125e-06> l_back_rec: 3.8792e+02 l_forw_fit: 3.8631e+02 l_mi: 1.0000e+00 l_h: 5.5891e+03 
26-08-19 00:35:41.410 - INFO: <epoch: 25, iter: 410,600, lr:3.125e-06> l_back_rec: 3.8044e+02 l_forw_fit: 2.2445e+02 l_mi: 1.0000e+00 l_h: 3.9479e+03 
26-08-19 00:36:33.184 - INFO: <epoch: 25, iter: 410,700, lr:3.125e-06> l_back_rec: 4.5729e+02 l_forw_fit: 5.6268e+02 l_mi: 1.0000e+00 l_h: 6.5626e+03 
26-08-19 00:37:24.238 - INFO: <epoch: 25, iter: 410,800, lr:3.125e-06> l_back_rec: 4.4148e+02 l_forw_fit: 4.7588e+02 l_mi: 1.0000e+00 l_h: 6.6604e+03 
26-08-19 00:38:15.584 - INFO: <epoch: 25, iter: 410,900, lr:3.125e-06> l_back_rec: 3.8805e+02 l_forw_fit: 3.8397e+02 l_mi: 1.0000e+00 l_h: 5.3477e+03 
26-08-19 00:39:08.129 - INFO: <epoch: 25, iter: 411,000, lr:3.125e-06> l_back_rec: 3.9282e+02 l_forw_fit: 3.6499e+02 l_mi: 1.0000e+00 l_h: 5.5394e+03 
26-08-19 00:39:47.714 - INFO: # Validation # PSNR_Cover: 5.2195e+01, PSNR_Secret: 4.9096e+01, PSNR_Stego: 4.5857e+01
26-08-19 00:40:40.303 - INFO: <epoch: 25, iter: 411,100, lr:3.125e-06> l_back_rec: 4.2939e+02 l_forw_fit: 4.6716e+02 l_mi: 1.0000e+00 l_h: 6.8161e+03 
26-08-19 00:41:34.974 - INFO: <epoch: 25, iter: 411,200, lr:3.125e-06> l_back_rec: 4.2431e+02 l_forw_fit: 3.8540e+02 l_mi: 1.0000e+00 l_h: 5.2900e+03 
26-08-19 00:42:26.667 - INFO: <epoch: 25, iter: 411,300, lr:3.125e-06> l_back_rec: 5.1448e+02 l_forw_fit: 7.0232e+02 l_mi: 1.0000e+00 l_h: 7.0608e+03 
26-08-19 00:43:19.436 - INFO: <epoch: 25, iter: 411,400, lr:3.125e-06> l_back_rec: 3.7791e+02 l_forw_fit: 3.2600e+02 l_mi: 1.0000e+00 l_h: 4.9988e+03 
26-08-19 00:44:10.500 - INFO: <epoch: 25, iter: 411,500, lr:3.125e-06> l_back_rec: 3.8926e+02 l_forw_fit: 3.3732e+02 l_mi: 1.0000e+00 l_h: 5.0989e+03 
26-08-19 00:45:01.500 - INFO: <epoch: 25, iter: 411,600, lr:3.125e-06> l_back_rec: 4.4561e+02 l_forw_fit: 4.4153e+02 l_mi: 1.0000e+00 l_h: 6.1132e+03 
26-08-19 00:45:52.368 - INFO: <epoch: 25, iter: 411,700, lr:3.125e-06> l_back_rec: 4.1259e+02 l_forw_fit: 3.4994e+02 l_mi: 1.0000e+00 l_h: 5.0400e+03 
26-08-19 00:46:43.269 - INFO: <epoch: 25, iter: 411,800, lr:3.125e-06> l_back_rec: 3.5612e+02 l_forw_fit: 2.8444e+02 l_mi: 1.0000e+00 l_h: 4.7317e+03 
26-08-19 00:47:34.051 - INFO: <epoch: 25, iter: 411,900, lr:3.125e-06> l_back_rec: 3.5458e+02 l_forw_fit: 2.6626e+02 l_mi: 1.0000e+00 l_h: 4.5092e+03 
26-08-19 00:48:24.872 - INFO: <epoch: 25, iter: 412,000, lr:3.125e-06> l_back_rec: 3.7398e+02 l_forw_fit: 4.5891e+02 l_mi: 1.0000e+00 l_h: 6.1047e+03 
26-08-19 00:49:11.145 - INFO: # Validation # PSNR_Cover: 5.2194e+01, PSNR_Secret: 4.9154e+01, PSNR_Stego: 4.5808e+01
26-08-19 00:50:02.493 - INFO: <epoch: 25, iter: 412,100, lr:3.125e-06> l_back_rec: 3.7908e+02 l_forw_fit: 3.5658e+02 l_mi: 1.0000e+00 l_h: 5.4407e+03 
26-08-19 00:50:53.338 - INFO: <epoch: 25, iter: 412,200, lr:3.125e-06> l_back_rec: 3.8155e+02 l_forw_fit: 2.4223e+02 l_mi: 1.0000e+00 l_h: 4.3029e+03 
26-08-19 00:51:44.287 - INFO: <epoch: 25, iter: 412,300, lr:3.125e-06> l_back_rec: 4.5290e+02 l_forw_fit: 5.2361e+02 l_mi: 1.0000e+00 l_h: 6.6230e+03 
26-08-19 00:52:35.275 - INFO: <epoch: 25, iter: 412,400, lr:3.125e-06> l_back_rec: 4.6164e+02 l_forw_fit: 5.7510e+02 l_mi: 1.0000e+00 l_h: 6.9671e+03 
26-08-19 00:53:26.065 - INFO: <epoch: 25, iter: 412,500, lr:3.125e-06> l_back_rec: 3.7799e+02 l_forw_fit: 3.0060e+02 l_mi: 1.0000e+00 l_h: 4.9111e+03 
26-08-19 00:54:16.714 - INFO: <epoch: 25, iter: 412,600, lr:3.125e-06> l_back_rec: 3.9982e+02 l_forw_fit: 4.2475e+02 l_mi: 1.0000e+00 l_h: 5.6577e+03 
26-08-19 00:55:07.513 - INFO: <epoch: 25, iter: 412,700, lr:3.125e-06> l_back_rec: 4.0645e+02 l_forw_fit: 3.6412e+02 l_mi: 1.0000e+00 l_h: 5.2968e+03 
26-08-19 00:55:58.268 - INFO: <epoch: 25, iter: 412,800, lr:3.125e-06> l_back_rec: 5.0229e+02 l_forw_fit: 4.0411e+02 l_mi: 1.0000e+00 l_h: 5.1960e+03 
26-08-19 00:56:49.063 - INFO: <epoch: 25, iter: 412,900, lr:3.125e-06> l_back_rec: 3.1743e+02 l_forw_fit: 2.7316e+02 l_mi: 1.0000e+00 l_h: 4.6356e+03 
26-08-19 00:57:39.778 - INFO: <epoch: 25, iter: 413,000, lr:3.125e-06> l_back_rec: 3.8201e+02 l_forw_fit: 3.2808e+02 l_mi: 1.0000e+00 l_h: 4.8886e+03 
26-08-19 00:58:17.588 - INFO: # Validation # PSNR_Cover: 5.2232e+01, PSNR_Secret: 4.9141e+01, PSNR_Stego: 4.5826e+01
26-08-19 00:59:08.873 - INFO: <epoch: 25, iter: 413,100, lr:3.125e-06> l_back_rec: 4.3124e+02 l_forw_fit: 4.8166e+02 l_mi: 1.0000e+00 l_h: 6.5030e+03 
26-08-19 00:59:59.741 - INFO: <epoch: 25, iter: 413,200, lr:3.125e-06> l_back_rec: 3.7200e+02 l_forw_fit: 3.1260e+02 l_mi: 1.0000e+00 l_h: 4.9977e+03 
26-08-19 01:00:50.333 - INFO: <epoch: 25, iter: 413,300, lr:3.125e-06> l_back_rec: 3.8815e+02 l_forw_fit: 3.5439e+02 l_mi: 1.0000e+00 l_h: 5.3086e+03 
26-08-19 01:01:41.064 - INFO: <epoch: 25, iter: 413,400, lr:3.125e-06> l_back_rec: 4.6898e+02 l_forw_fit: 3.7389e+02 l_mi: 1.0000e+00 l_h: 5.3331e+03 
26-08-19 01:02:31.880 - INFO: <epoch: 25, iter: 413,500, lr:3.125e-06> l_back_rec: 3.9472e+02 l_forw_fit: 4.6107e+02 l_mi: 1.0000e+00 l_h: 6.6290e+03 
26-08-19 01:03:22.818 - INFO: <epoch: 25, iter: 413,600, lr:3.125e-06> l_back_rec: 4.0834e+02 l_forw_fit: 3.8185e+02 l_mi: 1.0000e+00 l_h: 5.6402e+03 
26-08-19 01:04:13.593 - INFO: <epoch: 25, iter: 413,700, lr:3.125e-06> l_back_rec: 3.9191e+02 l_forw_fit: 2.5588e+02 l_mi: 1.0000e+00 l_h: 4.4470e+03 
26-08-19 01:05:04.497 - INFO: <epoch: 25, iter: 413,800, lr:3.125e-06> l_back_rec: 4.4750e+02 l_forw_fit: 3.3034e+02 l_mi: 1.0000e+00 l_h: 5.0503e+03 
26-08-19 01:05:55.354 - INFO: <epoch: 25, iter: 413,900, lr:3.125e-06> l_back_rec: 3.8772e+02 l_forw_fit: 3.5335e+02 l_mi: 1.0000e+00 l_h: 5.1480e+03 
26-08-19 01:06:45.922 - INFO: <epoch: 25, iter: 414,000, lr:3.125e-06> l_back_rec: 3.7542e+02 l_forw_fit: 5.3416e+02 l_mi: 1.0000e+00 l_h: 5.5199e+03 
26-08-19 01:07:23.872 - INFO: # Validation # PSNR_Cover: 5.2217e+01, PSNR_Secret: 4.9116e+01, PSNR_Stego: 4.5833e+01
26-08-19 01:08:15.300 - INFO: <epoch: 25, iter: 414,100, lr:3.125e-06> l_back_rec: 4.0747e+02 l_forw_fit: 6.8733e+02 l_mi: 1.0000e+00 l_h: 7.0469e+03 
26-08-19 01:09:06.107 - INFO: <epoch: 25, iter: 414,200, lr:3.125e-06> l_back_rec: 4.0181e+02 l_forw_fit: 3.4429e+02 l_mi: 1.0000e+00 l_h: 5.1440e+03 
26-08-19 01:09:57.091 - INFO: <epoch: 25, iter: 414,300, lr:3.125e-06> l_back_rec: 5.0784e+02 l_forw_fit: 7.6343e+02 l_mi: 1.0000e+00 l_h: 7.8369e+03 
26-08-19 01:10:47.862 - INFO: <epoch: 25, iter: 414,400, lr:3.125e-06> l_back_rec: 3.9670e+02 l_forw_fit: 3.3444e+02 l_mi: 1.0000e+00 l_h: 5.1637e+03 
26-08-19 01:11:38.714 - INFO: <epoch: 25, iter: 414,500, lr:3.125e-06> l_back_rec: 3.6307e+02 l_forw_fit: 4.0459e+02 l_mi: 1.0000e+00 l_h: 5.5926e+03 
26-08-19 01:12:29.650 - INFO: <epoch: 25, iter: 414,600, lr:3.125e-06> l_back_rec: 3.9889e+02 l_forw_fit: 4.7715e+02 l_mi: 1.0000e+00 l_h: 5.8918e+03 
26-08-19 01:13:20.401 - INFO: <epoch: 25, iter: 414,700, lr:3.125e-06> l_back_rec: 4.0472e+02 l_forw_fit: 4.5324e+02 l_mi: 1.0000e+00 l_h: 6.1085e+03 
26-08-19 01:14:11.241 - INFO: <epoch: 25, iter: 414,800, lr:3.125e-06> l_back_rec: 4.0113e+02 l_forw_fit: 3.4905e+02 l_mi: 1.0000e+00 l_h: 5.3087e+03 
26-08-19 01:15:02.089 - INFO: <epoch: 25, iter: 414,900, lr:3.125e-06> l_back_rec: 4.1207e+02 l_forw_fit: 3.6835e+02 l_mi: 1.0000e+00 l_h: 5.4327e+03 
26-08-19 01:15:52.838 - INFO: <epoch: 25, iter: 415,000, lr:3.125e-06> l_back_rec: 4.0781e+02 l_forw_fit: 3.6955e+02 l_mi: 1.0000e+00 l_h: 5.4656e+03 
26-08-19 01:16:30.694 - INFO: # Validation # PSNR_Cover: 5.2222e+01, PSNR_Secret: 4.9063e+01, PSNR_Stego: 4.5839e+01
26-08-19 01:16:30.695 - INFO: Saving models and training states.
26-08-19 01:17:22.534 - INFO: <epoch: 25, iter: 415,100, lr:3.125e-06> l_back_rec: 3.8880e+02 l_forw_fit: 3.8541e+02 l_mi: 1.0000e+00 l_h: 5.0045e+03 
26-08-19 01:18:13.663 - INFO: <epoch: 25, iter: 415,200, lr:3.125e-06> l_back_rec: 3.9868e+02 l_forw_fit: 3.4688e+02 l_mi: 1.0000e+00 l_h: 5.2054e+03 
26-08-19 01:19:04.619 - INFO: <epoch: 25, iter: 415,300, lr:3.125e-06> l_back_rec: 3.9985e+02 l_forw_fit: 4.1316e+02 l_mi: 1.0000e+00 l_h: 5.7772e+03 
26-08-19 01:19:55.499 - INFO: <epoch: 25, iter: 415,400, lr:3.125e-06> l_back_rec: 3.7032e+02 l_forw_fit: 4.5856e+02 l_mi: 1.0000e+00 l_h: 5.2598e+03 
26-08-19 01:20:46.351 - INFO: <epoch: 25, iter: 415,500, lr:3.125e-06> l_back_rec: 3.3254e+02 l_forw_fit: 2.2442e+02 l_mi: 1.0000e+00 l_h: 4.1982e+03 
26-08-19 01:21:37.423 - INFO: <epoch: 25, iter: 415,600, lr:3.125e-06> l_back_rec: 4.1068e+02 l_forw_fit: 4.3649e+02 l_mi: 1.0000e+00 l_h: 6.1354e+03 
26-08-19 01:22:28.399 - INFO: <epoch: 25, iter: 415,700, lr:3.125e-06> l_back_rec: 3.2377e+02 l_forw_fit: 1.8890e+02 l_mi: 1.0000e+00 l_h: 3.8738e+03 
26-08-19 01:23:19.067 - INFO: <epoch: 25, iter: 415,800, lr:3.125e-06> l_back_rec: 3.5359e+02 l_forw_fit: 3.0332e+02 l_mi: 1.0000e+00 l_h: 4.8719e+03 
26-08-19 01:24:09.913 - INFO: <epoch: 25, iter: 415,900, lr:3.125e-06> l_back_rec: 4.0932e+02 l_forw_fit: 4.7255e+02 l_mi: 1.0000e+00 l_h: 5.9925e+03 
26-08-19 01:25:00.773 - INFO: <epoch: 25, iter: 416,000, lr:3.125e-06> l_back_rec: 3.9760e+02 l_forw_fit: 3.6908e+02 l_mi: 1.0000e+00 l_h: 5.3745e+03 
26-08-19 01:25:38.647 - INFO: # Validation # PSNR_Cover: 5.2218e+01, PSNR_Secret: 4.9078e+01, PSNR_Stego: 4.5837e+01
26-08-19 01:26:30.032 - INFO: <epoch: 25, iter: 416,100, lr:3.125e-06> l_back_rec: 3.6489e+02 l_forw_fit: 2.7068e+02 l_mi: 1.0000e+00 l_h: 4.7649e+03 
26-08-19 01:27:20.773 - INFO: <epoch: 25, iter: 416,200, lr:3.125e-06> l_back_rec: 5.3164e+02 l_forw_fit: 5.8165e+02 l_mi: 1.0000e+00 l_h: 6.0246e+03 
26-08-19 01:28:11.546 - INFO: <epoch: 25, iter: 416,300, lr:3.125e-06> l_back_rec: 4.1475e+02 l_forw_fit: 4.0302e+02 l_mi: 1.0000e+00 l_h: 6.1723e+03 
26-08-19 01:29:02.442 - INFO: <epoch: 25, iter: 416,400, lr:3.125e-06> l_back_rec: 3.9014e+02 l_forw_fit: 4.6262e+02 l_mi: 1.0000e+00 l_h: 5.0201e+03 
26-08-19 01:29:53.227 - INFO: <epoch: 25, iter: 416,500, lr:3.125e-06> l_back_rec: 3.4302e+02 l_forw_fit: 3.0707e+02 l_mi: 1.0000e+00 l_h: 5.2756e+03 
26-08-19 01:30:43.831 - INFO: <epoch: 25, iter: 416,600, lr:3.125e-06> l_back_rec: 3.7119e+02 l_forw_fit: 3.1797e+02 l_mi: 1.0000e+00 l_h: 4.9811e+03 
26-08-19 01:31:34.673 - INFO: <epoch: 25, iter: 416,700, lr:3.125e-06> l_back_rec: 3.8304e+02 l_forw_fit: 3.0130e+02 l_mi: 1.0000e+00 l_h: 4.8960e+03 
26-08-19 01:32:25.425 - INFO: <epoch: 25, iter: 416,800, lr:3.125e-06> l_back_rec: 3.6572e+02 l_forw_fit: 4.8895e+02 l_mi: 1.0000e+00 l_h: 6.1128e+03 
26-08-19 01:33:16.107 - INFO: <epoch: 25, iter: 416,900, lr:3.125e-06> l_back_rec: 4.4514e+02 l_forw_fit: 4.9868e+02 l_mi: 1.0000e+00 l_h: 6.5664e+03 
26-08-19 01:34:07.089 - INFO: <epoch: 25, iter: 417,000, lr:3.125e-06> l_back_rec: 4.2757e+02 l_forw_fit: 4.4480e+02 l_mi: 1.0000e+00 l_h: 5.8419e+03 
26-08-19 01:34:45.215 - INFO: # Validation # PSNR_Cover: 5.2221e+01, PSNR_Secret: 4.9074e+01, PSNR_Stego: 4.5911e+01
26-08-19 01:35:36.575 - INFO: <epoch: 25, iter: 417,100, lr:3.125e-06> l_back_rec: 3.8794e+02 l_forw_fit: 4.3079e+02 l_mi: 1.0000e+00 l_h: 6.0991e+03 
26-08-19 01:36:27.726 - INFO: <epoch: 25, iter: 417,200, lr:3.125e-06> l_back_rec: 3.8081e+02 l_forw_fit: 2.9868e+02 l_mi: 1.0000e+00 l_h: 4.9221e+03 
26-08-19 01:37:18.772 - INFO: <epoch: 25, iter: 417,300, lr:3.125e-06> l_back_rec: 3.8278e+02 l_forw_fit: 2.7848e+02 l_mi: 1.0000e+00 l_h: 4.7161e+03 
26-08-19 01:38:09.755 - INFO: <epoch: 25, iter: 417,400, lr:3.125e-06> l_back_rec: 3.9647e+02 l_forw_fit: 3.9916e+02 l_mi: 1.0000e+00 l_h: 5.4711e+03 
26-08-19 01:39:00.695 - INFO: <epoch: 25, iter: 417,500, lr:3.125e-06> l_back_rec: 4.0310e+02 l_forw_fit: 4.4479e+02 l_mi: 1.0000e+00 l_h: 5.8862e+03 
26-08-19 01:39:51.431 - INFO: <epoch: 25, iter: 417,600, lr:3.125e-06> l_back_rec: 3.8717e+02 l_forw_fit: 3.3156e+02 l_mi: 1.0000e+00 l_h: 5.3241e+03 
26-08-19 01:40:42.348 - INFO: <epoch: 25, iter: 417,700, lr:3.125e-06> l_back_rec: 4.9575e+02 l_forw_fit: 6.5820e+02 l_mi: 1.0000e+00 l_h: 8.8417e+03 
26-08-19 01:41:33.251 - INFO: <epoch: 25, iter: 417,800, lr:3.125e-06> l_back_rec: 3.7990e+02 l_forw_fit: 3.4943e+02 l_mi: 1.0000e+00 l_h: 5.3903e+03 
26-08-19 01:42:23.994 - INFO: <epoch: 25, iter: 417,900, lr:3.125e-06> l_back_rec: 3.7277e+02 l_forw_fit: 2.0595e+02 l_mi: 1.0000e+00 l_h: 4.0897e+03 
26-08-19 01:43:14.750 - INFO: <epoch: 25, iter: 418,000, lr:3.125e-06> l_back_rec: 4.3190e+02 l_forw_fit: 4.9242e+02 l_mi: 1.0000e+00 l_h: 6.4893e+03 
26-08-19 01:43:53.046 - INFO: # Validation # PSNR_Cover: 5.2188e+01, PSNR_Secret: 4.9113e+01, PSNR_Stego: 4.5794e+01
26-08-19 01:44:44.064 - INFO: <epoch: 25, iter: 418,100, lr:3.125e-06> l_back_rec: 3.9551e+02 l_forw_fit: 3.4571e+02 l_mi: 1.0000e+00 l_h: 5.4826e+03 
26-08-19 01:45:34.965 - INFO: <epoch: 25, iter: 418,200, lr:3.125e-06> l_back_rec: 4.9519e+02 l_forw_fit: 5.6779e+02 l_mi: 1.0000e+00 l_h: 6.9663e+03 
26-08-19 01:46:25.893 - INFO: <epoch: 25, iter: 418,300, lr:3.125e-06> l_back_rec: 3.9387e+02 l_forw_fit: 3.0764e+02 l_mi: 1.0000e+00 l_h: 4.9539e+03 
26-08-19 01:47:16.633 - INFO: <epoch: 25, iter: 418,400, lr:3.125e-06> l_back_rec: 3.5201e+02 l_forw_fit: 3.2711e+02 l_mi: 1.0000e+00 l_h: 5.1424e+03 
26-08-19 01:48:07.480 - INFO: <epoch: 25, iter: 418,500, lr:3.125e-06> l_back_rec: 4.7738e+02 l_forw_fit: 5.2457e+02 l_mi: 1.0000e+00 l_h: 6.4946e+03 
26-08-19 01:48:58.447 - INFO: <epoch: 25, iter: 418,600, lr:3.125e-06> l_back_rec: 5.5595e+02 l_forw_fit: 6.2088e+02 l_mi: 1.0000e+00 l_h: 7.6474e+03 
26-08-19 01:49:49.234 - INFO: <epoch: 25, iter: 418,700, lr:3.125e-06> l_back_rec: 3.6247e+02 l_forw_fit: 2.3666e+02 l_mi: 1.0000e+00 l_h: 4.5264e+03 
26-08-19 01:50:40.026 - INFO: <epoch: 25, iter: 418,800, lr:3.125e-06> l_back_rec: 4.0994e+02 l_forw_fit: 3.8784e+02 l_mi: 1.0000e+00 l_h: 5.8214e+03 
26-08-19 01:51:31.209 - INFO: <epoch: 25, iter: 418,900, lr:3.125e-06> l_back_rec: 3.5890e+02 l_forw_fit: 2.3517e+02 l_mi: 1.0000e+00 l_h: 4.4775e+03 
26-08-19 01:52:22.142 - INFO: <epoch: 25, iter: 419,000, lr:3.125e-06> l_back_rec: 3.9322e+02 l_forw_fit: 3.4138e+02 l_mi: 1.0000e+00 l_h: 5.5628e+03 
26-08-19 01:52:59.925 - INFO: # Validation # PSNR_Cover: 5.2224e+01, PSNR_Secret: 4.9113e+01, PSNR_Stego: 4.5875e+01
26-08-19 01:53:51.240 - INFO: <epoch: 25, iter: 419,100, lr:3.125e-06> l_back_rec: 4.8403e+02 l_forw_fit: 5.0924e+02 l_mi: 1.0000e+00 l_h: 5.6965e+03 
26-08-19 01:54:42.000 - INFO: <epoch: 25, iter: 419,200, lr:3.125e-06> l_back_rec: 3.7702e+02 l_forw_fit: 3.7088e+02 l_mi: 1.0000e+00 l_h: 5.1603e+03 
26-08-19 01:55:32.890 - INFO: <epoch: 25, iter: 419,300, lr:3.125e-06> l_back_rec: 3.8231e+02 l_forw_fit: 2.7200e+02 l_mi: 1.0000e+00 l_h: 4.8664e+03 
26-08-19 01:56:23.619 - INFO: <epoch: 25, iter: 419,400, lr:3.125e-06> l_back_rec: 4.0454e+02 l_forw_fit: 3.3318e+02 l_mi: 1.0000e+00 l_h: 5.2711e+03 
26-08-19 01:57:14.385 - INFO: <epoch: 25, iter: 419,500, lr:3.125e-06> l_back_rec: 3.5153e+02 l_forw_fit: 2.9372e+02 l_mi: 1.0000e+00 l_h: 4.9376e+03 
26-08-19 01:58:05.211 - INFO: <epoch: 25, iter: 419,600, lr:3.125e-06> l_back_rec: 4.4126e+02 l_forw_fit: 4.2747e+02 l_mi: 1.0000e+00 l_h: 6.0935e+03 
26-08-19 01:58:56.105 - INFO: <epoch: 25, iter: 419,700, lr:3.125e-06> l_back_rec: 4.3207e+02 l_forw_fit: 4.6760e+02 l_mi: 1.0000e+00 l_h: 5.8490e+03 
26-08-19 01:59:46.674 - INFO: <epoch: 25, iter: 419,800, lr:3.125e-06> l_back_rec: 3.8801e+02 l_forw_fit: 3.4790e+02 l_mi: 1.0000e+00 l_h: 5.4313e+03 
26-08-19 02:00:37.626 - INFO: <epoch: 25, iter: 419,900, lr:3.125e-06> l_back_rec: 3.5788e+02 l_forw_fit: 2.2971e+02 l_mi: 1.0000e+00 l_h: 4.1450e+03 
26-08-19 02:02:39.382 - INFO: <epoch: 26, iter: 420,000, lr:1.563e-06> l_back_rec: 4.1076e+02 l_forw_fit: 4.1258e+02 l_mi: 1.0000e+00 l_h: 5.7011e+03 
26-08-19 02:03:17.651 - INFO: # Validation # PSNR_Cover: 5.2275e+01, PSNR_Secret: 4.9124e+01, PSNR_Stego: 4.5878e+01
26-08-19 02:03:17.655 - INFO: Saving models and training states.
26-08-19 02:04:09.320 - INFO: <epoch: 26, iter: 420,100, lr:1.563e-06> l_back_rec: 3.9532e+02 l_forw_fit: 4.6886e+02 l_mi: 1.0000e+00 l_h: 5.8095e+03 
26-08-19 02:05:00.155 - INFO: <epoch: 26, iter: 420,200, lr:1.563e-06> l_back_rec: 3.4806e+02 l_forw_fit: 2.1939e+02 l_mi: 1.0000e+00 l_h: 4.2175e+03 
26-08-19 02:05:50.599 - INFO: <epoch: 26, iter: 420,300, lr:1.563e-06> l_back_rec: 4.0859e+02 l_forw_fit: 3.8223e+02 l_mi: 1.0000e+00 l_h: 5.4743e+03 
26-08-19 02:06:40.367 - INFO: <epoch: 26, iter: 420,400, lr:1.563e-06> l_back_rec: 3.9415e+02 l_forw_fit: 3.3423e+02 l_mi: 1.0000e+00 l_h: 5.1807e+03 
26-08-19 02:07:29.443 - INFO: <epoch: 26, iter: 420,500, lr:1.563e-06> l_back_rec: 4.1425e+02 l_forw_fit: 3.5466e+02 l_mi: 1.0000e+00 l_h: 5.1665e+03 
26-08-19 02:08:19.130 - INFO: <epoch: 26, iter: 420,600, lr:1.563e-06> l_back_rec: 4.2075e+02 l_forw_fit: 3.8740e+02 l_mi: 1.0000e+00 l_h: 5.3786e+03 
26-08-19 02:09:09.558 - INFO: <epoch: 26, iter: 420,700, lr:1.563e-06> l_back_rec: 4.3881e+02 l_forw_fit: 3.3689e+02 l_mi: 1.0000e+00 l_h: 5.1185e+03 
26-08-19 02:09:59.914 - INFO: <epoch: 26, iter: 420,800, lr:1.563e-06> l_back_rec: 3.1594e+02 l_forw_fit: 2.5862e+02 l_mi: 1.0000e+00 l_h: 4.3777e+03 
26-08-19 02:10:50.141 - INFO: <epoch: 26, iter: 420,900, lr:1.563e-06> l_back_rec: 3.7673e+02 l_forw_fit: 3.5182e+02 l_mi: 1.0000e+00 l_h: 4.7999e+03 
26-08-19 02:11:40.673 - INFO: <epoch: 26, iter: 421,000, lr:1.563e-06> l_back_rec: 4.1288e+02 l_forw_fit: 4.4040e+02 l_mi: 1.0000e+00 l_h: 5.9090e+03 
26-08-19 02:12:18.396 - INFO: # Validation # PSNR_Cover: 5.2238e+01, PSNR_Secret: 4.9160e+01, PSNR_Stego: 4.5847e+01
26-08-19 02:13:08.860 - INFO: <epoch: 26, iter: 421,100, lr:1.563e-06> l_back_rec: 3.8678e+02 l_forw_fit: 3.1921e+02 l_mi: 1.0000e+00 l_h: 5.2329e+03 
26-08-19 02:13:59.264 - INFO: <epoch: 26, iter: 421,200, lr:1.563e-06> l_back_rec: 3.7091e+02 l_forw_fit: 3.2247e+02 l_mi: 1.0000e+00 l_h: 4.8545e+03 
26-08-19 02:14:49.569 - INFO: <epoch: 26, iter: 421,300, lr:1.563e-06> l_back_rec: 4.9804e+02 l_forw_fit: 5.2060e+02 l_mi: 1.0000e+00 l_h: 6.1950e+03 
26-08-19 02:15:39.954 - INFO: <epoch: 26, iter: 421,400, lr:1.563e-06> l_back_rec: 3.6500e+02 l_forw_fit: 2.9785e+02 l_mi: 1.0000e+00 l_h: 4.1845e+03 
26-08-19 02:16:30.360 - INFO: <epoch: 26, iter: 421,500, lr:1.563e-06> l_back_rec: 4.5221e+02 l_forw_fit: 4.4878e+02 l_mi: 1.0000e+00 l_h: 6.5448e+03 
26-08-19 02:17:20.732 - INFO: <epoch: 26, iter: 421,600, lr:1.563e-06> l_back_rec: 3.8435e+02 l_forw_fit: 4.5941e+02 l_mi: 1.0000e+00 l_h: 5.4307e+03 
26-08-19 02:18:11.323 - INFO: <epoch: 26, iter: 421,700, lr:1.563e-06> l_back_rec: 4.4527e+02 l_forw_fit: 4.4396e+02 l_mi: 1.0000e+00 l_h: 5.7529e+03 
26-08-19 02:19:01.761 - INFO: <epoch: 26, iter: 421,800, lr:1.563e-06> l_back_rec: 4.9250e+02 l_forw_fit: 3.9921e+02 l_mi: 1.0000e+00 l_h: 5.6999e+03 
26-08-19 02:19:52.218 - INFO: <epoch: 26, iter: 421,900, lr:1.563e-06> l_back_rec: 4.2476e+02 l_forw_fit: 4.9392e+02 l_mi: 1.0000e+00 l_h: 6.2876e+03 
26-08-19 02:20:42.561 - INFO: <epoch: 26, iter: 422,000, lr:1.563e-06> l_back_rec: 3.7344e+02 l_forw_fit: 2.6612e+02 l_mi: 1.0000e+00 l_h: 4.2932e+03 
26-08-19 02:21:18.324 - INFO: # Validation # PSNR_Cover: 5.2261e+01, PSNR_Secret: 4.9098e+01, PSNR_Stego: 4.5840e+01
26-08-19 02:22:08.771 - INFO: <epoch: 26, iter: 422,100, lr:1.563e-06> l_back_rec: 4.1341e+02 l_forw_fit: 4.9402e+02 l_mi: 1.0000e+00 l_h: 6.5528e+03 
26-08-19 02:22:59.259 - INFO: <epoch: 26, iter: 422,200, lr:1.563e-06> l_back_rec: 3.8173e+02 l_forw_fit: 3.1400e+02 l_mi: 1.0000e+00 l_h: 5.1110e+03 
26-08-19 02:23:49.509 - INFO: <epoch: 26, iter: 422,300, lr:1.563e-06> l_back_rec: 3.9471e+02 l_forw_fit: 3.3728e+02 l_mi: 1.0000e+00 l_h: 5.2726e+03 
26-08-19 02:24:39.924 - INFO: <epoch: 26, iter: 422,400, lr:1.563e-06> l_back_rec: 3.8722e+02 l_forw_fit: 3.0903e+02 l_mi: 1.0000e+00 l_h: 4.3780e+03 
26-08-19 02:25:30.274 - INFO: <epoch: 26, iter: 422,500, lr:1.563e-06> l_back_rec: 4.1997e+02 l_forw_fit: 2.9016e+02 l_mi: 1.0000e+00 l_h: 4.7139e+03 
26-08-19 02:26:20.621 - INFO: <epoch: 26, iter: 422,600, lr:1.563e-06> l_back_rec: 4.4448e+02 l_forw_fit: 6.0553e+02 l_mi: 1.0000e+00 l_h: 6.3547e+03 
26-08-19 02:27:11.148 - INFO: <epoch: 26, iter: 422,700, lr:1.563e-06> l_back_rec: 3.7460e+02 l_forw_fit: 3.1607e+02 l_mi: 1.0000e+00 l_h: 4.8056e+03 
26-08-19 02:28:01.680 - INFO: <epoch: 26, iter: 422,800, lr:1.563e-06> l_back_rec: 3.6350e+02 l_forw_fit: 2.8067e+02 l_mi: 1.0000e+00 l_h: 4.8920e+03 
26-08-19 02:28:52.018 - INFO: <epoch: 26, iter: 422,900, lr:1.563e-06> l_back_rec: 3.7112e+02 l_forw_fit: 2.5494e+02 l_mi: 1.0000e+00 l_h: 4.3127e+03 
26-08-19 02:29:42.347 - INFO: <epoch: 26, iter: 423,000, lr:1.563e-06> l_back_rec: 3.4457e+02 l_forw_fit: 2.3162e+02 l_mi: 1.0000e+00 l_h: 4.1803e+03 
26-08-19 02:30:19.917 - INFO: # Validation # PSNR_Cover: 5.2226e+01, PSNR_Secret: 4.9166e+01, PSNR_Stego: 4.5855e+01
26-08-19 02:31:10.236 - INFO: <epoch: 26, iter: 423,100, lr:1.563e-06> l_back_rec: 3.7248e+02 l_forw_fit: 3.9939e+02 l_mi: 1.0000e+00 l_h: 5.6837e+03 
26-08-19 02:32:00.697 - INFO: <epoch: 26, iter: 423,200, lr:1.563e-06> l_back_rec: 4.0533e+02 l_forw_fit: 4.2064e+02 l_mi: 1.0000e+00 l_h: 6.2169e+03 
26-08-19 02:32:51.125 - INFO: <epoch: 26, iter: 423,300, lr:1.563e-06> l_back_rec: 3.8831e+02 l_forw_fit: 5.2300e+02 l_mi: 1.0000e+00 l_h: 6.4000e+03 
26-08-19 02:33:41.571 - INFO: <epoch: 26, iter: 423,400, lr:1.563e-06> l_back_rec: 3.7166e+02 l_forw_fit: 4.2884e+02 l_mi: 1.0000e+00 l_h: 5.4488e+03 
26-08-19 02:34:32.070 - INFO: <epoch: 26, iter: 423,500, lr:1.563e-06> l_back_rec: 4.2011e+02 l_forw_fit: 4.6718e+02 l_mi: 1.0000e+00 l_h: 5.3976e+03 
26-08-19 02:35:22.751 - INFO: <epoch: 26, iter: 423,600, lr:1.563e-06> l_back_rec: 4.0944e+02 l_forw_fit: 4.2918e+02 l_mi: 1.0000e+00 l_h: 6.2122e+03 
26-08-19 02:36:13.386 - INFO: <epoch: 26, iter: 423,700, lr:1.563e-06> l_back_rec: 4.1244e+02 l_forw_fit: 2.7107e+02 l_mi: 1.0000e+00 l_h: 4.7820e+03 
26-08-19 02:37:04.317 - INFO: <epoch: 26, iter: 423,800, lr:1.563e-06> l_back_rec: 3.5006e+02 l_forw_fit: 3.8290e+02 l_mi: 1.0000e+00 l_h: 5.0168e+03 
26-08-19 02:37:55.419 - INFO: <epoch: 26, iter: 423,900, lr:1.563e-06> l_back_rec: 3.3444e+02 l_forw_fit: 2.4137e+02 l_mi: 1.0000e+00 l_h: 4.3206e+03 
26-08-19 02:38:46.068 - INFO: <epoch: 26, iter: 424,000, lr:1.563e-06> l_back_rec: 3.7979e+02 l_forw_fit: 3.7260e+02 l_mi: 1.0000e+00 l_h: 5.1738e+03 
26-08-19 02:39:24.057 - INFO: # Validation # PSNR_Cover: 5.2249e+01, PSNR_Secret: 4.9134e+01, PSNR_Stego: 4.5843e+01
26-08-19 02:40:14.838 - INFO: <epoch: 26, iter: 424,100, lr:1.563e-06> l_back_rec: 3.7353e+02 l_forw_fit: 4.7399e+02 l_mi: 1.0000e+00 l_h: 5.7548e+03 
26-08-19 02:41:05.505 - INFO: <epoch: 26, iter: 424,200, lr:1.563e-06> l_back_rec: 4.2552e+02 l_forw_fit: 5.1201e+02 l_mi: 1.0000e+00 l_h: 6.6478e+03 
26-08-19 02:41:56.108 - INFO: <epoch: 26, iter: 424,300, lr:1.563e-06> l_back_rec: 4.1127e+02 l_forw_fit: 2.9054e+02 l_mi: 1.0000e+00 l_h: 4.7513e+03 
26-08-19 02:42:46.989 - INFO: <epoch: 26, iter: 424,400, lr:1.563e-06> l_back_rec: 4.0952e+02 l_forw_fit: 4.0163e+02 l_mi: 1.0000e+00 l_h: 5.4114e+03 
26-08-19 02:43:34.489 - INFO: <epoch: 26, iter: 424,500, lr:1.563e-06> l_back_rec: 3.8542e+02 l_forw_fit: 4.6622e+02 l_mi: 1.0000e+00 l_h: 6.4995e+03 
26-08-19 02:44:22.279 - INFO: <epoch: 26, iter: 424,600, lr:1.563e-06> l_back_rec: 3.6924e+02 l_forw_fit: 4.4875e+02 l_mi: 1.0000e+00 l_h: 5.0918e+03 
26-08-19 02:45:06.864 - INFO: <epoch: 26, iter: 424,700, lr:1.563e-06> l_back_rec: 4.0860e+02 l_forw_fit: 4.9730e+02 l_mi: 1.0000e+00 l_h: 5.7859e+03 
26-08-19 02:45:51.995 - INFO: <epoch: 26, iter: 424,800, lr:1.563e-06> l_back_rec: 4.5540e+02 l_forw_fit: 5.0675e+02 l_mi: 1.0000e+00 l_h: 6.2350e+03 
26-08-19 02:46:37.918 - INFO: <epoch: 26, iter: 424,900, lr:1.563e-06> l_back_rec: 4.0357e+02 l_forw_fit: 3.8778e+02 l_mi: 1.0000e+00 l_h: 5.0011e+03 
26-08-19 02:47:24.011 - INFO: <epoch: 26, iter: 425,000, lr:1.563e-06> l_back_rec: 3.8315e+02 l_forw_fit: 3.6349e+02 l_mi: 1.0000e+00 l_h: 5.2428e+03 
26-08-19 02:47:59.500 - INFO: # Validation # PSNR_Cover: 5.2252e+01, PSNR_Secret: 4.9157e+01, PSNR_Stego: 4.5869e+01
26-08-19 02:47:59.501 - INFO: Saving models and training states.
26-08-19 02:48:45.565 - INFO: <epoch: 26, iter: 425,100, lr:1.563e-06> l_back_rec: 4.5519e+02 l_forw_fit: 3.7121e+02 l_mi: 1.0000e+00 l_h: 5.6886e+03 
26-08-19 02:49:31.795 - INFO: <epoch: 26, iter: 425,200, lr:1.563e-06> l_back_rec: 4.5476e+02 l_forw_fit: 4.4724e+02 l_mi: 1.0000e+00 l_h: 6.5181e+03 
26-08-19 02:50:17.621 - INFO: <epoch: 26, iter: 425,300, lr:1.563e-06> l_back_rec: 3.1911e+02 l_forw_fit: 2.1116e+02 l_mi: 1.0000e+00 l_h: 4.0924e+03 
26-08-19 02:51:03.801 - INFO: <epoch: 26, iter: 425,400, lr:1.563e-06> l_back_rec: 3.4303e+02 l_forw_fit: 3.3893e+02 l_mi: 1.0000e+00 l_h: 4.8185e+03 
26-08-19 02:51:49.851 - INFO: <epoch: 26, iter: 425,500, lr:1.563e-06> l_back_rec: 3.0761e+02 l_forw_fit: 1.4649e+02 l_mi: 1.0000e+00 l_h: 3.3572e+03 
26-08-19 02:52:36.091 - INFO: <epoch: 26, iter: 425,600, lr:1.563e-06> l_back_rec: 3.8753e+02 l_forw_fit: 3.3229e+02 l_mi: 1.0000e+00 l_h: 5.1200e+03 
26-08-19 02:53:22.093 - INFO: <epoch: 26, iter: 425,700, lr:1.563e-06> l_back_rec: 4.5433e+02 l_forw_fit: 5.0553e+02 l_mi: 1.0000e+00 l_h: 6.7046e+03 
26-08-19 02:54:07.777 - INFO: <epoch: 26, iter: 425,800, lr:1.563e-06> l_back_rec: 3.7892e+02 l_forw_fit: 2.7119e+02 l_mi: 1.0000e+00 l_h: 4.4803e+03 
26-08-19 02:54:53.984 - INFO: <epoch: 26, iter: 425,900, lr:1.563e-06> l_back_rec: 4.3023e+02 l_forw_fit: 4.5262e+02 l_mi: 1.0000e+00 l_h: 5.9181e+03 
26-08-19 02:55:39.822 - INFO: <epoch: 26, iter: 426,000, lr:1.563e-06> l_back_rec: 3.9320e+02 l_forw_fit: 3.7383e+02 l_mi: 1.0000e+00 l_h: 5.7351e+03 
26-08-19 02:56:16.024 - INFO: # Validation # PSNR_Cover: 5.2276e+01, PSNR_Secret: 4.9141e+01, PSNR_Stego: 4.5882e+01
26-08-19 02:57:02.254 - INFO: <epoch: 26, iter: 426,100, lr:1.563e-06> l_back_rec: 4.6228e+02 l_forw_fit: 4.7480e+02 l_mi: 1.0000e+00 l_h: 6.5840e+03 
26-08-19 02:57:48.170 - INFO: <epoch: 26, iter: 426,200, lr:1.563e-06> l_back_rec: 3.7776e+02 l_forw_fit: 2.5398e+02 l_mi: 1.0000e+00 l_h: 4.5046e+03 
26-08-19 02:58:34.339 - INFO: <epoch: 26, iter: 426,300, lr:1.563e-06> l_back_rec: 3.9724e+02 l_forw_fit: 3.5320e+02 l_mi: 1.0000e+00 l_h: 5.2023e+03 
26-08-19 02:59:20.367 - INFO: <epoch: 26, iter: 426,400, lr:1.563e-06> l_back_rec: 3.7831e+02 l_forw_fit: 2.6734e+02 l_mi: 1.0000e+00 l_h: 4.4964e+03 
26-08-19 03:00:06.413 - INFO: <epoch: 26, iter: 426,500, lr:1.563e-06> l_back_rec: 4.1187e+02 l_forw_fit: 3.6379e+02 l_mi: 1.0000e+00 l_h: 5.4658e+03 
26-08-19 03:00:52.327 - INFO: <epoch: 26, iter: 426,600, lr:1.563e-06> l_back_rec: 3.8204e+02 l_forw_fit: 2.6668e+02 l_mi: 1.0000e+00 l_h: 4.3057e+03 
26-08-19 03:01:38.354 - INFO: <epoch: 26, iter: 426,700, lr:1.563e-06> l_back_rec: 4.0662e+02 l_forw_fit: 4.0816e+02 l_mi: 1.0000e+00 l_h: 5.9578e+03 
26-08-19 03:02:24.440 - INFO: <epoch: 26, iter: 426,800, lr:1.563e-06> l_back_rec: 3.5916e+02 l_forw_fit: 4.0598e+02 l_mi: 1.0000e+00 l_h: 5.8710e+03 
26-08-19 03:03:10.596 - INFO: <epoch: 26, iter: 426,900, lr:1.563e-06> l_back_rec: 3.9112e+02 l_forw_fit: 3.6340e+02 l_mi: 1.0000e+00 l_h: 5.0011e+03 
26-08-19 03:03:56.728 - INFO: <epoch: 26, iter: 427,000, lr:1.563e-06> l_back_rec: 4.5239e+02 l_forw_fit: 4.7933e+02 l_mi: 1.0000e+00 l_h: 5.6698e+03 
26-08-19 03:04:33.052 - INFO: # Validation # PSNR_Cover: 5.2228e+01, PSNR_Secret: 4.9131e+01, PSNR_Stego: 4.5899e+01
26-08-19 03:05:19.173 - INFO: <epoch: 26, iter: 427,100, lr:1.563e-06> l_back_rec: 3.6393e+02 l_forw_fit: 2.6914e+02 l_mi: 1.0000e+00 l_h: 4.7032e+03 
26-08-19 03:06:05.375 - INFO: <epoch: 26, iter: 427,200, lr:1.563e-06> l_back_rec: 5.2889e+02 l_forw_fit: 6.1859e+02 l_mi: 1.0000e+00 l_h: 7.9544e+03 
26-08-19 03:06:51.484 - INFO: <epoch: 26, iter: 427,300, lr:1.563e-06> l_back_rec: 3.6384e+02 l_forw_fit: 2.0994e+02 l_mi: 1.0000e+00 l_h: 3.8736e+03 
26-08-19 03:07:37.646 - INFO: <epoch: 26, iter: 427,400, lr:1.563e-06> l_back_rec: 4.0943e+02 l_forw_fit: 4.5451e+02 l_mi: 1.0000e+00 l_h: 6.0823e+03 
26-08-19 03:08:23.639 - INFO: <epoch: 26, iter: 427,500, lr:1.563e-06> l_back_rec: 3.8231e+02 l_forw_fit: 3.4530e+02 l_mi: 1.0000e+00 l_h: 5.2328e+03 
26-08-19 03:09:09.676 - INFO: <epoch: 26, iter: 427,600, lr:1.563e-06> l_back_rec: 4.2606e+02 l_forw_fit: 4.0750e+02 l_mi: 1.0000e+00 l_h: 5.8069e+03 
26-08-19 03:09:55.993 - INFO: <epoch: 26, iter: 427,700, lr:1.563e-06> l_back_rec: 4.4411e+02 l_forw_fit: 3.8796e+02 l_mi: 1.0000e+00 l_h: 5.7222e+03 
26-08-19 03:10:41.998 - INFO: <epoch: 26, iter: 427,800, lr:1.563e-06> l_back_rec: 3.7438e+02 l_forw_fit: 2.8898e+02 l_mi: 1.0000e+00 l_h: 4.8876e+03 
26-08-19 03:11:28.566 - INFO: <epoch: 26, iter: 427,900, lr:1.563e-06> l_back_rec: 3.8659e+02 l_forw_fit: 3.4522e+02 l_mi: 1.0000e+00 l_h: 5.2121e+03 
26-08-19 03:12:14.856 - INFO: <epoch: 26, iter: 428,000, lr:1.563e-06> l_back_rec: 3.7056e+02 l_forw_fit: 3.3188e+02 l_mi: 1.0000e+00 l_h: 5.1443e+03 
26-08-19 03:12:50.996 - INFO: # Validation # PSNR_Cover: 5.2232e+01, PSNR_Secret: 4.9153e+01, PSNR_Stego: 4.5850e+01
26-08-19 03:13:37.236 - INFO: <epoch: 26, iter: 428,100, lr:1.563e-06> l_back_rec: 3.9258e+02 l_forw_fit: 3.7588e+02 l_mi: 1.0000e+00 l_h: 5.4070e+03 
26-08-19 03:14:23.350 - INFO: <epoch: 26, iter: 428,200, lr:1.563e-06> l_back_rec: 4.4985e+02 l_forw_fit: 3.9473e+02 l_mi: 1.0000e+00 l_h: 5.1061e+03 
26-08-19 03:15:09.451 - INFO: <epoch: 26, iter: 428,300, lr:1.563e-06> l_back_rec: 3.5912e+02 l_forw_fit: 3.7147e+02 l_mi: 1.0000e+00 l_h: 5.3958e+03 
26-08-19 03:15:55.646 - INFO: <epoch: 26, iter: 428,400, lr:1.563e-06> l_back_rec: 3.9985e+02 l_forw_fit: 3.5100e+02 l_mi: 1.0000e+00 l_h: 5.3163e+03 
26-08-19 03:16:41.801 - INFO: <epoch: 26, iter: 428,500, lr:1.563e-06> l_back_rec: 3.7513e+02 l_forw_fit: 2.9545e+02 l_mi: 1.0000e+00 l_h: 4.5626e+03 
26-08-19 03:17:27.884 - INFO: <epoch: 26, iter: 428,600, lr:1.563e-06> l_back_rec: 3.4412e+02 l_forw_fit: 3.2839e+02 l_mi: 1.0000e+00 l_h: 4.9690e+03 
26-08-19 03:18:13.835 - INFO: <epoch: 26, iter: 428,700, lr:1.563e-06> l_back_rec: 4.1033e+02 l_forw_fit: 5.0308e+02 l_mi: 1.0000e+00 l_h: 6.9171e+03 
26-08-19 03:19:00.203 - INFO: <epoch: 26, iter: 428,800, lr:1.563e-06> l_back_rec: 4.2418e+02 l_forw_fit: 4.5178e+02 l_mi: 1.0000e+00 l_h: 6.0232e+03 
26-08-19 03:19:46.126 - INFO: <epoch: 26, iter: 428,900, lr:1.563e-06> l_back_rec: 3.4292e+02 l_forw_fit: 3.4203e+02 l_mi: 1.0000e+00 l_h: 5.2934e+03 
26-08-19 03:20:32.270 - INFO: <epoch: 26, iter: 429,000, lr:1.563e-06> l_back_rec: 4.0275e+02 l_forw_fit: 3.9433e+02 l_mi: 1.0000e+00 l_h: 5.6799e+03 
26-08-19 03:21:08.135 - INFO: # Validation # PSNR_Cover: 5.2253e+01, PSNR_Secret: 4.9107e+01, PSNR_Stego: 4.5880e+01
26-08-19 03:21:54.239 - INFO: <epoch: 26, iter: 429,100, lr:1.563e-06> l_back_rec: 3.9258e+02 l_forw_fit: 5.9584e+02 l_mi: 1.0000e+00 l_h: 6.1798e+03 
26-08-19 03:22:40.257 - INFO: <epoch: 26, iter: 429,200, lr:1.563e-06> l_back_rec: 4.5706e+02 l_forw_fit: 4.6078e+02 l_mi: 1.0000e+00 l_h: 6.2458e+03 
26-08-19 03:23:26.444 - INFO: <epoch: 26, iter: 429,300, lr:1.563e-06> l_back_rec: 3.6587e+02 l_forw_fit: 2.8011e+02 l_mi: 1.0000e+00 l_h: 4.7001e+03 
26-08-19 03:24:12.259 - INFO: <epoch: 26, iter: 429,400, lr:1.563e-06> l_back_rec: 3.6299e+02 l_forw_fit: 2.6478e+02 l_mi: 1.0000e+00 l_h: 4.5004e+03 
26-08-19 03:24:58.241 - INFO: <epoch: 26, iter: 429,500, lr:1.563e-06> l_back_rec: 4.5802e+02 l_forw_fit: 3.4007e+02 l_mi: 1.0000e+00 l_h: 4.9144e+03 
26-08-19 03:25:44.209 - INFO: <epoch: 26, iter: 429,600, lr:1.563e-06> l_back_rec: 4.1520e+02 l_forw_fit: 3.0656e+02 l_mi: 1.0000e+00 l_h: 4.8899e+03 
26-08-19 03:26:30.467 - INFO: <epoch: 26, iter: 429,700, lr:1.563e-06> l_back_rec: 4.1086e+02 l_forw_fit: 3.3910e+02 l_mi: 1.0000e+00 l_h: 5.0344e+03 
26-08-19 03:27:16.459 - INFO: <epoch: 26, iter: 429,800, lr:1.563e-06> l_back_rec: 3.6888e+02 l_forw_fit: 2.6260e+02 l_mi: 1.0000e+00 l_h: 4.3770e+03 
26-08-19 03:28:02.673 - INFO: <epoch: 26, iter: 429,900, lr:1.563e-06> l_back_rec: 3.5990e+02 l_forw_fit: 2.5947e+02 l_mi: 1.0000e+00 l_h: 4.6864e+03 
26-08-19 03:28:48.968 - INFO: <epoch: 26, iter: 430,000, lr:1.563e-06> l_back_rec: 3.8485e+02 l_forw_fit: 4.7342e+02 l_mi: 1.0000e+00 l_h: 5.9865e+03 
26-08-19 03:29:24.931 - INFO: # Validation # PSNR_Cover: 5.2216e+01, PSNR_Secret: 4.9124e+01, PSNR_Stego: 4.5868e+01
26-08-19 03:29:24.931 - INFO: Saving models and training states.
26-08-19 03:30:11.545 - INFO: <epoch: 26, iter: 430,100, lr:1.563e-06> l_back_rec: 3.8681e+02 l_forw_fit: 3.7950e+02 l_mi: 1.0000e+00 l_h: 5.4947e+03 
26-08-19 03:30:57.961 - INFO: <epoch: 26, iter: 430,200, lr:1.563e-06> l_back_rec: 4.1270e+02 l_forw_fit: 3.6295e+02 l_mi: 1.0000e+00 l_h: 5.5239e+03 
26-08-19 03:31:44.303 - INFO: <epoch: 26, iter: 430,300, lr:1.563e-06> l_back_rec: 4.0378e+02 l_forw_fit: 3.5967e+02 l_mi: 1.0000e+00 l_h: 5.0177e+03 
26-08-19 03:32:30.597 - INFO: <epoch: 26, iter: 430,400, lr:1.563e-06> l_back_rec: 3.8352e+02 l_forw_fit: 3.2597e+02 l_mi: 1.0000e+00 l_h: 5.0223e+03 
26-08-19 03:33:16.606 - INFO: <epoch: 26, iter: 430,500, lr:1.563e-06> l_back_rec: 3.8310e+02 l_forw_fit: 5.2016e+02 l_mi: 1.0000e+00 l_h: 6.0206e+03 
26-08-19 03:34:02.868 - INFO: <epoch: 26, iter: 430,600, lr:1.563e-06> l_back_rec: 3.9684e+02 l_forw_fit: 3.1886e+02 l_mi: 1.0000e+00 l_h: 4.9894e+03 
26-08-19 03:34:48.970 - INFO: <epoch: 26, iter: 430,700, lr:1.563e-06> l_back_rec: 3.9046e+02 l_forw_fit: 3.5008e+02 l_mi: 1.0000e+00 l_h: 5.1704e+03 
26-08-19 03:35:35.519 - INFO: <epoch: 26, iter: 430,800, lr:1.563e-06> l_back_rec: 4.1747e+02 l_forw_fit: 2.8795e+02 l_mi: 1.0000e+00 l_h: 4.8329e+03 
26-08-19 03:36:21.594 - INFO: <epoch: 26, iter: 430,900, lr:1.563e-06> l_back_rec: 3.8588e+02 l_forw_fit: 5.0382e+02 l_mi: 1.0000e+00 l_h: 6.9195e+03 
26-08-19 03:37:07.904 - INFO: <epoch: 26, iter: 431,000, lr:1.563e-06> l_back_rec: 3.6983e+02 l_forw_fit: 2.5984e+02 l_mi: 1.0000e+00 l_h: 4.6254e+03 
26-08-19 03:37:43.841 - INFO: # Validation # PSNR_Cover: 5.2250e+01, PSNR_Secret: 4.9160e+01, PSNR_Stego: 4.5876e+01
26-08-19 03:38:30.084 - INFO: <epoch: 26, iter: 431,100, lr:1.563e-06> l_back_rec: 3.5199e+02 l_forw_fit: 2.8196e+02 l_mi: 1.0000e+00 l_h: 4.8219e+03 
26-08-19 03:39:15.873 - INFO: <epoch: 26, iter: 431,200, lr:1.563e-06> l_back_rec: 3.6508e+02 l_forw_fit: 3.1887e+02 l_mi: 1.0000e+00 l_h: 5.0432e+03 
26-08-19 03:40:02.299 - INFO: <epoch: 26, iter: 431,300, lr:1.563e-06> l_back_rec: 3.8398e+02 l_forw_fit: 3.4584e+02 l_mi: 1.0000e+00 l_h: 5.0967e+03 
26-08-19 03:40:48.431 - INFO: <epoch: 26, iter: 431,400, lr:1.563e-06> l_back_rec: 4.0648e+02 l_forw_fit: 3.2848e+02 l_mi: 1.0000e+00 l_h: 5.2279e+03 
26-08-19 03:41:34.815 - INFO: <epoch: 26, iter: 431,500, lr:1.563e-06> l_back_rec: 3.4904e+02 l_forw_fit: 3.2325e+02 l_mi: 1.0000e+00 l_h: 4.7970e+03 
26-08-19 03:42:20.822 - INFO: <epoch: 26, iter: 431,600, lr:1.563e-06> l_back_rec: 3.7178e+02 l_forw_fit: 4.2915e+02 l_mi: 1.0000e+00 l_h: 6.2377e+03 
26-08-19 03:43:06.901 - INFO: <epoch: 26, iter: 431,700, lr:1.563e-06> l_back_rec: 3.8143e+02 l_forw_fit: 2.9819e+02 l_mi: 1.0000e+00 l_h: 4.8721e+03 
26-08-19 03:43:52.932 - INFO: <epoch: 26, iter: 431,800, lr:1.563e-06> l_back_rec: 3.7282e+02 l_forw_fit: 3.4628e+02 l_mi: 1.0000e+00 l_h: 5.3252e+03 
26-08-19 03:44:39.125 - INFO: <epoch: 26, iter: 431,900, lr:1.563e-06> l_back_rec: 3.6949e+02 l_forw_fit: 3.2211e+02 l_mi: 1.0000e+00 l_h: 4.9538e+03 
26-08-19 03:45:25.638 - INFO: <epoch: 26, iter: 432,000, lr:1.563e-06> l_back_rec: 3.4886e+02 l_forw_fit: 2.1126e+02 l_mi: 1.0000e+00 l_h: 3.7350e+03 
26-08-19 03:46:01.478 - INFO: # Validation # PSNR_Cover: 5.2285e+01, PSNR_Secret: 4.9136e+01, PSNR_Stego: 4.5856e+01
26-08-19 03:46:47.697 - INFO: <epoch: 26, iter: 432,100, lr:1.563e-06> l_back_rec: 4.0377e+02 l_forw_fit: 5.6637e+02 l_mi: 1.0000e+00 l_h: 5.7264e+03 
26-08-19 03:47:33.957 - INFO: <epoch: 26, iter: 432,200, lr:1.563e-06> l_back_rec: 4.3006e+02 l_forw_fit: 3.8732e+02 l_mi: 1.0000e+00 l_h: 5.6847e+03 
26-08-19 03:48:20.016 - INFO: <epoch: 26, iter: 432,300, lr:1.563e-06> l_back_rec: 4.0450e+02 l_forw_fit: 3.4063e+02 l_mi: 1.0000e+00 l_h: 5.0327e+03 
26-08-19 03:49:06.207 - INFO: <epoch: 26, iter: 432,400, lr:1.563e-06> l_back_rec: 4.2242e+02 l_forw_fit: 3.4152e+02 l_mi: 1.0000e+00 l_h: 5.1018e+03 
26-08-19 03:49:52.284 - INFO: <epoch: 26, iter: 432,500, lr:1.563e-06> l_back_rec: 4.3518e+02 l_forw_fit: 5.4374e+02 l_mi: 1.0000e+00 l_h: 6.7620e+03 
26-08-19 03:50:38.631 - INFO: <epoch: 26, iter: 432,600, lr:1.563e-06> l_back_rec: 3.4326e+02 l_forw_fit: 1.6072e+02 l_mi: 1.0000e+00 l_h: 3.5097e+03 
26-08-19 03:51:24.902 - INFO: <epoch: 26, iter: 432,700, lr:1.563e-06> l_back_rec: 3.9811e+02 l_forw_fit: 4.1507e+02 l_mi: 1.0000e+00 l_h: 5.4616e+03 
26-08-19 03:52:11.048 - INFO: <epoch: 26, iter: 432,800, lr:1.563e-06> l_back_rec: 3.6013e+02 l_forw_fit: 3.6595e+02 l_mi: 1.0000e+00 l_h: 5.3817e+03 
26-08-19 03:52:57.198 - INFO: <epoch: 26, iter: 432,900, lr:1.563e-06> l_back_rec: 3.9474e+02 l_forw_fit: 2.7903e+02 l_mi: 1.0000e+00 l_h: 4.7272e+03 
26-08-19 03:53:43.351 - INFO: <epoch: 26, iter: 433,000, lr:1.563e-06> l_back_rec: 3.9153e+02 l_forw_fit: 2.7561e+02 l_mi: 1.0000e+00 l_h: 4.7467e+03 
26-08-19 03:54:19.540 - INFO: # Validation # PSNR_Cover: 5.2300e+01, PSNR_Secret: 4.9141e+01, PSNR_Stego: 4.5911e+01
26-08-19 03:55:05.672 - INFO: <epoch: 26, iter: 433,100, lr:1.563e-06> l_back_rec: 4.5873e+02 l_forw_fit: 3.7054e+02 l_mi: 1.0000e+00 l_h: 5.4585e+03 
26-08-19 03:55:51.499 - INFO: <epoch: 26, iter: 433,200, lr:1.563e-06> l_back_rec: 3.7825e+02 l_forw_fit: 3.5656e+02 l_mi: 1.0000e+00 l_h: 5.5344e+03 
26-08-19 03:56:37.520 - INFO: <epoch: 26, iter: 433,300, lr:1.563e-06> l_back_rec: 4.2642e+02 l_forw_fit: 3.6953e+02 l_mi: 1.0000e+00 l_h: 5.4308e+03 
26-08-19 03:57:23.285 - INFO: <epoch: 26, iter: 433,400, lr:1.563e-06> l_back_rec: 4.0289e+02 l_forw_fit: 3.1846e+02 l_mi: 1.0000e+00 l_h: 5.1114e+03 
26-08-19 03:58:09.148 - INFO: <epoch: 26, iter: 433,500, lr:1.563e-06> l_back_rec: 3.9475e+02 l_forw_fit: 5.3942e+02 l_mi: 1.0000e+00 l_h: 6.0773e+03 
26-08-19 03:58:55.190 - INFO: <epoch: 26, iter: 433,600, lr:1.563e-06> l_back_rec: 3.7417e+02 l_forw_fit: 2.4385e+02 l_mi: 1.0000e+00 l_h: 4.5156e+03 
26-08-19 03:59:41.119 - INFO: <epoch: 26, iter: 433,700, lr:1.563e-06> l_back_rec: 3.8495e+02 l_forw_fit: 2.2846e+02 l_mi: 1.0000e+00 l_h: 3.9645e+03 
26-08-19 04:00:27.326 - INFO: <epoch: 26, iter: 433,800, lr:1.563e-06> l_back_rec: 3.5055e+02 l_forw_fit: 2.4963e+02 l_mi: 1.0000e+00 l_h: 4.2076e+03 
26-08-19 04:01:13.303 - INFO: <epoch: 26, iter: 433,900, lr:1.563e-06> l_back_rec: 4.7362e+02 l_forw_fit: 5.3711e+02 l_mi: 1.0000e+00 l_h: 6.7710e+03 
26-08-19 04:01:59.438 - INFO: <epoch: 26, iter: 434,000, lr:1.563e-06> l_back_rec: 4.5852e+02 l_forw_fit: 4.8942e+02 l_mi: 1.0000e+00 l_h: 6.0656e+03 
26-08-19 04:02:35.575 - INFO: # Validation # PSNR_Cover: 5.2256e+01, PSNR_Secret: 4.9171e+01, PSNR_Stego: 4.5852e+01
26-08-19 04:03:21.835 - INFO: <epoch: 26, iter: 434,100, lr:1.563e-06> l_back_rec: 3.4365e+02 l_forw_fit: 2.6018e+02 l_mi: 1.0000e+00 l_h: 4.5135e+03 
26-08-19 04:04:08.063 - INFO: <epoch: 26, iter: 434,200, lr:1.563e-06> l_back_rec: 3.4937e+02 l_forw_fit: 2.1501e+02 l_mi: 1.0000e+00 l_h: 4.1069e+03 
26-08-19 04:04:54.300 - INFO: <epoch: 26, iter: 434,300, lr:1.563e-06> l_back_rec: 4.3116e+02 l_forw_fit: 5.6668e+02 l_mi: 1.0000e+00 l_h: 5.9537e+03 
26-08-19 04:05:40.387 - INFO: <epoch: 26, iter: 434,400, lr:1.563e-06> l_back_rec: 3.9148e+02 l_forw_fit: 3.3184e+02 l_mi: 1.0000e+00 l_h: 5.3468e+03 
26-08-19 04:06:26.509 - INFO: <epoch: 26, iter: 434,500, lr:1.563e-06> l_back_rec: 4.8381e+02 l_forw_fit: 7.2570e+02 l_mi: 1.0000e+00 l_h: 8.0720e+03 
26-08-19 04:07:12.674 - INFO: <epoch: 26, iter: 434,600, lr:1.563e-06> l_back_rec: 3.8219e+02 l_forw_fit: 3.4872e+02 l_mi: 1.0000e+00 l_h: 5.1019e+03 
26-08-19 04:07:58.775 - INFO: <epoch: 26, iter: 434,700, lr:1.563e-06> l_back_rec: 3.5583e+02 l_forw_fit: 2.2820e+02 l_mi: 1.0000e+00 l_h: 4.2369e+03 
26-08-19 04:08:44.609 - INFO: <epoch: 26, iter: 434,800, lr:1.563e-06> l_back_rec: 3.6064e+02 l_forw_fit: 2.5537e+02 l_mi: 1.0000e+00 l_h: 4.3973e+03 
26-08-19 04:09:30.684 - INFO: <epoch: 26, iter: 434,900, lr:1.563e-06> l_back_rec: 3.6716e+02 l_forw_fit: 3.9074e+02 l_mi: 1.0000e+00 l_h: 5.6171e+03 
26-08-19 04:10:16.430 - INFO: <epoch: 26, iter: 435,000, lr:1.563e-06> l_back_rec: 3.4246e+02 l_forw_fit: 2.7866e+02 l_mi: 1.0000e+00 l_h: 4.5706e+03 
26-08-19 04:10:52.484 - INFO: # Validation # PSNR_Cover: 5.2236e+01, PSNR_Secret: 4.9174e+01, PSNR_Stego: 4.5842e+01
26-08-19 04:10:52.485 - INFO: Saving models and training states.
26-08-19 04:11:38.938 - INFO: <epoch: 26, iter: 435,100, lr:1.563e-06> l_back_rec: 4.3888e+02 l_forw_fit: 4.5805e+02 l_mi: 1.0000e+00 l_h: 6.4485e+03 
26-08-19 04:12:24.938 - INFO: <epoch: 26, iter: 435,200, lr:1.563e-06> l_back_rec: 4.3604e+02 l_forw_fit: 3.9340e+02 l_mi: 1.0000e+00 l_h: 5.5326e+03 
26-08-19 04:13:10.864 - INFO: <epoch: 26, iter: 435,300, lr:1.563e-06> l_back_rec: 4.2569e+02 l_forw_fit: 6.2652e+02 l_mi: 1.0000e+00 l_h: 6.4284e+03 
26-08-19 04:13:56.757 - INFO: <epoch: 26, iter: 435,400, lr:1.563e-06> l_back_rec: 3.6013e+02 l_forw_fit: 3.9200e+02 l_mi: 1.0000e+00 l_h: 5.8042e+03 
26-08-19 04:14:42.655 - INFO: <epoch: 26, iter: 435,500, lr:1.563e-06> l_back_rec: 3.5938e+02 l_forw_fit: 3.4199e+02 l_mi: 1.0000e+00 l_h: 5.3499e+03 
26-08-19 04:15:28.872 - INFO: <epoch: 26, iter: 435,600, lr:1.563e-06> l_back_rec: 4.2632e+02 l_forw_fit: 3.5125e+02 l_mi: 1.0000e+00 l_h: 5.5689e+03 
26-08-19 04:16:14.834 - INFO: <epoch: 26, iter: 435,700, lr:1.563e-06> l_back_rec: 3.8959e+02 l_forw_fit: 3.4794e+02 l_mi: 1.0000e+00 l_h: 5.2260e+03 
26-08-19 04:17:01.127 - INFO: <epoch: 26, iter: 435,800, lr:1.563e-06> l_back_rec: 3.8419e+02 l_forw_fit: 3.8346e+02 l_mi: 1.0000e+00 l_h: 5.4156e+03 
26-08-19 04:17:47.053 - INFO: <epoch: 26, iter: 435,900, lr:1.563e-06> l_back_rec: 3.9874e+02 l_forw_fit: 4.7455e+02 l_mi: 1.0000e+00 l_h: 5.6876e+03 
26-08-19 04:18:33.375 - INFO: <epoch: 26, iter: 436,000, lr:1.563e-06> l_back_rec: 3.7697e+02 l_forw_fit: 3.2819e+02 l_mi: 1.0000e+00 l_h: 4.8612e+03 
26-08-19 04:19:10.162 - INFO: # Validation # PSNR_Cover: 5.2245e+01, PSNR_Secret: 4.9143e+01, PSNR_Stego: 4.5911e+01
26-08-19 04:19:55.739 - INFO: <epoch: 26, iter: 436,100, lr:1.563e-06> l_back_rec: 4.0870e+02 l_forw_fit: 4.2947e+02 l_mi: 1.0000e+00 l_h: 6.0144e+03 
26-08-19 04:21:55.155 - INFO: <epoch: 27, iter: 436,200, lr:1.563e-06> l_back_rec: 3.9862e+02 l_forw_fit: 3.8113e+02 l_mi: 1.0000e+00 l_h: 5.6842e+03 
26-08-19 04:22:44.296 - INFO: <epoch: 27, iter: 436,300, lr:1.563e-06> l_back_rec: 3.8080e+02 l_forw_fit: 4.6030e+02 l_mi: 1.0000e+00 l_h: 5.2126e+03 
26-08-19 04:23:34.872 - INFO: <epoch: 27, iter: 436,400, lr:1.563e-06> l_back_rec: 3.8085e+02 l_forw_fit: 3.2447e+02 l_mi: 1.0000e+00 l_h: 4.8973e+03 
26-08-19 04:24:22.282 - INFO: <epoch: 27, iter: 436,500, lr:1.563e-06> l_back_rec: 3.8150e+02 l_forw_fit: 5.0649e+02 l_mi: 1.0000e+00 l_h: 6.3666e+03 
26-08-19 04:25:11.042 - INFO: <epoch: 27, iter: 436,600, lr:1.563e-06> l_back_rec: 4.4389e+02 l_forw_fit: 4.6578e+02 l_mi: 1.0000e+00 l_h: 5.9016e+03 
26-08-19 04:25:58.429 - INFO: <epoch: 27, iter: 436,700, lr:1.563e-06> l_back_rec: 3.8984e+02 l_forw_fit: 3.4540e+02 l_mi: 1.0000e+00 l_h: 4.9200e+03 
26-08-19 04:26:45.554 - INFO: <epoch: 27, iter: 436,800, lr:1.563e-06> l_back_rec: 4.0205e+02 l_forw_fit: 4.0802e+02 l_mi: 1.0000e+00 l_h: 5.4743e+03 
26-08-19 04:27:32.350 - INFO: <epoch: 27, iter: 436,900, lr:1.563e-06> l_back_rec: 3.6772e+02 l_forw_fit: 2.8037e+02 l_mi: 1.0000e+00 l_h: 4.5411e+03 
26-08-19 04:28:19.371 - INFO: <epoch: 27, iter: 437,000, lr:1.563e-06> l_back_rec: 4.3620e+02 l_forw_fit: 4.0659e+02 l_mi: 1.0000e+00 l_h: 6.1203e+03 
26-08-19 04:29:03.877 - INFO: # Validation # PSNR_Cover: 5.2217e+01, PSNR_Secret: 4.9125e+01, PSNR_Stego: 4.5912e+01
26-08-19 04:29:52.104 - INFO: <epoch: 27, iter: 437,100, lr:1.563e-06> l_back_rec: 4.0119e+02 l_forw_fit: 3.1675e+02 l_mi: 1.0000e+00 l_h: 4.8855e+03 
26-08-19 04:30:39.437 - INFO: <epoch: 27, iter: 437,200, lr:1.563e-06> l_back_rec: 3.7870e+02 l_forw_fit: 3.7323e+02 l_mi: 1.0000e+00 l_h: 5.1029e+03 
26-08-19 04:31:26.592 - INFO: <epoch: 27, iter: 437,300, lr:1.563e-06> l_back_rec: 3.7578e+02 l_forw_fit: 2.0290e+02 l_mi: 1.0000e+00 l_h: 3.9444e+03 
26-08-19 04:32:14.393 - INFO: <epoch: 27, iter: 437,400, lr:1.563e-06> l_back_rec: 3.5968e+02 l_forw_fit: 3.3731e+02 l_mi: 1.0000e+00 l_h: 4.9579e+03 
26-08-19 04:33:01.565 - INFO: <epoch: 27, iter: 437,500, lr:1.563e-06> l_back_rec: 3.8433e+02 l_forw_fit: 3.5072e+02 l_mi: 1.0000e+00 l_h: 5.5416e+03 
26-08-19 04:33:48.414 - INFO: <epoch: 27, iter: 437,600, lr:1.563e-06> l_back_rec: 3.7697e+02 l_forw_fit: 3.3177e+02 l_mi: 1.0000e+00 l_h: 5.0841e+03 
26-08-19 04:34:35.279 - INFO: <epoch: 27, iter: 437,700, lr:1.563e-06> l_back_rec: 3.4220e+02 l_forw_fit: 2.8970e+02 l_mi: 1.0000e+00 l_h: 4.6338e+03 
26-08-19 04:35:21.816 - INFO: <epoch: 27, iter: 437,800, lr:1.563e-06> l_back_rec: 4.3340e+02 l_forw_fit: 4.3111e+02 l_mi: 1.0000e+00 l_h: 6.0453e+03 
26-08-19 04:36:08.353 - INFO: <epoch: 27, iter: 437,900, lr:1.563e-06> l_back_rec: 4.3137e+02 l_forw_fit: 6.3934e+02 l_mi: 1.0000e+00 l_h: 7.0239e+03 
26-08-19 04:36:55.044 - INFO: <epoch: 27, iter: 438,000, lr:1.563e-06> l_back_rec: 3.8003e+02 l_forw_fit: 4.6666e+02 l_mi: 1.0000e+00 l_h: 6.4497e+03 
26-08-19 04:37:31.427 - INFO: # Validation # PSNR_Cover: 5.2270e+01, PSNR_Secret: 4.9160e+01, PSNR_Stego: 4.5852e+01
26-08-19 04:38:17.767 - INFO: <epoch: 27, iter: 438,100, lr:1.563e-06> l_back_rec: 3.7036e+02 l_forw_fit: 2.6205e+02 l_mi: 1.0000e+00 l_h: 4.7043e+03 
26-08-19 04:39:04.257 - INFO: <epoch: 27, iter: 438,200, lr:1.563e-06> l_back_rec: 3.3598e+02 l_forw_fit: 2.6039e+02 l_mi: 1.0000e+00 l_h: 4.6987e+03 
26-08-19 04:39:50.554 - INFO: <epoch: 27, iter: 438,300, lr:1.563e-06> l_back_rec: 4.1913e+02 l_forw_fit: 3.6736e+02 l_mi: 1.0000e+00 l_h: 5.4161e+03 
26-08-19 04:40:37.050 - INFO: <epoch: 27, iter: 438,400, lr:1.563e-06> l_back_rec: 3.6119e+02 l_forw_fit: 3.5379e+02 l_mi: 1.0000e+00 l_h: 5.2641e+03 
26-08-19 04:41:23.380 - INFO: <epoch: 27, iter: 438,500, lr:1.563e-06> l_back_rec: 4.4267e+02 l_forw_fit: 4.4161e+02 l_mi: 1.0000e+00 l_h: 6.3766e+03 
26-08-19 04:42:10.043 - INFO: <epoch: 27, iter: 438,600, lr:1.563e-06> l_back_rec: 3.8984e+02 l_forw_fit: 3.0447e+02 l_mi: 1.0000e+00 l_h: 4.7637e+03 
26-08-19 04:42:57.727 - INFO: <epoch: 27, iter: 438,700, lr:1.563e-06> l_back_rec: 3.8285e+02 l_forw_fit: 4.2250e+02 l_mi: 1.0000e+00 l_h: 5.4964e+03 
26-08-19 04:43:43.887 - INFO: <epoch: 27, iter: 438,800, lr:1.563e-06> l_back_rec: 4.2438e+02 l_forw_fit: 4.2916e+02 l_mi: 1.0000e+00 l_h: 5.8843e+03 
26-08-19 04:44:30.293 - INFO: <epoch: 27, iter: 438,900, lr:1.563e-06> l_back_rec: 3.7820e+02 l_forw_fit: 2.5782e+02 l_mi: 1.0000e+00 l_h: 4.4797e+03 
26-08-19 04:45:16.680 - INFO: <epoch: 27, iter: 439,000, lr:1.563e-06> l_back_rec: 3.5271e+02 l_forw_fit: 3.2538e+02 l_mi: 1.0000e+00 l_h: 4.9264e+03 
26-08-19 04:45:52.894 - INFO: # Validation # PSNR_Cover: 5.2259e+01, PSNR_Secret: 4.9160e+01, PSNR_Stego: 4.5855e+01
26-08-19 04:46:39.196 - INFO: <epoch: 27, iter: 439,100, lr:1.563e-06> l_back_rec: 3.6263e+02 l_forw_fit: 2.6664e+02 l_mi: 1.0000e+00 l_h: 4.6760e+03 
26-08-19 04:47:25.528 - INFO: <epoch: 27, iter: 439,200, lr:1.563e-06> l_back_rec: 3.6676e+02 l_forw_fit: 2.8181e+02 l_mi: 1.0000e+00 l_h: 4.4923e+03 
26-08-19 04:48:11.623 - INFO: <epoch: 27, iter: 439,300, lr:1.563e-06> l_back_rec: 3.6136e+02 l_forw_fit: 3.2808e+02 l_mi: 1.0000e+00 l_h: 5.2158e+03 
26-08-19 04:48:57.929 - INFO: <epoch: 27, iter: 439,400, lr:1.563e-06> l_back_rec: 3.6827e+02 l_forw_fit: 3.8481e+02 l_mi: 1.0000e+00 l_h: 5.6405e+03 
26-08-19 04:49:44.224 - INFO: <epoch: 27, iter: 439,500, lr:1.563e-06> l_back_rec: 4.2483e+02 l_forw_fit: 3.7455e+02 l_mi: 1.0000e+00 l_h: 5.6394e+03 
26-08-19 04:50:30.434 - INFO: <epoch: 27, iter: 439,600, lr:1.563e-06> l_back_rec: 4.6794e+02 l_forw_fit: 3.4195e+02 l_mi: 1.0000e+00 l_h: 5.2180e+03 
26-08-19 04:51:16.756 - INFO: <epoch: 27, iter: 439,700, lr:1.563e-06> l_back_rec: 3.2164e+02 l_forw_fit: 2.1569e+02 l_mi: 1.0000e+00 l_h: 4.0435e+03 
26-08-19 04:52:03.301 - INFO: <epoch: 27, iter: 439,800, lr:1.563e-06> l_back_rec: 3.4295e+02 l_forw_fit: 2.2187e+02 l_mi: 1.0000e+00 l_h: 4.0026e+03 
26-08-19 04:52:49.517 - INFO: <epoch: 27, iter: 439,900, lr:1.563e-06> l_back_rec: 4.0327e+02 l_forw_fit: 3.8520e+02 l_mi: 1.0000e+00 l_h: 5.5137e+03 
26-08-19 04:53:35.899 - INFO: <epoch: 27, iter: 440,000, lr:1.563e-06> l_back_rec: 4.1698e+02 l_forw_fit: 4.4698e+02 l_mi: 1.0000e+00 l_h: 6.2302e+03 
26-08-19 04:54:12.056 - INFO: # Validation # PSNR_Cover: 5.2275e+01, PSNR_Secret: 4.9151e+01, PSNR_Stego: 4.5908e+01
26-08-19 04:54:12.056 - INFO: Saving models and training states.
26-08-19 04:54:58.939 - INFO: <epoch: 27, iter: 440,100, lr:1.563e-06> l_back_rec: 3.8425e+02 l_forw_fit: 3.5759e+02 l_mi: 1.0000e+00 l_h: 5.3189e+03 
26-08-19 04:55:45.024 - INFO: <epoch: 27, iter: 440,200, lr:1.563e-06> l_back_rec: 4.1964e+02 l_forw_fit: 4.3789e+02 l_mi: 1.0000e+00 l_h: 6.3461e+03 
26-08-19 04:56:31.367 - INFO: <epoch: 27, iter: 440,300, lr:1.563e-06> l_back_rec: 4.0795e+02 l_forw_fit: 4.2483e+02 l_mi: 1.0000e+00 l_h: 6.1710e+03 
26-08-19 04:57:17.219 - INFO: <epoch: 27, iter: 440,400, lr:1.563e-06> l_back_rec: 3.7530e+02 l_forw_fit: 3.7974e+02 l_mi: 1.0000e+00 l_h: 5.5367e+03 
26-08-19 04:58:03.755 - INFO: <epoch: 27, iter: 440,500, lr:1.563e-06> l_back_rec: 3.5443e+02 l_forw_fit: 3.5895e+02 l_mi: 1.0000e+00 l_h: 5.4129e+03 
26-08-19 04:58:50.135 - INFO: <epoch: 27, iter: 440,600, lr:1.563e-06> l_back_rec: 3.8533e+02 l_forw_fit: 2.8880e+02 l_mi: 1.0000e+00 l_h: 4.6753e+03 
26-08-19 04:59:36.647 - INFO: <epoch: 27, iter: 440,700, lr:1.563e-06> l_back_rec: 4.9960e+02 l_forw_fit: 4.8257e+02 l_mi: 1.0000e+00 l_h: 5.5186e+03 
26-08-19 05:00:22.804 - INFO: <epoch: 27, iter: 440,800, lr:1.563e-06> l_back_rec: 4.8309e+02 l_forw_fit: 5.8370e+02 l_mi: 1.0000e+00 l_h: 6.6024e+03 
26-08-19 05:01:09.208 - INFO: <epoch: 27, iter: 440,900, lr:1.563e-06> l_back_rec: 3.9507e+02 l_forw_fit: 3.8363e+02 l_mi: 1.0000e+00 l_h: 5.5260e+03 
26-08-19 05:01:55.479 - INFO: <epoch: 27, iter: 441,000, lr:1.563e-06> l_back_rec: 3.6595e+02 l_forw_fit: 3.1738e+02 l_mi: 1.0000e+00 l_h: 4.7890e+03 
26-08-19 05:02:31.844 - INFO: # Validation # PSNR_Cover: 5.2265e+01, PSNR_Secret: 4.9152e+01, PSNR_Stego: 4.5892e+01
26-08-19 05:03:18.071 - INFO: <epoch: 27, iter: 441,100, lr:1.563e-06> l_back_rec: 5.1553e+02 l_forw_fit: 5.5230e+02 l_mi: 1.0000e+00 l_h: 7.2567e+03 
26-08-19 05:04:04.490 - INFO: <epoch: 27, iter: 441,200, lr:1.563e-06> l_back_rec: 4.4175e+02 l_forw_fit: 4.9589e+02 l_mi: 1.0000e+00 l_h: 6.7643e+03 
26-08-19 05:04:51.022 - INFO: <epoch: 27, iter: 441,300, lr:1.563e-06> l_back_rec: 4.1937e+02 l_forw_fit: 4.5600e+02 l_mi: 1.0000e+00 l_h: 6.2407e+03 
26-08-19 05:05:37.451 - INFO: <epoch: 27, iter: 441,400, lr:1.563e-06> l_back_rec: 3.7137e+02 l_forw_fit: 2.6306e+02 l_mi: 1.0000e+00 l_h: 4.5843e+03 
26-08-19 05:06:23.644 - INFO: <epoch: 27, iter: 441,500, lr:1.563e-06> l_back_rec: 4.1632e+02 l_forw_fit: 4.2713e+02 l_mi: 1.0000e+00 l_h: 5.9795e+03 
26-08-19 05:07:10.215 - INFO: <epoch: 27, iter: 441,600, lr:1.563e-06> l_back_rec: 3.9281e+02 l_forw_fit: 4.2165e+02 l_mi: 1.0000e+00 l_h: 5.8063e+03 
26-08-19 05:07:56.632 - INFO: <epoch: 27, iter: 441,700, lr:1.563e-06> l_back_rec: 3.9830e+02 l_forw_fit: 4.4438e+02 l_mi: 1.0000e+00 l_h: 5.9232e+03 
26-08-19 05:08:43.030 - INFO: <epoch: 27, iter: 441,800, lr:1.563e-06> l_back_rec: 4.0548e+02 l_forw_fit: 4.9363e+02 l_mi: 1.0000e+00 l_h: 6.0786e+03 
26-08-19 05:09:29.553 - INFO: <epoch: 27, iter: 441,900, lr:1.563e-06> l_back_rec: 4.0351e+02 l_forw_fit: 3.9211e+02 l_mi: 1.0000e+00 l_h: 5.8892e+03 
26-08-19 05:10:16.146 - INFO: <epoch: 27, iter: 442,000, lr:1.563e-06> l_back_rec: 3.5284e+02 l_forw_fit: 2.9616e+02 l_mi: 1.0000e+00 l_h: 4.9105e+03 
26-08-19 05:10:52.162 - INFO: # Validation # PSNR_Cover: 5.2265e+01, PSNR_Secret: 4.9191e+01, PSNR_Stego: 4.5850e+01
26-08-19 05:11:38.962 - INFO: <epoch: 27, iter: 442,100, lr:1.563e-06> l_back_rec: 4.3597e+02 l_forw_fit: 3.4725e+02 l_mi: 1.0000e+00 l_h: 4.9822e+03 
26-08-19 05:12:25.328 - INFO: <epoch: 27, iter: 442,200, lr:1.563e-06> l_back_rec: 3.5944e+02 l_forw_fit: 2.7353e+02 l_mi: 1.0000e+00 l_h: 4.7760e+03 
26-08-19 05:13:11.694 - INFO: <epoch: 27, iter: 442,300, lr:1.563e-06> l_back_rec: 4.5889e+02 l_forw_fit: 5.2741e+02 l_mi: 1.0000e+00 l_h: 7.5968e+03 
26-08-19 05:13:58.020 - INFO: <epoch: 27, iter: 442,400, lr:1.563e-06> l_back_rec: 4.6644e+02 l_forw_fit: 5.8615e+02 l_mi: 1.0000e+00 l_h: 7.9490e+03 
26-08-19 05:14:44.475 - INFO: <epoch: 27, iter: 442,500, lr:1.563e-06> l_back_rec: 3.9120e+02 l_forw_fit: 3.1645e+02 l_mi: 1.0000e+00 l_h: 4.8877e+03 
26-08-19 05:15:31.166 - INFO: <epoch: 27, iter: 442,600, lr:1.563e-06> l_back_rec: 3.8761e+02 l_forw_fit: 3.8212e+02 l_mi: 1.0000e+00 l_h: 5.2173e+03 
26-08-19 05:16:17.498 - INFO: <epoch: 27, iter: 442,700, lr:1.563e-06> l_back_rec: 3.6559e+02 l_forw_fit: 3.4189e+02 l_mi: 1.0000e+00 l_h: 5.1833e+03 
26-08-19 05:17:04.141 - INFO: <epoch: 27, iter: 442,800, lr:1.563e-06> l_back_rec: 4.1193e+02 l_forw_fit: 3.2969e+02 l_mi: 1.0000e+00 l_h: 5.2116e+03 
26-08-19 05:17:50.501 - INFO: <epoch: 27, iter: 442,900, lr:1.563e-06> l_back_rec: 4.3347e+02 l_forw_fit: 3.5589e+02 l_mi: 1.0000e+00 l_h: 5.6851e+03 
26-08-19 05:18:37.220 - INFO: <epoch: 27, iter: 443,000, lr:1.563e-06> l_back_rec: 4.1756e+02 l_forw_fit: 3.3437e+02 l_mi: 1.0000e+00 l_h: 5.1641e+03 
26-08-19 05:19:14.082 - INFO: # Validation # PSNR_Cover: 5.2289e+01, PSNR_Secret: 4.9123e+01, PSNR_Stego: 4.5942e+01
26-08-19 05:20:00.467 - INFO: <epoch: 27, iter: 443,100, lr:1.563e-06> l_back_rec: 3.9234e+02 l_forw_fit: 3.5187e+02 l_mi: 1.0000e+00 l_h: 5.3960e+03 
26-08-19 05:20:46.610 - INFO: <epoch: 27, iter: 443,200, lr:1.563e-06> l_back_rec: 3.9427e+02 l_forw_fit: 3.5077e+02 l_mi: 1.0000e+00 l_h: 4.6684e+03 
26-08-19 05:21:33.242 - INFO: <epoch: 27, iter: 443,300, lr:1.563e-06> l_back_rec: 4.0453e+02 l_forw_fit: 3.3342e+02 l_mi: 1.0000e+00 l_h: 5.3067e+03 
26-08-19 05:22:19.674 - INFO: <epoch: 27, iter: 443,400, lr:1.563e-06> l_back_rec: 4.0271e+02 l_forw_fit: 3.6271e+02 l_mi: 1.0000e+00 l_h: 5.8651e+03 
26-08-19 05:23:06.180 - INFO: <epoch: 27, iter: 443,500, lr:1.563e-06> l_back_rec: 4.2514e+02 l_forw_fit: 2.9248e+02 l_mi: 1.0000e+00 l_h: 4.5678e+03 
26-08-19 05:23:52.492 - INFO: <epoch: 27, iter: 443,600, lr:1.563e-06> l_back_rec: 3.3870e+02 l_forw_fit: 3.4394e+02 l_mi: 1.0000e+00 l_h: 5.3645e+03 
26-08-19 05:24:38.912 - INFO: <epoch: 27, iter: 443,700, lr:1.563e-06> l_back_rec: 3.8088e+02 l_forw_fit: 3.5718e+02 l_mi: 1.0000e+00 l_h: 5.3943e+03 
26-08-19 05:25:25.193 - INFO: <epoch: 27, iter: 443,800, lr:1.563e-06> l_back_rec: 4.2058e+02 l_forw_fit: 6.9459e+02 l_mi: 1.0000e+00 l_h: 6.2440e+03 
26-08-19 05:26:11.574 - INFO: <epoch: 27, iter: 443,900, lr:1.563e-06> l_back_rec: 3.7999e+02 l_forw_fit: 2.9123e+02 l_mi: 1.0000e+00 l_h: 4.5633e+03 
26-08-19 05:26:57.803 - INFO: <epoch: 27, iter: 444,000, lr:1.563e-06> l_back_rec: 3.9135e+02 l_forw_fit: 7.1150e+02 l_mi: 1.0000e+00 l_h: 6.3814e+03 
26-08-19 05:27:33.670 - INFO: # Validation # PSNR_Cover: 5.2267e+01, PSNR_Secret: 4.9155e+01, PSNR_Stego: 4.5889e+01
26-08-19 05:28:19.964 - INFO: <epoch: 27, iter: 444,100, lr:1.563e-06> l_back_rec: 3.8715e+02 l_forw_fit: 2.9679e+02 l_mi: 1.0000e+00 l_h: 5.2222e+03 
26-08-19 05:29:06.532 - INFO: <epoch: 27, iter: 444,200, lr:1.563e-06> l_back_rec: 4.0197e+02 l_forw_fit: 3.0891e+02 l_mi: 1.0000e+00 l_h: 4.8192e+03 
26-08-19 05:29:52.679 - INFO: <epoch: 27, iter: 444,300, lr:1.563e-06> l_back_rec: 3.6119e+02 l_forw_fit: 3.0418e+02 l_mi: 1.0000e+00 l_h: 4.6866e+03 
26-08-19 05:30:39.161 - INFO: <epoch: 27, iter: 444,400, lr:1.563e-06> l_back_rec: 3.5518e+02 l_forw_fit: 2.9922e+02 l_mi: 1.0000e+00 l_h: 4.8424e+03 
26-08-19 05:31:25.501 - INFO: <epoch: 27, iter: 444,500, lr:1.563e-06> l_back_rec: 3.9178e+02 l_forw_fit: 3.5227e+02 l_mi: 1.0000e+00 l_h: 5.1527e+03 
26-08-19 05:32:11.726 - INFO: <epoch: 27, iter: 444,600, lr:1.563e-06> l_back_rec: 3.5969e+02 l_forw_fit: 3.9860e+02 l_mi: 1.0000e+00 l_h: 4.9211e+03 
26-08-19 05:32:58.169 - INFO: <epoch: 27, iter: 444,700, lr:1.563e-06> l_back_rec: 3.5649e+02 l_forw_fit: 3.4486e+02 l_mi: 1.0000e+00 l_h: 5.2711e+03 
26-08-19 05:33:44.527 - INFO: <epoch: 27, iter: 444,800, lr:1.563e-06> l_back_rec: 3.9954e+02 l_forw_fit: 3.5010e+02 l_mi: 1.0000e+00 l_h: 5.1753e+03 
26-08-19 05:34:31.079 - INFO: <epoch: 27, iter: 444,900, lr:1.563e-06> l_back_rec: 3.5494e+02 l_forw_fit: 2.9360e+02 l_mi: 1.0000e+00 l_h: 4.5337e+03 
26-08-19 05:35:17.458 - INFO: <epoch: 27, iter: 445,000, lr:1.563e-06> l_back_rec: 3.9886e+02 l_forw_fit: 2.8565e+02 l_mi: 1.0000e+00 l_h: 4.5465e+03 
26-08-19 05:35:53.415 - INFO: # Validation # PSNR_Cover: 5.2266e+01, PSNR_Secret: 4.9100e+01, PSNR_Stego: 4.5914e+01
26-08-19 05:35:53.415 - INFO: Saving models and training states.
26-08-19 05:36:40.953 - INFO: <epoch: 27, iter: 445,100, lr:1.563e-06> l_back_rec: 3.4451e+02 l_forw_fit: 4.1719e+02 l_mi: 1.0000e+00 l_h: 5.5630e+03 
26-08-19 05:37:27.384 - INFO: <epoch: 27, iter: 445,200, lr:1.563e-06> l_back_rec: 4.0157e+02 l_forw_fit: 4.2297e+02 l_mi: 1.0000e+00 l_h: 6.0256e+03 
26-08-19 05:38:13.758 - INFO: <epoch: 27, iter: 445,300, lr:1.563e-06> l_back_rec: 3.8257e+02 l_forw_fit: 4.3007e+02 l_mi: 1.0000e+00 l_h: 6.4194e+03 
26-08-19 05:39:00.052 - INFO: <epoch: 27, iter: 445,400, lr:1.563e-06> l_back_rec: 3.7976e+02 l_forw_fit: 3.0392e+02 l_mi: 1.0000e+00 l_h: 4.8552e+03 
26-08-19 05:39:46.229 - INFO: <epoch: 27, iter: 445,500, lr:1.563e-06> l_back_rec: 4.0956e+02 l_forw_fit: 3.3014e+02 l_mi: 1.0000e+00 l_h: 5.1972e+03 
26-08-19 05:40:32.821 - INFO: <epoch: 27, iter: 445,600, lr:1.563e-06> l_back_rec: 3.8085e+02 l_forw_fit: 2.9424e+02 l_mi: 1.0000e+00 l_h: 4.8547e+03 
26-08-19 05:41:19.171 - INFO: <epoch: 27, iter: 445,700, lr:1.563e-06> l_back_rec: 4.0704e+02 l_forw_fit: 4.7675e+02 l_mi: 1.0000e+00 l_h: 6.7676e+03 
26-08-19 05:42:05.568 - INFO: <epoch: 27, iter: 445,800, lr:1.563e-06> l_back_rec: 3.4941e+02 l_forw_fit: 2.0525e+02 l_mi: 1.0000e+00 l_h: 3.8856e+03 
26-08-19 05:42:51.760 - INFO: <epoch: 27, iter: 445,900, lr:1.563e-06> l_back_rec: 3.6906e+02 l_forw_fit: 3.0798e+02 l_mi: 1.0000e+00 l_h: 4.6114e+03 
26-08-19 05:43:38.212 - INFO: <epoch: 27, iter: 446,000, lr:1.563e-06> l_back_rec: 4.4085e+02 l_forw_fit: 4.2739e+02 l_mi: 1.0000e+00 l_h: 6.5100e+03 
26-08-19 05:44:14.870 - INFO: # Validation # PSNR_Cover: 5.2244e+01, PSNR_Secret: 4.9152e+01, PSNR_Stego: 4.5888e+01
26-08-19 05:45:01.480 - INFO: <epoch: 27, iter: 446,100, lr:1.563e-06> l_back_rec: 5.0927e+02 l_forw_fit: 5.8367e+02 l_mi: 1.0000e+00 l_h: 6.3671e+03 
26-08-19 05:45:47.658 - INFO: <epoch: 27, iter: 446,200, lr:1.563e-06> l_back_rec: 3.7252e+02 l_forw_fit: 3.8026e+02 l_mi: 1.0000e+00 l_h: 5.6782e+03 
26-08-19 05:46:33.990 - INFO: <epoch: 27, iter: 446,300, lr:1.563e-06> l_back_rec: 4.0998e+02 l_forw_fit: 3.7366e+02 l_mi: 1.0000e+00 l_h: 5.4511e+03 
26-08-19 05:47:20.353 - INFO: <epoch: 27, iter: 446,400, lr:1.563e-06> l_back_rec: 3.8616e+02 l_forw_fit: 3.3613e+02 l_mi: 1.0000e+00 l_h: 5.2541e+03 
26-08-19 05:48:06.781 - INFO: <epoch: 27, iter: 446,500, lr:1.563e-06> l_back_rec: 4.2098e+02 l_forw_fit: 4.3438e+02 l_mi: 1.0000e+00 l_h: 5.7925e+03 
26-08-19 05:48:53.076 - INFO: <epoch: 27, iter: 446,600, lr:1.563e-06> l_back_rec: 3.5154e+02 l_forw_fit: 3.3841e+02 l_mi: 1.0000e+00 l_h: 5.2477e+03 
26-08-19 05:49:39.443 - INFO: <epoch: 27, iter: 446,700, lr:1.563e-06> l_back_rec: 3.9704e+02 l_forw_fit: 3.1687e+02 l_mi: 1.0000e+00 l_h: 4.8449e+03 
26-08-19 05:50:25.501 - INFO: <epoch: 27, iter: 446,800, lr:1.563e-06> l_back_rec: 3.9583e+02 l_forw_fit: 2.9985e+02 l_mi: 1.0000e+00 l_h: 5.1757e+03 
26-08-19 05:51:12.237 - INFO: <epoch: 27, iter: 446,900, lr:1.563e-06> l_back_rec: 3.9203e+02 l_forw_fit: 4.4465e+02 l_mi: 1.0000e+00 l_h: 6.1241e+03 
26-08-19 05:51:58.735 - INFO: <epoch: 27, iter: 447,000, lr:1.563e-06> l_back_rec: 3.9032e+02 l_forw_fit: 3.8835e+02 l_mi: 1.0000e+00 l_h: 5.6445e+03 
26-08-19 05:52:34.843 - INFO: # Validation # PSNR_Cover: 5.2234e+01, PSNR_Secret: 4.9171e+01, PSNR_Stego: 4.5823e+01
26-08-19 05:53:21.560 - INFO: <epoch: 27, iter: 447,100, lr:1.563e-06> l_back_rec: 3.8265e+02 l_forw_fit: 3.3150e+02 l_mi: 1.0000e+00 l_h: 4.7031e+03 
26-08-19 05:54:08.064 - INFO: <epoch: 27, iter: 447,200, lr:1.563e-06> l_back_rec: 4.0979e+02 l_forw_fit: 3.1932e+02 l_mi: 1.0000e+00 l_h: 4.9600e+03 
26-08-19 05:54:54.467 - INFO: <epoch: 27, iter: 447,300, lr:1.563e-06> l_back_rec: 3.5184e+02 l_forw_fit: 3.3100e+02 l_mi: 1.0000e+00 l_h: 5.2485e+03 
26-08-19 05:55:40.799 - INFO: <epoch: 27, iter: 447,400, lr:1.563e-06> l_back_rec: 4.1377e+02 l_forw_fit: 6.8022e+02 l_mi: 1.0000e+00 l_h: 6.7102e+03 
26-08-19 05:56:27.070 - INFO: <epoch: 27, iter: 447,500, lr:1.563e-06> l_back_rec: 4.0992e+02 l_forw_fit: 3.1792e+02 l_mi: 1.0000e+00 l_h: 4.9693e+03 
26-08-19 05:57:13.506 - INFO: <epoch: 27, iter: 447,600, lr:1.563e-06> l_back_rec: 3.6146e+02 l_forw_fit: 3.0899e+02 l_mi: 1.0000e+00 l_h: 5.1578e+03 
26-08-19 05:57:59.735 - INFO: <epoch: 27, iter: 447,700, lr:1.563e-06> l_back_rec: 3.8957e+02 l_forw_fit: 3.2607e+02 l_mi: 1.0000e+00 l_h: 5.1685e+03 
26-08-19 05:58:46.054 - INFO: <epoch: 27, iter: 447,800, lr:1.563e-06> l_back_rec: 3.8199e+02 l_forw_fit: 4.0817e+02 l_mi: 1.0000e+00 l_h: 5.6568e+03 
26-08-19 05:59:32.287 - INFO: <epoch: 27, iter: 447,900, lr:1.563e-06> l_back_rec: 3.8879e+02 l_forw_fit: 5.0804e+02 l_mi: 1.0000e+00 l_h: 6.6998e+03 
26-08-19 06:00:18.446 - INFO: <epoch: 27, iter: 448,000, lr:1.563e-06> l_back_rec: 3.7638e+02 l_forw_fit: 4.5950e+02 l_mi: 1.0000e+00 l_h: 5.9797e+03 
26-08-19 06:00:54.567 - INFO: # Validation # PSNR_Cover: 5.2267e+01, PSNR_Secret: 4.9156e+01, PSNR_Stego: 4.5870e+01
26-08-19 06:01:41.358 - INFO: <epoch: 27, iter: 448,100, lr:1.563e-06> l_back_rec: 3.6625e+02 l_forw_fit: 3.3550e+02 l_mi: 1.0000e+00 l_h: 5.2507e+03 
26-08-19 06:02:27.718 - INFO: <epoch: 27, iter: 448,200, lr:1.563e-06> l_back_rec: 3.3703e+02 l_forw_fit: 2.2809e+02 l_mi: 1.0000e+00 l_h: 4.1782e+03 
26-08-19 06:03:14.167 - INFO: <epoch: 27, iter: 448,300, lr:1.563e-06> l_back_rec: 4.0945e+02 l_forw_fit: 3.3106e+02 l_mi: 1.0000e+00 l_h: 5.0614e+03 
26-08-19 06:04:00.761 - INFO: <epoch: 27, iter: 448,400, lr:1.563e-06> l_back_rec: 4.4884e+02 l_forw_fit: 4.4598e+02 l_mi: 1.0000e+00 l_h: 6.5839e+03 
26-08-19 06:04:47.141 - INFO: <epoch: 27, iter: 448,500, lr:1.563e-06> l_back_rec: 3.6251e+02 l_forw_fit: 2.5632e+02 l_mi: 1.0000e+00 l_h: 4.4566e+03 
26-08-19 06:05:33.829 - INFO: <epoch: 27, iter: 448,600, lr:1.563e-06> l_back_rec: 3.5822e+02 l_forw_fit: 3.1064e+02 l_mi: 1.0000e+00 l_h: 5.1257e+03 
26-08-19 06:06:20.191 - INFO: <epoch: 27, iter: 448,700, lr:1.563e-06> l_back_rec: 3.9801e+02 l_forw_fit: 5.4950e+02 l_mi: 1.0000e+00 l_h: 6.4620e+03 
26-08-19 06:07:06.827 - INFO: <epoch: 27, iter: 448,800, lr:1.563e-06> l_back_rec: 5.0066e+02 l_forw_fit: 6.0786e+02 l_mi: 1.0000e+00 l_h: 7.1755e+03 
26-08-19 06:07:53.264 - INFO: <epoch: 27, iter: 448,900, lr:1.563e-06> l_back_rec: 4.1789e+02 l_forw_fit: 3.3544e+02 l_mi: 1.0000e+00 l_h: 5.7535e+03 
26-08-19 06:08:39.702 - INFO: <epoch: 27, iter: 449,000, lr:1.563e-06> l_back_rec: 3.9117e+02 l_forw_fit: 2.2887e+02 l_mi: 1.0000e+00 l_h: 4.2674e+03 
26-08-19 06:09:15.933 - INFO: # Validation # PSNR_Cover: 5.2266e+01, PSNR_Secret: 4.9130e+01, PSNR_Stego: 4.5875e+01
26-08-19 06:10:03.341 - INFO: <epoch: 27, iter: 449,100, lr:1.563e-06> l_back_rec: 4.0911e+02 l_forw_fit: 4.8806e+02 l_mi: 1.0000e+00 l_h: 5.7305e+03 
26-08-19 06:10:49.847 - INFO: <epoch: 27, iter: 449,200, lr:1.563e-06> l_back_rec: 3.5343e+02 l_forw_fit: 3.0151e+02 l_mi: 1.0000e+00 l_h: 4.6761e+03 
26-08-19 06:11:36.458 - INFO: <epoch: 27, iter: 449,300, lr:1.563e-06> l_back_rec: 4.3253e+02 l_forw_fit: 3.8508e+02 l_mi: 1.0000e+00 l_h: 5.9487e+03 
26-08-19 06:12:22.538 - INFO: <epoch: 27, iter: 449,400, lr:1.563e-06> l_back_rec: 4.0052e+02 l_forw_fit: 3.7080e+02 l_mi: 1.0000e+00 l_h: 5.3049e+03 
26-08-19 06:13:08.879 - INFO: <epoch: 27, iter: 449,500, lr:1.563e-06> l_back_rec: 4.1597e+02 l_forw_fit: 3.6023e+02 l_mi: 1.0000e+00 l_h: 6.8852e+03 
26-08-19 06:13:55.141 - INFO: <epoch: 27, iter: 449,600, lr:1.563e-06> l_back_rec: 4.2195e+02 l_forw_fit: 2.9671e+02 l_mi: 1.0000e+00 l_h: 4.4356e+03 
26-08-19 06:14:41.509 - INFO: <epoch: 27, iter: 449,700, lr:1.563e-06> l_back_rec: 3.6870e+02 l_forw_fit: 3.3349e+02 l_mi: 1.0000e+00 l_h: 5.4403e+03 
26-08-19 06:15:27.989 - INFO: <epoch: 27, iter: 449,800, lr:1.563e-06> l_back_rec: 3.7815e+02 l_forw_fit: 3.3333e+02 l_mi: 1.0000e+00 l_h: 4.9072e+03 
26-08-19 06:16:14.321 - INFO: <epoch: 27, iter: 449,900, lr:1.563e-06> l_back_rec: 4.1519e+02 l_forw_fit: 3.6689e+02 l_mi: 1.0000e+00 l_h: 5.2314e+03 
26-08-19 06:17:00.786 - INFO: <epoch: 27, iter: 450,000, lr:1.563e-06> l_back_rec: 3.6348e+02 l_forw_fit: 2.5642e+02 l_mi: 1.0000e+00 l_h: 4.6201e+03 
26-08-19 06:17:36.926 - INFO: # Validation # PSNR_Cover: 5.2270e+01, PSNR_Secret: 4.9176e+01, PSNR_Stego: 4.5858e+01
26-08-19 06:17:36.926 - INFO: Saving models and training states.
26-08-19 06:18:23.681 - INFO: <epoch: 27, iter: 450,100, lr:1.563e-06> l_back_rec: 4.0587e+02 l_forw_fit: 3.5073e+02 l_mi: 1.0000e+00 l_h: 5.4336e+03 
26-08-19 06:19:09.882 - INFO: <epoch: 27, iter: 450,200, lr:1.563e-06> l_back_rec: 3.5985e+02 l_forw_fit: 3.2715e+02 l_mi: 1.0000e+00 l_h: 5.0798e+03 
26-08-19 06:19:56.174 - INFO: <epoch: 27, iter: 450,300, lr:1.563e-06> l_back_rec: 4.4070e+02 l_forw_fit: 4.1343e+02 l_mi: 1.0000e+00 l_h: 5.8268e+03 
26-08-19 06:20:42.274 - INFO: <epoch: 27, iter: 450,400, lr:1.563e-06> l_back_rec: 4.0291e+02 l_forw_fit: 4.5270e+02 l_mi: 1.0000e+00 l_h: 6.1740e+03 
26-08-19 06:21:28.476 - INFO: <epoch: 27, iter: 450,500, lr:1.563e-06> l_back_rec: 4.5044e+02 l_forw_fit: 4.9734e+02 l_mi: 1.0000e+00 l_h: 6.4791e+03 
26-08-19 06:22:14.823 - INFO: <epoch: 27, iter: 450,600, lr:1.563e-06> l_back_rec: 3.5820e+02 l_forw_fit: 2.7374e+02 l_mi: 1.0000e+00 l_h: 4.5360e+03 
26-08-19 06:23:01.205 - INFO: <epoch: 27, iter: 450,700, lr:1.563e-06> l_back_rec: 3.4999e+02 l_forw_fit: 3.2940e+02 l_mi: 1.0000e+00 l_h: 4.6978e+03 
26-08-19 06:23:47.500 - INFO: <epoch: 27, iter: 450,800, lr:1.563e-06> l_back_rec: 5.0642e+02 l_forw_fit: 3.8826e+02 l_mi: 1.0000e+00 l_h: 5.1075e+03 
26-08-19 06:24:33.941 - INFO: <epoch: 27, iter: 450,900, lr:1.563e-06> l_back_rec: 3.9413e+02 l_forw_fit: 3.7567e+02 l_mi: 1.0000e+00 l_h: 5.5006e+03 
26-08-19 06:25:19.885 - INFO: <epoch: 27, iter: 451,000, lr:1.563e-06> l_back_rec: 4.6466e+02 l_forw_fit: 8.9240e+02 l_mi: 1.0000e+00 l_h: 7.6867e+03 
26-08-19 06:25:56.211 - INFO: # Validation # PSNR_Cover: 5.2257e+01, PSNR_Secret: 4.9185e+01, PSNR_Stego: 4.5872e+01
26-08-19 06:26:42.472 - INFO: <epoch: 27, iter: 451,100, lr:1.563e-06> l_back_rec: 4.5425e+02 l_forw_fit: 7.0868e+02 l_mi: 1.0000e+00 l_h: 8.1233e+03 
26-08-19 06:27:28.612 - INFO: <epoch: 27, iter: 451,200, lr:1.563e-06> l_back_rec: 4.2499e+02 l_forw_fit: 3.2760e+02 l_mi: 1.0000e+00 l_h: 5.1325e+03 
26-08-19 06:28:14.952 - INFO: <epoch: 27, iter: 451,300, lr:1.563e-06> l_back_rec: 3.5736e+02 l_forw_fit: 2.7029e+02 l_mi: 1.0000e+00 l_h: 4.5170e+03 
26-08-19 06:29:01.392 - INFO: <epoch: 27, iter: 451,400, lr:1.563e-06> l_back_rec: 3.7913e+02 l_forw_fit: 3.5616e+02 l_mi: 1.0000e+00 l_h: 5.2638e+03 
26-08-19 06:29:47.443 - INFO: <epoch: 27, iter: 451,500, lr:1.563e-06> l_back_rec: 3.5537e+02 l_forw_fit: 2.4476e+02 l_mi: 1.0000e+00 l_h: 4.4018e+03 
26-08-19 06:30:33.713 - INFO: <epoch: 27, iter: 451,600, lr:1.563e-06> l_back_rec: 4.0684e+02 l_forw_fit: 3.6421e+02 l_mi: 1.0000e+00 l_h: 5.2088e+03 
26-08-19 06:31:19.896 - INFO: <epoch: 27, iter: 451,700, lr:1.563e-06> l_back_rec: 3.7280e+02 l_forw_fit: 2.7814e+02 l_mi: 1.0000e+00 l_h: 4.5026e+03 
26-08-19 06:32:06.251 - INFO: <epoch: 27, iter: 451,800, lr:1.563e-06> l_back_rec: 3.5632e+02 l_forw_fit: 3.0682e+02 l_mi: 1.0000e+00 l_h: 4.4784e+03 
26-08-19 06:32:52.491 - INFO: <epoch: 27, iter: 451,900, lr:1.563e-06> l_back_rec: 3.9290e+02 l_forw_fit: 3.3499e+02 l_mi: 1.0000e+00 l_h: 4.8813e+03 
26-08-19 06:33:38.959 - INFO: <epoch: 27, iter: 452,000, lr:1.563e-06> l_back_rec: 4.2569e+02 l_forw_fit: 4.9683e+02 l_mi: 1.0000e+00 l_h: 6.1342e+03 
26-08-19 06:34:16.571 - INFO: # Validation # PSNR_Cover: 5.2262e+01, PSNR_Secret: 4.9155e+01, PSNR_Stego: 4.5882e+01
26-08-19 06:35:03.037 - INFO: <epoch: 27, iter: 452,100, lr:1.563e-06> l_back_rec: 3.7404e+02 l_forw_fit: 2.9404e+02 l_mi: 1.0000e+00 l_h: 5.4046e+03 
26-08-19 06:35:49.227 - INFO: <epoch: 27, iter: 452,200, lr:1.563e-06> l_back_rec: 3.5165e+02 l_forw_fit: 2.5285e+02 l_mi: 1.0000e+00 l_h: 4.5001e+03 
26-08-19 06:37:43.192 - INFO: <epoch: 28, iter: 452,300, lr:1.563e-06> l_back_rec: 4.5420e+02 l_forw_fit: 4.4073e+02 l_mi: 1.0000e+00 l_h: 5.6941e+03 
26-08-19 06:38:29.397 - INFO: <epoch: 28, iter: 452,400, lr:1.563e-06> l_back_rec: 4.1420e+02 l_forw_fit: 3.2332e+02 l_mi: 1.0000e+00 l_h: 5.0512e+03 
26-08-19 06:39:15.715 - INFO: <epoch: 28, iter: 452,500, lr:1.563e-06> l_back_rec: 3.8834e+02 l_forw_fit: 3.0665e+02 l_mi: 1.0000e+00 l_h: 4.8967e+03 
26-08-19 06:40:02.149 - INFO: <epoch: 28, iter: 452,600, lr:1.563e-06> l_back_rec: 4.2945e+02 l_forw_fit: 5.3685e+02 l_mi: 1.0000e+00 l_h: 5.7185e+03 
26-08-19 06:40:48.985 - INFO: <epoch: 28, iter: 452,700, lr:1.563e-06> l_back_rec: 3.9599e+02 l_forw_fit: 4.7729e+02 l_mi: 1.0000e+00 l_h: 6.5989e+03 
26-08-19 06:41:35.887 - INFO: <epoch: 28, iter: 452,800, lr:1.563e-06> l_back_rec: 3.9256e+02 l_forw_fit: 4.9738e+02 l_mi: 1.0000e+00 l_h: 5.4911e+03 
26-08-19 06:42:21.901 - INFO: <epoch: 28, iter: 452,900, lr:1.563e-06> l_back_rec: 3.6605e+02 l_forw_fit: 2.6245e+02 l_mi: 1.0000e+00 l_h: 4.6262e+03 
26-08-19 06:43:08.352 - INFO: <epoch: 28, iter: 453,000, lr:1.563e-06> l_back_rec: 3.6411e+02 l_forw_fit: 2.2407e+02 l_mi: 1.0000e+00 l_h: 4.1462e+03 
26-08-19 06:43:45.133 - INFO: # Validation # PSNR_Cover: 5.2254e+01, PSNR_Secret: 4.9153e+01, PSNR_Stego: 4.5884e+01
26-08-19 06:44:32.320 - INFO: <epoch: 28, iter: 453,100, lr:1.563e-06> l_back_rec: 3.6550e+02 l_forw_fit: 3.4076e+02 l_mi: 1.0000e+00 l_h: 4.8723e+03 
26-08-19 06:45:18.425 - INFO: <epoch: 28, iter: 453,200, lr:1.563e-06> l_back_rec: 3.4843e+02 l_forw_fit: 2.7358e+02 l_mi: 1.0000e+00 l_h: 4.5646e+03 
26-08-19 06:46:04.768 - INFO: <epoch: 28, iter: 453,300, lr:1.563e-06> l_back_rec: 4.3074e+02 l_forw_fit: 4.5133e+02 l_mi: 1.0000e+00 l_h: 7.3668e+03 
26-08-19 06:46:50.725 - INFO: <epoch: 28, iter: 453,400, lr:1.563e-06> l_back_rec: 4.0357e+02 l_forw_fit: 4.1145e+02 l_mi: 1.0000e+00 l_h: 5.9496e+03 
26-08-19 06:47:36.949 - INFO: <epoch: 28, iter: 453,500, lr:1.563e-06> l_back_rec: 4.6727e+02 l_forw_fit: 5.2897e+02 l_mi: 1.0000e+00 l_h: 6.9199e+03 
26-08-19 06:48:23.122 - INFO: <epoch: 28, iter: 453,600, lr:1.563e-06> l_back_rec: 3.8989e+02 l_forw_fit: 5.0405e+02 l_mi: 1.0000e+00 l_h: 6.1463e+03 
26-08-19 06:49:09.496 - INFO: <epoch: 28, iter: 453,700, lr:1.563e-06> l_back_rec: 4.2789e+02 l_forw_fit: 4.5267e+02 l_mi: 1.0000e+00 l_h: 6.2093e+03 
26-08-19 06:49:55.626 - INFO: <epoch: 28, iter: 453,800, lr:1.563e-06> l_back_rec: 4.0243e+02 l_forw_fit: 3.9613e+02 l_mi: 1.0000e+00 l_h: 5.4244e+03 
26-08-19 06:50:42.141 - INFO: <epoch: 28, iter: 453,900, lr:1.563e-06> l_back_rec: 3.9360e+02 l_forw_fit: 2.6435e+02 l_mi: 1.0000e+00 l_h: 4.4224e+03 
26-08-19 06:51:28.811 - INFO: <epoch: 28, iter: 454,000, lr:1.563e-06> l_back_rec: 3.7539e+02 l_forw_fit: 2.6822e+02 l_mi: 1.0000e+00 l_h: 4.6736e+03 
26-08-19 06:52:03.107 - INFO: # Validation # PSNR_Cover: 5.2256e+01, PSNR_Secret: 4.9165e+01, PSNR_Stego: 4.5897e+01
26-08-19 06:52:48.647 - INFO: <epoch: 28, iter: 454,100, lr:1.563e-06> l_back_rec: 4.1243e+02 l_forw_fit: 3.5873e+02 l_mi: 1.0000e+00 l_h: 5.5186e+03 
26-08-19 06:53:33.862 - INFO: <epoch: 28, iter: 454,200, lr:1.563e-06> l_back_rec: 3.9282e+02 l_forw_fit: 3.8603e+02 l_mi: 1.0000e+00 l_h: 5.8920e+03 
26-08-19 06:54:19.863 - INFO: <epoch: 28, iter: 454,300, lr:1.563e-06> l_back_rec: 4.4069e+02 l_forw_fit: 3.3697e+02 l_mi: 1.0000e+00 l_h: 4.9214e+03 
26-08-19 06:55:06.078 - INFO: <epoch: 28, iter: 454,400, lr:1.563e-06> l_back_rec: 4.3478e+02 l_forw_fit: 4.3144e+02 l_mi: 1.0000e+00 l_h: 5.5755e+03 
26-08-19 06:55:51.873 - INFO: <epoch: 28, iter: 454,500, lr:1.563e-06> l_back_rec: 3.7424e+02 l_forw_fit: 3.0960e+02 l_mi: 1.0000e+00 l_h: 4.9543e+03 
26-08-19 06:56:38.027 - INFO: <epoch: 28, iter: 454,600, lr:1.563e-06> l_back_rec: 4.1762e+02 l_forw_fit: 3.3169e+02 l_mi: 1.0000e+00 l_h: 5.3985e+03 
26-08-19 06:57:23.905 - INFO: <epoch: 28, iter: 454,700, lr:1.563e-06> l_back_rec: 3.5893e+02 l_forw_fit: 3.7301e+02 l_mi: 1.0000e+00 l_h: 5.0410e+03 
26-08-19 06:58:10.164 - INFO: <epoch: 28, iter: 454,800, lr:1.563e-06> l_back_rec: 3.5589e+02 l_forw_fit: 3.3417e+02 l_mi: 1.0000e+00 l_h: 5.1859e+03 
26-08-19 06:58:56.131 - INFO: <epoch: 28, iter: 454,900, lr:1.563e-06> l_back_rec: 3.8015e+02 l_forw_fit: 4.1805e+02 l_mi: 1.0000e+00 l_h: 5.9244e+03 
26-08-19 06:59:42.229 - INFO: <epoch: 28, iter: 455,000, lr:1.563e-06> l_back_rec: 4.0188e+02 l_forw_fit: 3.2346e+02 l_mi: 1.0000e+00 l_h: 5.1657e+03 
26-08-19 07:00:18.209 - INFO: # Validation # PSNR_Cover: 5.2265e+01, PSNR_Secret: 4.9146e+01, PSNR_Stego: 4.5893e+01
26-08-19 07:00:18.210 - INFO: Saving models and training states.
26-08-19 07:01:04.873 - INFO: <epoch: 28, iter: 455,100, lr:1.563e-06> l_back_rec: 3.6579e+02 l_forw_fit: 2.8227e+02 l_mi: 1.0000e+00 l_h: 4.4714e+03 
26-08-19 07:01:51.015 - INFO: <epoch: 28, iter: 455,200, lr:1.563e-06> l_back_rec: 3.3640e+02 l_forw_fit: 2.1578e+02 l_mi: 1.0000e+00 l_h: 4.0793e+03 
26-08-19 07:02:37.271 - INFO: <epoch: 28, iter: 455,300, lr:1.563e-06> l_back_rec: 3.6897e+02 l_forw_fit: 3.6034e+02 l_mi: 1.0000e+00 l_h: 5.3421e+03 
26-08-19 07:03:23.260 - INFO: <epoch: 28, iter: 455,400, lr:1.563e-06> l_back_rec: 4.3153e+02 l_forw_fit: 4.4834e+02 l_mi: 1.0000e+00 l_h: 6.5398e+03 
26-08-19 07:04:09.325 - INFO: <epoch: 28, iter: 455,500, lr:1.563e-06> l_back_rec: 4.2261e+02 l_forw_fit: 4.2791e+02 l_mi: 1.0000e+00 l_h: 5.6976e+03 
26-08-19 07:04:55.388 - INFO: <epoch: 28, iter: 455,600, lr:1.563e-06> l_back_rec: 3.8258e+02 l_forw_fit: 3.0053e+02 l_mi: 1.0000e+00 l_h: 4.7846e+03 
26-08-19 07:05:41.423 - INFO: <epoch: 28, iter: 455,700, lr:1.563e-06> l_back_rec: 3.7352e+02 l_forw_fit: 5.3969e+02 l_mi: 1.0000e+00 l_h: 6.4467e+03 
26-08-19 07:06:27.560 - INFO: <epoch: 28, iter: 455,800, lr:1.563e-06> l_back_rec: 4.5318e+02 l_forw_fit: 4.5461e+02 l_mi: 1.0000e+00 l_h: 6.0604e+03 
26-08-19 07:07:13.648 - INFO: <epoch: 28, iter: 455,900, lr:1.563e-06> l_back_rec: 3.6955e+02 l_forw_fit: 3.5881e+02 l_mi: 1.0000e+00 l_h: 5.1150e+03 
26-08-19 07:07:59.679 - INFO: <epoch: 28, iter: 456,000, lr:1.563e-06> l_back_rec: 3.5627e+02 l_forw_fit: 2.0394e+02 l_mi: 1.0000e+00 l_h: 4.1092e+03 
26-08-19 07:08:35.450 - INFO: # Validation # PSNR_Cover: 5.2260e+01, PSNR_Secret: 4.9179e+01, PSNR_Stego: 4.5873e+01
26-08-19 07:09:21.284 - INFO: <epoch: 28, iter: 456,100, lr:1.563e-06> l_back_rec: 3.9409e+02 l_forw_fit: 3.3348e+02 l_mi: 1.0000e+00 l_h: 4.6047e+03 
26-08-19 07:10:07.208 - INFO: <epoch: 28, iter: 456,200, lr:1.563e-06> l_back_rec: 4.2600e+02 l_forw_fit: 4.9407e+02 l_mi: 1.0000e+00 l_h: 6.1640e+03 
26-08-19 07:10:52.952 - INFO: <epoch: 28, iter: 456,300, lr:1.563e-06> l_back_rec: 3.4525e+02 l_forw_fit: 2.1289e+02 l_mi: 1.0000e+00 l_h: 3.9810e+03 
26-08-19 07:11:39.283 - INFO: <epoch: 28, iter: 456,400, lr:1.563e-06> l_back_rec: 3.7459e+02 l_forw_fit: 2.6225e+02 l_mi: 1.0000e+00 l_h: 4.4094e+03 
26-08-19 07:12:25.105 - INFO: <epoch: 28, iter: 456,500, lr:1.563e-06> l_back_rec: 4.7503e+02 l_forw_fit: 4.9139e+02 l_mi: 1.0000e+00 l_h: 6.5660e+03 
26-08-19 07:13:11.369 - INFO: <epoch: 28, iter: 456,600, lr:1.563e-06> l_back_rec: 3.6964e+02 l_forw_fit: 2.7681e+02 l_mi: 1.0000e+00 l_h: 4.5444e+03 
26-08-19 07:13:57.511 - INFO: <epoch: 28, iter: 456,700, lr:1.563e-06> l_back_rec: 3.8666e+02 l_forw_fit: 3.4428e+02 l_mi: 1.0000e+00 l_h: 5.1388e+03 
26-08-19 07:14:43.454 - INFO: <epoch: 28, iter: 456,800, lr:1.563e-06> l_back_rec: 3.6769e+02 l_forw_fit: 3.0594e+02 l_mi: 1.0000e+00 l_h: 4.9362e+03 
26-08-19 07:15:29.501 - INFO: <epoch: 28, iter: 456,900, lr:1.563e-06> l_back_rec: 3.4915e+02 l_forw_fit: 3.5579e+02 l_mi: 1.0000e+00 l_h: 4.5399e+03 
26-08-19 07:16:15.770 - INFO: <epoch: 28, iter: 457,000, lr:1.563e-06> l_back_rec: 4.4686e+02 l_forw_fit: 3.8273e+02 l_mi: 1.0000e+00 l_h: 5.8015e+03 
26-08-19 07:16:51.894 - INFO: # Validation # PSNR_Cover: 5.2275e+01, PSNR_Secret: 4.9166e+01, PSNR_Stego: 4.5888e+01
26-08-19 07:17:38.008 - INFO: <epoch: 28, iter: 457,100, lr:1.563e-06> l_back_rec: 3.5707e+02 l_forw_fit: 3.3919e+02 l_mi: 1.0000e+00 l_h: 5.1680e+03 
26-08-19 07:18:24.125 - INFO: <epoch: 28, iter: 457,200, lr:1.563e-06> l_back_rec: 3.3584e+02 l_forw_fit: 2.3034e+02 l_mi: 1.0000e+00 l_h: 4.1549e+03 
26-08-19 07:19:10.496 - INFO: <epoch: 28, iter: 457,300, lr:1.563e-06> l_back_rec: 4.2679e+02 l_forw_fit: 3.9156e+02 l_mi: 1.0000e+00 l_h: 5.5534e+03 
26-08-19 07:19:56.538 - INFO: <epoch: 28, iter: 457,400, lr:1.563e-06> l_back_rec: 4.0766e+02 l_forw_fit: 4.1737e+02 l_mi: 1.0000e+00 l_h: 5.7508e+03 
26-08-19 07:20:42.601 - INFO: <epoch: 28, iter: 457,500, lr:1.563e-06> l_back_rec: 4.1499e+02 l_forw_fit: 6.3076e+02 l_mi: 1.0000e+00 l_h: 6.4069e+03 
26-08-19 07:21:28.743 - INFO: <epoch: 28, iter: 457,600, lr:1.563e-06> l_back_rec: 4.0555e+02 l_forw_fit: 3.5433e+02 l_mi: 1.0000e+00 l_h: 5.2354e+03 
26-08-19 07:22:15.034 - INFO: <epoch: 28, iter: 457,700, lr:1.563e-06> l_back_rec: 4.3506e+02 l_forw_fit: 5.1926e+02 l_mi: 1.0000e+00 l_h: 5.6184e+03 
26-08-19 07:23:01.190 - INFO: <epoch: 28, iter: 457,800, lr:1.563e-06> l_back_rec: 3.6557e+02 l_forw_fit: 2.4932e+02 l_mi: 1.0000e+00 l_h: 4.5573e+03 
26-08-19 07:23:47.312 - INFO: <epoch: 28, iter: 457,900, lr:1.563e-06> l_back_rec: 4.2087e+02 l_forw_fit: 5.3622e+02 l_mi: 1.0000e+00 l_h: 6.6936e+03 
26-08-19 07:24:33.577 - INFO: <epoch: 28, iter: 458,000, lr:1.563e-06> l_back_rec: 4.0420e+02 l_forw_fit: 3.3665e+02 l_mi: 1.0000e+00 l_h: 5.1689e+03 
26-08-19 07:25:09.796 - INFO: # Validation # PSNR_Cover: 5.2237e+01, PSNR_Secret: 4.9144e+01, PSNR_Stego: 4.5894e+01
26-08-19 07:25:55.843 - INFO: <epoch: 28, iter: 458,100, lr:1.563e-06> l_back_rec: 5.1772e+02 l_forw_fit: 5.4442e+02 l_mi: 1.0000e+00 l_h: 6.9201e+03 
26-08-19 07:26:42.041 - INFO: <epoch: 28, iter: 458,200, lr:1.563e-06> l_back_rec: 3.6396e+02 l_forw_fit: 3.0572e+02 l_mi: 1.0000e+00 l_h: 4.8063e+03 
26-08-19 07:27:28.347 - INFO: <epoch: 28, iter: 458,300, lr:1.563e-06> l_back_rec: 3.5798e+02 l_forw_fit: 3.0907e+02 l_mi: 1.0000e+00 l_h: 5.1049e+03 
26-08-19 07:28:14.289 - INFO: <epoch: 28, iter: 458,400, lr:1.563e-06> l_back_rec: 4.0697e+02 l_forw_fit: 6.0747e+02 l_mi: 1.0000e+00 l_h: 6.1128e+03 
26-08-19 07:29:00.468 - INFO: <epoch: 28, iter: 458,500, lr:1.563e-06> l_back_rec: 3.9651e+02 l_forw_fit: 2.4649e+02 l_mi: 1.0000e+00 l_h: 4.2134e+03 
26-08-19 07:29:46.608 - INFO: <epoch: 28, iter: 458,600, lr:1.563e-06> l_back_rec: 4.2615e+02 l_forw_fit: 4.0475e+02 l_mi: 1.0000e+00 l_h: 6.0014e+03 
26-08-19 07:30:32.758 - INFO: <epoch: 28, iter: 458,700, lr:1.563e-06> l_back_rec: 4.0376e+02 l_forw_fit: 2.2553e+02 l_mi: 1.0000e+00 l_h: 3.9503e+03 
26-08-19 07:31:18.854 - INFO: <epoch: 28, iter: 458,800, lr:1.563e-06> l_back_rec: 4.1047e+02 l_forw_fit: 3.9010e+02 l_mi: 1.0000e+00 l_h: 5.6844e+03 
26-08-19 07:32:05.014 - INFO: <epoch: 28, iter: 458,900, lr:1.563e-06> l_back_rec: 4.5234e+02 l_forw_fit: 5.7059e+02 l_mi: 1.0000e+00 l_h: 7.1448e+03 
26-08-19 07:32:51.122 - INFO: <epoch: 28, iter: 459,000, lr:1.563e-06> l_back_rec: 3.6547e+02 l_forw_fit: 2.6989e+02 l_mi: 1.0000e+00 l_h: 4.5748e+03 
26-08-19 07:33:27.168 - INFO: # Validation # PSNR_Cover: 5.2255e+01, PSNR_Secret: 4.9170e+01, PSNR_Stego: 4.5887e+01
26-08-19 07:34:13.237 - INFO: <epoch: 28, iter: 459,100, lr:1.563e-06> l_back_rec: 3.8918e+02 l_forw_fit: 3.7292e+02 l_mi: 1.0000e+00 l_h: 5.4438e+03 
26-08-19 07:34:59.313 - INFO: <epoch: 28, iter: 459,200, lr:1.563e-06> l_back_rec: 4.0040e+02 l_forw_fit: 4.1183e+02 l_mi: 1.0000e+00 l_h: 5.8362e+03 
26-08-19 07:35:45.559 - INFO: <epoch: 28, iter: 459,300, lr:1.563e-06> l_back_rec: 3.9322e+02 l_forw_fit: 3.7305e+02 l_mi: 1.0000e+00 l_h: 5.4592e+03 
26-08-19 07:36:31.941 - INFO: <epoch: 28, iter: 459,400, lr:1.563e-06> l_back_rec: 3.8743e+02 l_forw_fit: 3.9650e+02 l_mi: 1.0000e+00 l_h: 5.4744e+03 
26-08-19 07:37:18.081 - INFO: <epoch: 28, iter: 459,500, lr:1.563e-06> l_back_rec: 3.9957e+02 l_forw_fit: 4.3085e+02 l_mi: 1.0000e+00 l_h: 6.1396e+03 
26-08-19 07:38:04.183 - INFO: <epoch: 28, iter: 459,600, lr:1.563e-06> l_back_rec: 4.4069e+02 l_forw_fit: 4.1351e+02 l_mi: 1.0000e+00 l_h: 5.8128e+03 
26-08-19 07:38:50.154 - INFO: <epoch: 28, iter: 459,700, lr:1.563e-06> l_back_rec: 3.9453e+02 l_forw_fit: 3.6196e+02 l_mi: 1.0000e+00 l_h: 4.9055e+03 
26-08-19 07:39:36.554 - INFO: <epoch: 28, iter: 459,800, lr:1.563e-06> l_back_rec: 3.6997e+02 l_forw_fit: 2.1774e+02 l_mi: 1.0000e+00 l_h: 4.0094e+03 
26-08-19 07:40:22.850 - INFO: <epoch: 28, iter: 459,900, lr:1.563e-06> l_back_rec: 3.8459e+02 l_forw_fit: 2.9336e+02 l_mi: 1.0000e+00 l_h: 4.7753e+03 
26-08-19 07:41:09.342 - INFO: <epoch: 28, iter: 460,000, lr:1.563e-06> l_back_rec: 4.5021e+02 l_forw_fit: 3.5965e+02 l_mi: 1.0000e+00 l_h: 5.7453e+03 
26-08-19 07:41:45.608 - INFO: # Validation # PSNR_Cover: 5.2273e+01, PSNR_Secret: 4.9147e+01, PSNR_Stego: 4.5877e+01
26-08-19 07:41:45.609 - INFO: Saving models and training states.
26-08-19 07:42:32.529 - INFO: <epoch: 28, iter: 460,100, lr:1.563e-06> l_back_rec: 4.0056e+02 l_forw_fit: 6.2442e+02 l_mi: 1.0000e+00 l_h: 6.7169e+03 
26-08-19 07:43:18.552 - INFO: <epoch: 28, iter: 460,200, lr:1.563e-06> l_back_rec: 4.0800e+02 l_forw_fit: 3.7661e+02 l_mi: 1.0000e+00 l_h: 5.7120e+03 
26-08-19 07:44:04.834 - INFO: <epoch: 28, iter: 460,300, lr:1.563e-06> l_back_rec: 3.7085e+02 l_forw_fit: 2.9482e+02 l_mi: 1.0000e+00 l_h: 5.0532e+03 
26-08-19 07:44:50.766 - INFO: <epoch: 28, iter: 460,400, lr:1.563e-06> l_back_rec: 3.6364e+02 l_forw_fit: 3.1945e+02 l_mi: 1.0000e+00 l_h: 5.3609e+03 
26-08-19 07:45:36.881 - INFO: <epoch: 28, iter: 460,500, lr:1.563e-06> l_back_rec: 3.8375e+02 l_forw_fit: 2.7317e+02 l_mi: 1.0000e+00 l_h: 4.7202e+03 
26-08-19 07:46:22.766 - INFO: <epoch: 28, iter: 460,600, lr:1.563e-06> l_back_rec: 3.9900e+02 l_forw_fit: 3.4492e+02 l_mi: 1.0000e+00 l_h: 4.8948e+03 
26-08-19 07:47:08.902 - INFO: <epoch: 28, iter: 460,700, lr:1.563e-06> l_back_rec: 3.5275e+02 l_forw_fit: 2.4397e+02 l_mi: 1.0000e+00 l_h: 4.2337e+03 
26-08-19 07:47:54.814 - INFO: <epoch: 28, iter: 460,800, lr:1.563e-06> l_back_rec: 4.7897e+02 l_forw_fit: 3.7883e+02 l_mi: 1.0000e+00 l_h: 5.6899e+03 
26-08-19 07:48:40.897 - INFO: <epoch: 28, iter: 460,900, lr:1.563e-06> l_back_rec: 3.8007e+02 l_forw_fit: 4.8522e+02 l_mi: 1.0000e+00 l_h: 5.5095e+03 
26-08-19 07:49:26.681 - INFO: <epoch: 28, iter: 461,000, lr:1.563e-06> l_back_rec: 3.4352e+02 l_forw_fit: 2.6891e+02 l_mi: 1.0000e+00 l_h: 4.6887e+03 
26-08-19 07:50:03.005 - INFO: # Validation # PSNR_Cover: 5.2267e+01, PSNR_Secret: 4.9157e+01, PSNR_Stego: 4.5898e+01
26-08-19 07:50:48.735 - INFO: <epoch: 28, iter: 461,100, lr:1.563e-06> l_back_rec: 3.8498e+02 l_forw_fit: 3.9040e+02 l_mi: 1.0000e+00 l_h: 5.2162e+03 
26-08-19 07:51:34.820 - INFO: <epoch: 28, iter: 461,200, lr:1.563e-06> l_back_rec: 3.9678e+02 l_forw_fit: 3.8023e+02 l_mi: 1.0000e+00 l_h: 5.6901e+03 
26-08-19 07:52:20.619 - INFO: <epoch: 28, iter: 461,300, lr:1.563e-06> l_back_rec: 3.7991e+02 l_forw_fit: 3.6720e+02 l_mi: 1.0000e+00 l_h: 5.1538e+03 
26-08-19 07:53:06.618 - INFO: <epoch: 28, iter: 461,400, lr:1.563e-06> l_back_rec: 4.4956e+02 l_forw_fit: 3.7936e+02 l_mi: 1.0000e+00 l_h: 5.9193e+03 
26-08-19 07:53:52.483 - INFO: <epoch: 28, iter: 461,500, lr:1.563e-06> l_back_rec: 3.4883e+02 l_forw_fit: 2.7139e+02 l_mi: 1.0000e+00 l_h: 4.5753e+03 
26-08-19 07:54:38.522 - INFO: <epoch: 28, iter: 461,600, lr:1.563e-06> l_back_rec: 3.3064e+02 l_forw_fit: 2.4630e+02 l_mi: 1.0000e+00 l_h: 4.2813e+03 
26-08-19 07:55:24.326 - INFO: <epoch: 28, iter: 461,700, lr:1.563e-06> l_back_rec: 3.9596e+02 l_forw_fit: 2.9313e+02 l_mi: 1.0000e+00 l_h: 4.6783e+03 
26-08-19 07:56:10.372 - INFO: <epoch: 28, iter: 461,800, lr:1.563e-06> l_back_rec: 3.5165e+02 l_forw_fit: 2.6371e+02 l_mi: 1.0000e+00 l_h: 4.5500e+03 
26-08-19 07:56:56.170 - INFO: <epoch: 28, iter: 461,900, lr:1.563e-06> l_back_rec: 4.0257e+02 l_forw_fit: 3.9040e+02 l_mi: 1.0000e+00 l_h: 5.6698e+03 
26-08-19 07:57:42.290 - INFO: <epoch: 28, iter: 462,000, lr:1.563e-06> l_back_rec: 3.8732e+02 l_forw_fit: 2.8143e+02 l_mi: 1.0000e+00 l_h: 4.4233e+03 
26-08-19 07:58:18.237 - INFO: # Validation # PSNR_Cover: 5.2272e+01, PSNR_Secret: 4.9183e+01, PSNR_Stego: 4.5855e+01
26-08-19 07:59:04.415 - INFO: <epoch: 28, iter: 462,100, lr:1.563e-06> l_back_rec: 3.7685e+02 l_forw_fit: 3.9822e+02 l_mi: 1.0000e+00 l_h: 5.6374e+03 
26-08-19 07:59:50.295 - INFO: <epoch: 28, iter: 462,200, lr:1.563e-06> l_back_rec: 4.2146e+02 l_forw_fit: 3.6731e+02 l_mi: 1.0000e+00 l_h: 5.6918e+03 
26-08-19 08:00:36.366 - INFO: <epoch: 28, iter: 462,300, lr:1.563e-06> l_back_rec: 3.7738e+02 l_forw_fit: 2.9882e+02 l_mi: 1.0000e+00 l_h: 4.9494e+03 
26-08-19 08:01:22.177 - INFO: <epoch: 28, iter: 462,400, lr:1.563e-06> l_back_rec: 3.8742e+02 l_forw_fit: 3.1349e+02 l_mi: 1.0000e+00 l_h: 5.2133e+03 
26-08-19 08:02:08.124 - INFO: <epoch: 28, iter: 462,500, lr:1.563e-06> l_back_rec: 4.3913e+02 l_forw_fit: 7.2049e+02 l_mi: 1.0000e+00 l_h: 6.4845e+03 
26-08-19 08:02:54.044 - INFO: <epoch: 28, iter: 462,600, lr:1.563e-06> l_back_rec: 4.8673e+02 l_forw_fit: 4.4052e+02 l_mi: 1.0000e+00 l_h: 6.2924e+03 
26-08-19 08:03:39.955 - INFO: <epoch: 28, iter: 462,700, lr:1.563e-06> l_back_rec: 4.4367e+02 l_forw_fit: 4.5725e+02 l_mi: 1.0000e+00 l_h: 6.6147e+03 
26-08-19 08:04:25.659 - INFO: <epoch: 28, iter: 462,800, lr:1.563e-06> l_back_rec: 3.5246e+02 l_forw_fit: 1.9667e+02 l_mi: 1.0000e+00 l_h: 3.8822e+03 
26-08-19 08:05:11.895 - INFO: <epoch: 28, iter: 462,900, lr:1.563e-06> l_back_rec: 3.4244e+02 l_forw_fit: 2.4444e+02 l_mi: 1.0000e+00 l_h: 4.4123e+03 
26-08-19 08:05:57.790 - INFO: <epoch: 28, iter: 463,000, lr:1.563e-06> l_back_rec: 4.7072e+02 l_forw_fit: 3.2729e+02 l_mi: 1.0000e+00 l_h: 4.7462e+03 
26-08-19 08:06:33.787 - INFO: # Validation # PSNR_Cover: 5.2271e+01, PSNR_Secret: 4.9174e+01, PSNR_Stego: 4.5880e+01
26-08-19 08:07:19.694 - INFO: <epoch: 28, iter: 463,100, lr:1.563e-06> l_back_rec: 4.0241e+02 l_forw_fit: 2.9821e+02 l_mi: 1.0000e+00 l_h: 4.8417e+03 
26-08-19 08:08:05.705 - INFO: <epoch: 28, iter: 463,200, lr:1.563e-06> l_back_rec: 3.5423e+02 l_forw_fit: 2.7360e+02 l_mi: 1.0000e+00 l_h: 4.6958e+03 
26-08-19 08:08:51.628 - INFO: <epoch: 28, iter: 463,300, lr:1.563e-06> l_back_rec: 3.6815e+02 l_forw_fit: 3.3232e+02 l_mi: 1.0000e+00 l_h: 5.3625e+03 
26-08-19 08:09:37.702 - INFO: <epoch: 28, iter: 463,400, lr:1.563e-06> l_back_rec: 4.0134e+02 l_forw_fit: 3.1213e+02 l_mi: 1.0000e+00 l_h: 5.0241e+03 
26-08-19 08:10:23.482 - INFO: <epoch: 28, iter: 463,500, lr:1.563e-06> l_back_rec: 3.9382e+02 l_forw_fit: 4.7679e+02 l_mi: 1.0000e+00 l_h: 6.2854e+03 
26-08-19 08:11:09.705 - INFO: <epoch: 28, iter: 463,600, lr:1.563e-06> l_back_rec: 4.1161e+02 l_forw_fit: 3.6695e+02 l_mi: 1.0000e+00 l_h: 5.6803e+03 
26-08-19 08:11:55.696 - INFO: <epoch: 28, iter: 463,700, lr:1.563e-06> l_back_rec: 4.1303e+02 l_forw_fit: 2.7737e+02 l_mi: 1.0000e+00 l_h: 4.4934e+03 
26-08-19 08:12:41.937 - INFO: <epoch: 28, iter: 463,800, lr:1.563e-06> l_back_rec: 4.3276e+02 l_forw_fit: 5.4430e+02 l_mi: 1.0000e+00 l_h: 6.8864e+03 
26-08-19 08:13:28.107 - INFO: <epoch: 28, iter: 463,900, lr:1.563e-06> l_back_rec: 3.6611e+02 l_forw_fit: 2.4525e+02 l_mi: 1.0000e+00 l_h: 4.2670e+03 
26-08-19 08:14:14.258 - INFO: <epoch: 28, iter: 464,000, lr:1.563e-06> l_back_rec: 3.4322e+02 l_forw_fit: 2.8316e+02 l_mi: 1.0000e+00 l_h: 4.7479e+03 
26-08-19 08:14:50.350 - INFO: # Validation # PSNR_Cover: 5.2246e+01, PSNR_Secret: 4.9185e+01, PSNR_Stego: 4.5852e+01
26-08-19 08:15:36.522 - INFO: <epoch: 28, iter: 464,100, lr:1.563e-06> l_back_rec: 3.5928e+02 l_forw_fit: 2.7228e+02 l_mi: 1.0000e+00 l_h: 4.5214e+03 
26-08-19 08:16:22.500 - INFO: <epoch: 28, iter: 464,200, lr:1.563e-06> l_back_rec: 4.6141e+02 l_forw_fit: 5.3168e+02 l_mi: 1.0000e+00 l_h: 6.4052e+03 
26-08-19 08:17:08.547 - INFO: <epoch: 28, iter: 464,300, lr:1.563e-06> l_back_rec: 4.0948e+02 l_forw_fit: 3.8237e+02 l_mi: 1.0000e+00 l_h: 5.5206e+03 
26-08-19 08:17:54.449 - INFO: <epoch: 28, iter: 464,400, lr:1.563e-06> l_back_rec: 4.5983e+02 l_forw_fit: 4.4295e+02 l_mi: 1.0000e+00 l_h: 6.0144e+03 
26-08-19 08:18:40.596 - INFO: <epoch: 28, iter: 464,500, lr:1.563e-06> l_back_rec: 4.3339e+02 l_forw_fit: 5.0336e+02 l_mi: 1.0000e+00 l_h: 6.1479e+03 
26-08-19 08:19:26.739 - INFO: <epoch: 28, iter: 464,600, lr:1.563e-06> l_back_rec: 3.9318e+02 l_forw_fit: 3.5057e+02 l_mi: 1.0000e+00 l_h: 5.7312e+03 
26-08-19 08:20:12.872 - INFO: <epoch: 28, iter: 464,700, lr:1.563e-06> l_back_rec: 4.2221e+02 l_forw_fit: 4.2841e+02 l_mi: 1.0000e+00 l_h: 5.9927e+03 
26-08-19 08:20:58.966 - INFO: <epoch: 28, iter: 464,800, lr:1.563e-06> l_back_rec: 3.5502e+02 l_forw_fit: 1.9932e+02 l_mi: 1.0000e+00 l_h: 3.7920e+03 
26-08-19 08:21:45.152 - INFO: <epoch: 28, iter: 464,900, lr:1.563e-06> l_back_rec: 3.6358e+02 l_forw_fit: 3.9618e+02 l_mi: 1.0000e+00 l_h: 5.8732e+03 
26-08-19 08:22:31.316 - INFO: <epoch: 28, iter: 465,000, lr:1.563e-06> l_back_rec: 3.6069e+02 l_forw_fit: 3.6399e+02 l_mi: 1.0000e+00 l_h: 4.6770e+03 
26-08-19 08:23:07.369 - INFO: # Validation # PSNR_Cover: 5.2298e+01, PSNR_Secret: 4.9118e+01, PSNR_Stego: 4.5884e+01
26-08-19 08:23:07.369 - INFO: Saving models and training states.
26-08-19 08:23:53.758 - INFO: <epoch: 28, iter: 465,100, lr:1.563e-06> l_back_rec: 4.2950e+02 l_forw_fit: 3.5703e+02 l_mi: 1.0000e+00 l_h: 5.4445e+03 
26-08-19 08:24:39.952 - INFO: <epoch: 28, iter: 465,200, lr:1.563e-06> l_back_rec: 4.0855e+02 l_forw_fit: 3.5289e+02 l_mi: 1.0000e+00 l_h: 5.3344e+03 
26-08-19 08:25:26.021 - INFO: <epoch: 28, iter: 465,300, lr:1.563e-06> l_back_rec: 3.9053e+02 l_forw_fit: 3.7878e+02 l_mi: 1.0000e+00 l_h: 5.6386e+03 
26-08-19 08:26:12.181 - INFO: <epoch: 28, iter: 465,400, lr:1.563e-06> l_back_rec: 3.4840e+02 l_forw_fit: 3.1628e+02 l_mi: 1.0000e+00 l_h: 4.8887e+03 
26-08-19 08:26:58.294 - INFO: <epoch: 28, iter: 465,500, lr:1.563e-06> l_back_rec: 3.5988e+02 l_forw_fit: 2.8381e+02 l_mi: 1.0000e+00 l_h: 4.5289e+03 
26-08-19 08:27:44.282 - INFO: <epoch: 28, iter: 465,600, lr:1.563e-06> l_back_rec: 3.7666e+02 l_forw_fit: 3.7629e+02 l_mi: 1.0000e+00 l_h: 5.3113e+03 
26-08-19 08:28:30.416 - INFO: <epoch: 28, iter: 465,700, lr:1.563e-06> l_back_rec: 3.8197e+02 l_forw_fit: 2.1175e+02 l_mi: 1.0000e+00 l_h: 4.1802e+03 
26-08-19 08:29:16.635 - INFO: <epoch: 28, iter: 465,800, lr:1.563e-06> l_back_rec: 3.6161e+02 l_forw_fit: 2.9152e+02 l_mi: 1.0000e+00 l_h: 4.6205e+03 
26-08-19 08:30:02.664 - INFO: <epoch: 28, iter: 465,900, lr:1.563e-06> l_back_rec: 3.8249e+02 l_forw_fit: 4.2049e+02 l_mi: 1.0000e+00 l_h: 5.8081e+03 
26-08-19 08:30:48.765 - INFO: <epoch: 28, iter: 466,000, lr:1.563e-06> l_back_rec: 3.9990e+02 l_forw_fit: 3.8734e+02 l_mi: 1.0000e+00 l_h: 4.6086e+03 
26-08-19 08:31:24.730 - INFO: # Validation # PSNR_Cover: 5.2263e+01, PSNR_Secret: 4.9128e+01, PSNR_Stego: 4.5851e+01
26-08-19 08:32:10.917 - INFO: <epoch: 28, iter: 466,100, lr:1.563e-06> l_back_rec: 3.9925e+02 l_forw_fit: 4.1967e+02 l_mi: 1.0000e+00 l_h: 5.6360e+03 
26-08-19 08:32:57.010 - INFO: <epoch: 28, iter: 466,200, lr:1.563e-06> l_back_rec: 4.2391e+02 l_forw_fit: 4.2344e+02 l_mi: 1.0000e+00 l_h: 5.8422e+03 
26-08-19 08:33:43.199 - INFO: <epoch: 28, iter: 466,300, lr:1.563e-06> l_back_rec: 3.9064e+02 l_forw_fit: 2.8405e+02 l_mi: 1.0000e+00 l_h: 4.3322e+03 
26-08-19 08:34:29.305 - INFO: <epoch: 28, iter: 466,400, lr:1.563e-06> l_back_rec: 4.2609e+02 l_forw_fit: 3.1764e+02 l_mi: 1.0000e+00 l_h: 5.0591e+03 
26-08-19 08:35:15.329 - INFO: <epoch: 28, iter: 466,500, lr:1.563e-06> l_back_rec: 3.6408e+02 l_forw_fit: 3.5651e+02 l_mi: 1.0000e+00 l_h: 4.8938e+03 
26-08-19 08:36:01.799 - INFO: <epoch: 28, iter: 466,600, lr:1.563e-06> l_back_rec: 3.6267e+02 l_forw_fit: 3.3399e+02 l_mi: 1.0000e+00 l_h: 5.2797e+03 
26-08-19 08:36:48.077 - INFO: <epoch: 28, iter: 466,700, lr:1.563e-06> l_back_rec: 4.6026e+02 l_forw_fit: 6.0894e+02 l_mi: 1.0000e+00 l_h: 7.5291e+03 
26-08-19 08:37:34.123 - INFO: <epoch: 28, iter: 466,800, lr:1.563e-06> l_back_rec: 4.0627e+02 l_forw_fit: 3.6503e+02 l_mi: 1.0000e+00 l_h: 5.5429e+03 
26-08-19 08:38:20.311 - INFO: <epoch: 28, iter: 466,900, lr:1.563e-06> l_back_rec: 4.6699e+02 l_forw_fit: 6.6274e+02 l_mi: 1.0000e+00 l_h: 6.8255e+03 
26-08-19 08:39:06.640 - INFO: <epoch: 28, iter: 467,000, lr:1.563e-06> l_back_rec: 3.1475e+02 l_forw_fit: 2.3182e+02 l_mi: 1.0000e+00 l_h: 4.1444e+03 
26-08-19 08:39:41.951 - INFO: # Validation # PSNR_Cover: 5.2241e+01, PSNR_Secret: 4.9169e+01, PSNR_Stego: 4.5879e+01
26-08-19 08:40:28.443 - INFO: <epoch: 28, iter: 467,100, lr:1.563e-06> l_back_rec: 3.7023e+02 l_forw_fit: 3.7902e+02 l_mi: 1.0000e+00 l_h: 5.5084e+03 
26-08-19 08:41:14.809 - INFO: <epoch: 28, iter: 467,200, lr:1.563e-06> l_back_rec: 3.7694e+02 l_forw_fit: 3.8280e+02 l_mi: 1.0000e+00 l_h: 5.2252e+03 
26-08-19 08:42:01.014 - INFO: <epoch: 28, iter: 467,300, lr:1.563e-06> l_back_rec: 3.5154e+02 l_forw_fit: 2.8295e+02 l_mi: 1.0000e+00 l_h: 4.5732e+03 
26-08-19 08:42:47.097 - INFO: <epoch: 28, iter: 467,400, lr:1.563e-06> l_back_rec: 3.7158e+02 l_forw_fit: 3.4944e+02 l_mi: 1.0000e+00 l_h: 5.2977e+03 
26-08-19 08:43:33.358 - INFO: <epoch: 28, iter: 467,500, lr:1.563e-06> l_back_rec: 3.6049e+02 l_forw_fit: 2.7845e+02 l_mi: 1.0000e+00 l_h: 4.2852e+03 
26-08-19 08:44:19.396 - INFO: <epoch: 28, iter: 467,600, lr:1.563e-06> l_back_rec: 3.8364e+02 l_forw_fit: 3.1412e+02 l_mi: 1.0000e+00 l_h: 4.8906e+03 
26-08-19 08:45:05.601 - INFO: <epoch: 28, iter: 467,700, lr:1.563e-06> l_back_rec: 4.8143e+02 l_forw_fit: 4.8418e+02 l_mi: 1.0000e+00 l_h: 5.6984e+03 
26-08-19 08:45:55.262 - INFO: <epoch: 28, iter: 467,800, lr:1.563e-06> l_back_rec: 4.7366e+02 l_forw_fit: 4.0417e+02 l_mi: 1.0000e+00 l_h: 5.8869e+03 
26-08-19 08:46:44.271 - INFO: <epoch: 28, iter: 467,900, lr:1.563e-06> l_back_rec: 3.5778e+02 l_forw_fit: 3.7880e+02 l_mi: 1.0000e+00 l_h: 5.5190e+03 
26-08-19 08:47:33.613 - INFO: <epoch: 28, iter: 468,000, lr:1.563e-06> l_back_rec: 3.4352e+02 l_forw_fit: 2.5026e+02 l_mi: 1.0000e+00 l_h: 4.3176e+03 
26-08-19 08:48:10.642 - INFO: # Validation # PSNR_Cover: 5.2253e+01, PSNR_Secret: 4.9180e+01, PSNR_Stego: 4.5835e+01
26-08-19 08:48:59.868 - INFO: <epoch: 28, iter: 468,100, lr:1.563e-06> l_back_rec: 4.1220e+02 l_forw_fit: 3.8941e+02 l_mi: 1.0000e+00 l_h: 5.7139e+03 
26-08-19 08:49:47.963 - INFO: <epoch: 28, iter: 468,200, lr:1.563e-06> l_back_rec: 3.4927e+02 l_forw_fit: 1.9745e+02 l_mi: 1.0000e+00 l_h: 4.0272e+03 
26-08-19 08:50:36.235 - INFO: <epoch: 28, iter: 468,300, lr:1.563e-06> l_back_rec: 4.4430e+02 l_forw_fit: 4.1104e+02 l_mi: 1.0000e+00 l_h: 6.1157e+03 
26-08-19 08:51:23.751 - INFO: <epoch: 28, iter: 468,400, lr:1.563e-06> l_back_rec: 3.9975e+02 l_forw_fit: 2.9801e+02 l_mi: 1.0000e+00 l_h: 4.9187e+03 
26-08-19 08:53:22.715 - INFO: <epoch: 29, iter: 468,500, lr:1.563e-06> l_back_rec: 3.3209e+02 l_forw_fit: 2.7366e+02 l_mi: 1.0000e+00 l_h: 4.7074e+03 
26-08-19 08:54:11.965 - INFO: <epoch: 29, iter: 468,600, lr:1.563e-06> l_back_rec: 3.9004e+02 l_forw_fit: 3.4706e+02 l_mi: 1.0000e+00 l_h: 5.4567e+03 
26-08-19 08:54:58.696 - INFO: <epoch: 29, iter: 468,700, lr:1.563e-06> l_back_rec: 4.1028e+02 l_forw_fit: 3.8818e+02 l_mi: 1.0000e+00 l_h: 5.6759e+03 
26-08-19 08:55:46.328 - INFO: <epoch: 29, iter: 468,800, lr:1.563e-06> l_back_rec: 4.1455e+02 l_forw_fit: 4.4923e+02 l_mi: 1.0000e+00 l_h: 6.2126e+03 
26-08-19 08:56:34.188 - INFO: <epoch: 29, iter: 468,900, lr:1.563e-06> l_back_rec: 4.0839e+02 l_forw_fit: 3.1629e+02 l_mi: 1.0000e+00 l_h: 4.7934e+03 
26-08-19 08:57:21.686 - INFO: <epoch: 29, iter: 469,000, lr:1.563e-06> l_back_rec: 4.3691e+02 l_forw_fit: 5.3258e+02 l_mi: 1.0000e+00 l_h: 7.3289e+03 
26-08-19 08:57:59.169 - INFO: # Validation # PSNR_Cover: 5.2257e+01, PSNR_Secret: 4.9176e+01, PSNR_Stego: 4.5889e+01
26-08-19 08:58:46.846 - INFO: <epoch: 29, iter: 469,100, lr:1.563e-06> l_back_rec: 3.3417e+02 l_forw_fit: 2.2359e+02 l_mi: 1.0000e+00 l_h: 4.1711e+03 
26-08-19 08:59:34.639 - INFO: <epoch: 29, iter: 469,200, lr:1.563e-06> l_back_rec: 3.8422e+02 l_forw_fit: 3.6355e+02 l_mi: 1.0000e+00 l_h: 4.5809e+03 
26-08-19 09:00:22.193 - INFO: <epoch: 29, iter: 469,300, lr:1.563e-06> l_back_rec: 3.7482e+02 l_forw_fit: 3.0318e+02 l_mi: 1.0000e+00 l_h: 4.9645e+03 
26-08-19 09:01:09.694 - INFO: <epoch: 29, iter: 469,400, lr:1.563e-06> l_back_rec: 4.7813e+02 l_forw_fit: 5.3381e+02 l_mi: 1.0000e+00 l_h: 7.0443e+03 
26-08-19 09:01:58.814 - INFO: <epoch: 29, iter: 469,500, lr:1.563e-06> l_back_rec: 6.8783e+02 l_forw_fit: 1.0282e+03 l_mi: 1.0000e+00 l_h: 1.0277e+04 
26-08-19 09:02:47.625 - INFO: <epoch: 29, iter: 469,600, lr:1.563e-06> l_back_rec: 4.0510e+02 l_forw_fit: 2.8708e+02 l_mi: 1.0000e+00 l_h: 5.0593e+03 
26-08-19 09:03:36.335 - INFO: <epoch: 29, iter: 469,700, lr:1.563e-06> l_back_rec: 4.8834e+02 l_forw_fit: 4.6690e+02 l_mi: 1.0000e+00 l_h: 6.5148e+03 
26-08-19 09:04:24.632 - INFO: <epoch: 29, iter: 469,800, lr:1.563e-06> l_back_rec: 4.3859e+02 l_forw_fit: 3.8736e+02 l_mi: 1.0000e+00 l_h: 5.5780e+03 
26-08-19 09:05:13.160 - INFO: <epoch: 29, iter: 469,900, lr:1.563e-06> l_back_rec: 3.6478e+02 l_forw_fit: 2.6219e+02 l_mi: 1.0000e+00 l_h: 4.5608e+03 
26-08-19 09:06:01.797 - INFO: <epoch: 29, iter: 470,000, lr:1.563e-06> l_back_rec: 4.0852e+02 l_forw_fit: 4.8365e+02 l_mi: 1.0000e+00 l_h: 5.7856e+03 
26-08-19 09:06:38.279 - INFO: # Validation # PSNR_Cover: 5.2268e+01, PSNR_Secret: 4.9160e+01, PSNR_Stego: 4.5888e+01
26-08-19 09:06:38.280 - INFO: Saving models and training states.
26-08-19 09:07:27.295 - INFO: <epoch: 29, iter: 470,100, lr:1.563e-06> l_back_rec: 3.9241e+02 l_forw_fit: 2.9676e+02 l_mi: 1.0000e+00 l_h: 4.9119e+03 
26-08-19 09:08:16.045 - INFO: <epoch: 29, iter: 470,200, lr:1.563e-06> l_back_rec: 3.7110e+02 l_forw_fit: 3.4571e+02 l_mi: 1.0000e+00 l_h: 4.7550e+03 
26-08-19 09:09:02.470 - INFO: <epoch: 29, iter: 470,300, lr:1.563e-06> l_back_rec: 3.5778e+02 l_forw_fit: 2.8733e+02 l_mi: 1.0000e+00 l_h: 4.6461e+03 
26-08-19 09:09:48.500 - INFO: <epoch: 29, iter: 470,400, lr:1.563e-06> l_back_rec: 3.9620e+02 l_forw_fit: 3.2219e+02 l_mi: 1.0000e+00 l_h: 5.1791e+03 
26-08-19 09:10:36.024 - INFO: <epoch: 29, iter: 470,500, lr:1.563e-06> l_back_rec: 3.8215e+02 l_forw_fit: 3.7668e+02 l_mi: 1.0000e+00 l_h: 5.4956e+03 
26-08-19 09:11:23.506 - INFO: <epoch: 29, iter: 470,600, lr:1.563e-06> l_back_rec: 4.7198e+02 l_forw_fit: 4.7422e+02 l_mi: 1.0000e+00 l_h: 6.6749e+03 
26-08-19 09:12:11.103 - INFO: <epoch: 29, iter: 470,700, lr:1.563e-06> l_back_rec: 4.1992e+02 l_forw_fit: 3.6822e+02 l_mi: 1.0000e+00 l_h: 4.6942e+03 
26-08-19 09:12:58.691 - INFO: <epoch: 29, iter: 470,800, lr:1.563e-06> l_back_rec: 4.5260e+02 l_forw_fit: 5.0733e+02 l_mi: 1.0000e+00 l_h: 6.5598e+03 
26-08-19 09:13:46.228 - INFO: <epoch: 29, iter: 470,900, lr:1.563e-06> l_back_rec: 3.9944e+02 l_forw_fit: 3.4212e+02 l_mi: 1.0000e+00 l_h: 5.4522e+03 
26-08-19 09:14:33.708 - INFO: <epoch: 29, iter: 471,000, lr:1.563e-06> l_back_rec: 3.4839e+02 l_forw_fit: 2.1028e+02 l_mi: 1.0000e+00 l_h: 4.0176e+03 
26-08-19 09:15:09.959 - INFO: # Validation # PSNR_Cover: 5.2274e+01, PSNR_Secret: 4.9179e+01, PSNR_Stego: 4.5869e+01
26-08-19 09:15:58.031 - INFO: <epoch: 29, iter: 471,100, lr:1.563e-06> l_back_rec: 4.0679e+02 l_forw_fit: 3.1201e+02 l_mi: 1.0000e+00 l_h: 5.3808e+03 
26-08-19 09:16:42.609 - INFO: <epoch: 29, iter: 471,200, lr:1.563e-06> l_back_rec: 3.5009e+02 l_forw_fit: 2.7445e+02 l_mi: 1.0000e+00 l_h: 4.6333e+03 
26-08-19 09:17:26.879 - INFO: <epoch: 29, iter: 471,300, lr:1.563e-06> l_back_rec: 3.8287e+02 l_forw_fit: 2.7801e+02 l_mi: 1.0000e+00 l_h: 4.6283e+03 
26-08-19 09:18:11.523 - INFO: <epoch: 29, iter: 471,400, lr:1.563e-06> l_back_rec: 3.8233e+02 l_forw_fit: 3.4798e+02 l_mi: 1.0000e+00 l_h: 5.7072e+03 
26-08-19 09:18:55.812 - INFO: <epoch: 29, iter: 471,500, lr:1.563e-06> l_back_rec: 4.1299e+02 l_forw_fit: 2.1632e+02 l_mi: 1.0000e+00 l_h: 3.8144e+03 
26-08-19 09:19:40.184 - INFO: <epoch: 29, iter: 471,600, lr:1.563e-06> l_back_rec: 4.0778e+02 l_forw_fit: 3.7197e+02 l_mi: 1.0000e+00 l_h: 4.8713e+03 
26-08-19 09:20:24.341 - INFO: <epoch: 29, iter: 471,700, lr:1.563e-06> l_back_rec: 3.5310e+02 l_forw_fit: 2.9065e+02 l_mi: 1.0000e+00 l_h: 4.9205e+03 
26-08-19 09:21:09.478 - INFO: <epoch: 29, iter: 471,800, lr:1.563e-06> l_back_rec: 4.3717e+02 l_forw_fit: 5.3949e+02 l_mi: 1.0000e+00 l_h: 6.7910e+03 
26-08-19 09:21:53.422 - INFO: <epoch: 29, iter: 471,900, lr:1.563e-06> l_back_rec: 3.4229e+02 l_forw_fit: 2.1927e+02 l_mi: 1.0000e+00 l_h: 4.1774e+03 
26-08-19 09:22:37.453 - INFO: <epoch: 29, iter: 472,000, lr:1.563e-06> l_back_rec: 4.1530e+02 l_forw_fit: 4.8599e+02 l_mi: 1.0000e+00 l_h: 6.4645e+03 
26-08-19 09:23:12.798 - INFO: # Validation # PSNR_Cover: 5.2230e+01, PSNR_Secret: 4.9180e+01, PSNR_Stego: 4.5892e+01
26-08-19 09:23:56.742 - INFO: <epoch: 29, iter: 472,100, lr:1.563e-06> l_back_rec: 4.2124e+02 l_forw_fit: 3.1473e+02 l_mi: 1.0000e+00 l_h: 4.5102e+03 
26-08-19 09:24:40.995 - INFO: <epoch: 29, iter: 472,200, lr:1.563e-06> l_back_rec: 4.3540e+02 l_forw_fit: 4.2586e+02 l_mi: 1.0000e+00 l_h: 5.7839e+03 
26-08-19 09:25:25.743 - INFO: <epoch: 29, iter: 472,300, lr:1.563e-06> l_back_rec: 4.1541e+02 l_forw_fit: 3.3183e+02 l_mi: 1.0000e+00 l_h: 5.0360e+03 
26-08-19 09:26:12.646 - INFO: <epoch: 29, iter: 472,400, lr:1.563e-06> l_back_rec: 4.1618e+02 l_forw_fit: 3.4853e+02 l_mi: 1.0000e+00 l_h: 5.2923e+03 
26-08-19 09:27:02.072 - INFO: <epoch: 29, iter: 472,500, lr:1.563e-06> l_back_rec: 4.1389e+02 l_forw_fit: 3.0481e+02 l_mi: 1.0000e+00 l_h: 4.6401e+03 
26-08-19 09:27:50.221 - INFO: <epoch: 29, iter: 472,600, lr:1.563e-06> l_back_rec: 3.4541e+02 l_forw_fit: 2.5374e+02 l_mi: 1.0000e+00 l_h: 4.5126e+03 
26-08-19 09:28:38.348 - INFO: <epoch: 29, iter: 472,700, lr:1.563e-06> l_back_rec: 3.5607e+02 l_forw_fit: 3.4087e+02 l_mi: 1.0000e+00 l_h: 5.1997e+03 
26-08-19 09:29:25.847 - INFO: <epoch: 29, iter: 472,800, lr:1.563e-06> l_back_rec: 3.3896e+02 l_forw_fit: 2.3588e+02 l_mi: 1.0000e+00 l_h: 4.4261e+03 
26-08-19 09:30:13.611 - INFO: <epoch: 29, iter: 472,900, lr:1.563e-06> l_back_rec: 4.7102e+02 l_forw_fit: 7.2911e+02 l_mi: 1.0000e+00 l_h: 1.0105e+04 
26-08-19 09:31:01.390 - INFO: <epoch: 29, iter: 473,000, lr:1.563e-06> l_back_rec: 3.7976e+02 l_forw_fit: 2.6196e+02 l_mi: 1.0000e+00 l_h: 4.6113e+03 
26-08-19 09:31:37.572 - INFO: # Validation # PSNR_Cover: 5.2252e+01, PSNR_Secret: 4.9091e+01, PSNR_Stego: 4.5936e+01
26-08-19 09:32:25.083 - INFO: <epoch: 29, iter: 473,100, lr:1.563e-06> l_back_rec: 3.8485e+02 l_forw_fit: 3.4238e+02 l_mi: 1.0000e+00 l_h: 4.9910e+03 
26-08-19 09:33:12.941 - INFO: <epoch: 29, iter: 473,200, lr:1.563e-06> l_back_rec: 3.4501e+02 l_forw_fit: 2.8842e+02 l_mi: 1.0000e+00 l_h: 4.7781e+03 
26-08-19 09:34:00.716 - INFO: <epoch: 29, iter: 473,300, lr:1.563e-06> l_back_rec: 4.4847e+02 l_forw_fit: 6.9254e+02 l_mi: 1.0000e+00 l_h: 7.1598e+03 
26-08-19 09:34:48.326 - INFO: <epoch: 29, iter: 473,400, lr:1.563e-06> l_back_rec: 3.7222e+02 l_forw_fit: 3.4255e+02 l_mi: 1.0000e+00 l_h: 4.8488e+03 
26-08-19 09:35:36.230 - INFO: <epoch: 29, iter: 473,500, lr:1.563e-06> l_back_rec: 3.9496e+02 l_forw_fit: 5.8706e+02 l_mi: 1.0000e+00 l_h: 6.9807e+03 
26-08-19 09:36:23.711 - INFO: <epoch: 29, iter: 473,600, lr:1.563e-06> l_back_rec: 3.8898e+02 l_forw_fit: 5.3441e+02 l_mi: 1.0000e+00 l_h: 5.7548e+03 
26-08-19 09:37:11.864 - INFO: <epoch: 29, iter: 473,700, lr:1.563e-06> l_back_rec: 3.4582e+02 l_forw_fit: 2.3966e+02 l_mi: 1.0000e+00 l_h: 4.3507e+03 
26-08-19 09:37:59.615 - INFO: <epoch: 29, iter: 473,800, lr:1.563e-06> l_back_rec: 4.1727e+02 l_forw_fit: 4.0511e+02 l_mi: 1.0000e+00 l_h: 5.7105e+03 
26-08-19 09:38:47.422 - INFO: <epoch: 29, iter: 473,900, lr:1.563e-06> l_back_rec: 3.5668e+02 l_forw_fit: 3.7205e+02 l_mi: 1.0000e+00 l_h: 4.8932e+03 
26-08-19 09:39:35.142 - INFO: <epoch: 29, iter: 474,000, lr:1.563e-06> l_back_rec: 3.9576e+02 l_forw_fit: 2.9214e+02 l_mi: 1.0000e+00 l_h: 4.8963e+03 
26-08-19 09:40:11.444 - INFO: # Validation # PSNR_Cover: 5.2273e+01, PSNR_Secret: 4.9195e+01, PSNR_Stego: 4.5857e+01
26-08-19 09:41:00.449 - INFO: <epoch: 29, iter: 474,100, lr:1.563e-06> l_back_rec: 3.8845e+02 l_forw_fit: 5.2117e+02 l_mi: 1.0000e+00 l_h: 5.6233e+03 
26-08-19 09:41:47.883 - INFO: <epoch: 29, iter: 474,200, lr:1.563e-06> l_back_rec: 3.8849e+02 l_forw_fit: 3.4569e+02 l_mi: 1.0000e+00 l_h: 5.0428e+03 
26-08-19 09:42:34.413 - INFO: <epoch: 29, iter: 474,300, lr:1.563e-06> l_back_rec: 4.7361e+02 l_forw_fit: 4.2175e+02 l_mi: 1.0000e+00 l_h: 5.5563e+03 
26-08-19 09:43:26.535 - INFO: <epoch: 29, iter: 474,400, lr:1.563e-06> l_back_rec: 3.3120e+02 l_forw_fit: 2.1670e+02 l_mi: 1.0000e+00 l_h: 3.9470e+03 
26-08-19 09:44:16.696 - INFO: <epoch: 29, iter: 474,500, lr:1.563e-06> l_back_rec: 3.7337e+02 l_forw_fit: 3.0563e+02 l_mi: 1.0000e+00 l_h: 5.0016e+03 
26-08-19 09:45:04.302 - INFO: <epoch: 29, iter: 474,600, lr:1.563e-06> l_back_rec: 3.7342e+02 l_forw_fit: 3.2247e+02 l_mi: 1.0000e+00 l_h: 4.9386e+03 
